datetime,open,high,low,close,volume
2026-02-01T22:30:00+00:00,185.25749999999988,185.3394999999999,185.1294999999999,185.16249999999988,2452
2026-02-01T23:00:00+00:00,185.16249999999988,185.3614999999999,185.1614999999999,185.2054999999999,10078
2026-02-01T23:30:00+00:00,185.2054999999999,185.2254999999999,184.9994999999999,185.0714999999999,12580
2026-02-02T00:00:00+00:00,185.0714999999999,185.2324999999999,184.88349999999988,185.1674999999999,16055
2026-02-02T00:30:00+00:00,185.1674999999999,185.4174999999999,185.1354999999999,185.4054999999999,13712
2026-02-02T01:00:00+00:00,185.4054999999999,185.4744999999999,185.28249999999989,185.32949999999988,14844
2026-02-02T01:30:00+00:00,185.32949999999988,185.3684999999999,185.2134999999999,185.2374999999999,12907
2026-02-02T02:00:00+00:00,185.2374999999999,185.2684999999999,185.0124999999999,185.1554999999999,12855
2026-02-02T02:30:00+00:00,185.1554999999999,185.2554999999999,185.1114999999999,185.2444999999999,9580
2026-02-02T03:00:00+00:00,185.2444999999999,185.29349999999988,185.1124999999999,185.20449999999988,8140
2026-02-02T03:30:00+00:00,185.20449999999988,185.24549999999988,185.0574999999999,185.0644999999999,9967
2026-02-02T04:00:00+00:00,185.0644999999999,185.08549999999988,184.8874999999999,184.9154999999999,10014
2026-02-02T04:30:00+00:00,184.9154999999999,184.97749999999988,184.8314999999999,184.8904999999999,6260
2026-02-02T05:00:00+00:00,184.8904999999999,184.9674999999999,184.7714999999999,184.8424999999999,7389
2026-02-02T05:30:00+00:00,184.8424999999999,184.8974999999999,184.6434999999999,184.75749999999988,11030
2026-02-02T06:00:00+00:00,184.75749999999988,184.8254999999999,184.53249999999989,184.6064999999999,12766
2026-02-02T06:30:00+00:00,184.6064999999999,184.65749999999989,184.3844999999999,184.4504999999999,13084
2026-02-02T07:00:00+00:00,184.4504999999999,184.8434999999999,184.4144999999999,184.7784999999999,12728
2026-02-02T07:30:00+00:00,184.7784999999999,184.8634999999999,184.6124999999999,184.8094999999999,9254
2026-02-02T08:00:00+00:00,184.8094999999999,185.1114999999999,184.7094999999999,185.02049999999988,13177
2026-02-02T08:30:00+00:00,185.02049999999988,185.0534999999999,184.8144999999999,184.84649999999988,10041
2026-02-02T09:00:00+00:00,184.84649999999988,184.8754999999999,184.6974999999999,184.8274999999999,10822
2026-02-02T09:30:00+00:00,184.8274999999999,184.8794999999999,184.7264999999999,184.7954999999999,10703
2026-02-02T10:00:00+00:00,184.7954999999999,184.9814999999999,184.7494999999999,184.9804999999999,8792
2026-02-02T10:30:00+00:00,184.9804999999999,184.98449999999988,184.80549999999988,184.81749999999988,9445
2026-02-02T11:00:00+00:00,184.81749999999988,184.9024999999999,184.79449999999989,184.8804999999999,8707
2026-02-02T11:30:00+00:00,184.8804999999999,184.93649999999988,184.8044999999999,184.8064999999999,9691
2026-02-02T12:00:00+00:00,184.8064999999999,184.89549999999988,184.75749999999988,184.8274999999999,13756
2026-02-02T12:30:00+00:00,184.8274999999999,184.86449999999988,184.7474999999999,184.8004999999999,13043
2026-02-02T13:00:00+00:00,184.8004999999999,184.8124999999999,184.7024999999999,184.8074999999999,13786
2026-02-02T13:30:00+00:00,184.8074999999999,184.82349999999988,184.66849999999988,184.6874999999999,12254
2026-02-02T14:00:00+00:00,184.6874999999999,184.72749999999988,184.5694999999999,184.69249999999988,10935
2026-02-02T14:30:00+00:00,184.69249999999988,184.9114999999999,184.6644999999999,184.7774999999999,15920
2026-02-02T15:00:00+00:00,184.7774999999999,184.95449999999988,184.73449999999988,184.8004999999999,20748
2026-02-02T15:30:00+00:00,184.8004999999999,184.91849999999988,184.7324999999999,184.77049999999988,20322
2026-02-02T16:00:00+00:00,184.77049999999988,184.85949999999988,184.6994999999999,184.7494999999999,16100
2026-02-02T16:30:00+00:00,184.7494999999999,184.8434999999999,184.72249999999988,184.79349999999988,12377
2026-02-02T17:00:00+00:00,184.79349999999988,184.85949999999988,184.6874999999999,184.7204999999999,9608
2026-02-02T17:30:00+00:00,184.7204999999999,184.7624999999999,184.6404999999999,184.6964999999999,9785
2026-02-02T18:00:00+00:00,184.6964999999999,184.72749999999988,184.6314999999999,184.7004999999999,9540
2026-02-02T18:30:00+00:00,184.7004999999999,184.74649999999988,184.5354999999999,184.5654999999999,5778
2026-02-02T19:00:00+00:00,184.5654999999999,184.6584999999999,184.5594999999999,184.6424999999999,6088
2026-02-02T19:30:00+00:00,184.6424999999999,184.72249999999988,184.63849999999988,184.66349999999989,6465
2026-02-02T20:00:00+00:00,184.66349999999989,184.69249999999988,184.5634999999999,184.6054999999999,5686
2026-02-02T20:30:00+00:00,184.6054999999999,184.65649999999988,184.5544999999999,184.6534999999999,5073
2026-02-02T21:00:00+00:00,184.6534999999999,184.7064999999999,184.6004999999999,184.6814999999999,3075
2026-02-02T21:30:00+00:00,184.6814999999999,184.7084999999999,184.6234999999999,184.68049999999988,2748
2026-02-02T22:00:00+00:00,184.68049999999988,184.6824999999999,184.5624999999999,184.59149999999988,873.4906002069263
2026-02-02T22:30:00+00:00,184.59149999999988,184.65049999999988,184.5604999999999,184.5644999999999,4997
2026-02-02T23:00:00+00:00,184.5644999999999,184.6814999999999,184.5414999999999,184.6644999999999,3233
2026-02-02T23:30:00+00:00,184.6644999999999,184.6814999999999,184.5404999999999,184.6174999999999,4161
2026-02-03T00:00:00+00:00,184.6174999999999,184.8024999999999,184.6124999999999,184.7614999999999,7766
2026-02-03T00:30:00+00:00,184.7614999999999,184.8494999999999,184.7004999999999,184.73349999999988,6991
2026-02-03T01:00:00+00:00,184.73349999999988,184.9164999999999,184.6854999999999,184.8124999999999,9040
2026-02-03T01:30:00+00:00,184.8124999999999,184.9094999999999,184.8084999999999,184.8544999999999,7134
2026-02-03T02:00:00+00:00,184.8544999999999,184.8544999999999,184.65049999999988,184.7064999999999,8115
2026-02-03T02:30:00+00:00,184.7064999999999,184.7604999999999,184.6554999999999,184.7374999999999,5504
2026-02-03T03:00:00+00:00,184.7374999999999,184.77549999999988,184.6594999999999,184.6964999999999,4894
2026-02-03T03:30:00+00:00,184.6964999999999,184.8164999999999,184.6854999999999,184.7864999999999,8839
2026-02-03T04:00:00+00:00,184.7864999999999,184.8614999999999,184.6814999999999,184.6844999999999,6459
2026-02-03T04:30:00+00:00,184.6844999999999,184.7364999999999,184.6524999999999,184.7134999999999,5061
2026-02-03T05:00:00+00:00,184.7134999999999,184.7734999999999,184.6754999999999,184.7354999999999,5219
2026-02-03T05:30:00+00:00,184.7354999999999,184.7794999999999,184.6724999999999,184.7254999999999,5347
2026-02-03T06:00:00+00:00,184.7254999999999,184.8514999999999,184.6654999999999,184.8334999999999,5544
2026-02-03T06:30:00+00:00,184.8334999999999,184.87749999999988,184.72249999999988,184.7924999999999,6534
2026-02-03T07:00:00+00:00,184.7924999999999,184.9464999999999,184.7494999999999,184.8664999999999,8975
2026-02-03T07:30:00+00:00,184.8664999999999,184.9284999999999,184.7564999999999,184.7924999999999,9609
2026-02-03T08:00:00+00:00,184.7924999999999,184.9054999999999,184.7384999999999,184.82849999999988,11674
2026-02-03T08:30:00+00:00,184.82849999999988,184.98349999999988,184.7744999999999,184.9094999999999,10411
2026-02-03T09:00:00+00:00,184.9094999999999,185.06749999999988,184.8324999999999,184.9704999999999,12919
2026-02-03T09:30:00+00:00,184.9704999999999,185.05549999999988,184.93049999999988,184.98949999999988,11785
2026-02-03T10:00:00+00:00,184.98949999999988,185.0484999999999,184.9174999999999,185.0154999999999,8030
2026-02-03T10:30:00+00:00,185.0154999999999,185.03849999999989,184.91949999999989,184.97149999999988,9154
2026-02-03T11:00:00+00:00,184.97149999999988,185.07349999999988,184.9504999999999,185.03149999999988,8436
2026-02-03T11:30:00+00:00,185.03149999999988,185.0584999999999,184.9624999999999,185.00149999999988,5836
2026-02-03T12:00:00+00:00,185.00149999999988,185.0864999999999,184.9744999999999,185.0474999999999,8391
2026-02-03T12:30:00+00:00,185.0474999999999,185.1374999999999,185.02549999999988,185.06149999999988,8767
2026-02-03T13:00:00+00:00,185.06149999999988,185.1314999999999,185.0124999999999,185.0184999999999,10134
2026-02-03T13:30:00+00:00,185.0184999999999,185.0984999999999,184.9994999999999,185.0624999999999,8357
2026-02-03T14:00:00+00:00,185.0624999999999,185.12049999999988,184.9524999999999,185.07349999999988,12065
2026-02-03T14:30:00+00:00,185.07349999999988,185.1434999999999,184.95349999999988,184.96049999999988,14692
2026-02-03T15:00:00+00:00,184.96049999999988,185.1674999999999,184.9084999999999,185.14449999999988,16442
2026-02-03T15:30:00+00:00,185.14449999999988,185.1844999999999,185.0574999999999,185.12749999999988,13942
2026-02-03T16:00:00+00:00,185.12749999999988,185.2244999999999,185.1164999999999,185.15149999999988,11486
2026-02-03T16:30:00+00:00,185.15149999999988,185.2684999999999,185.1054999999999,185.1994999999999,11848
2026-02-03T17:00:00+00:00,185.1994999999999,185.25249999999988,185.10849999999988,185.1354999999999,10010
2026-02-03T17:30:00+00:00,185.1354999999999,185.1964999999999,185.06149999999988,185.1874999999999,6714
2026-02-03T18:00:00+00:00,185.1874999999999,185.2484999999999,185.1434999999999,185.2084999999999,6979
2026-02-03T18:30:00+00:00,185.2084999999999,185.23949999999988,184.9824999999999,184.98949999999988,7571
2026-02-03T19:00:00+00:00,184.98949999999988,185.1654999999999,184.9644999999999,185.1004999999999,7026
2026-02-03T19:30:00+00:00,185.1004999999999,185.2474999999999,185.0754999999999,185.2074999999999,5101
2026-02-03T20:00:00+00:00,185.2074999999999,185.2554999999999,185.1654999999999,185.2064999999999,4238
2026-02-03T20:30:00+00:00,185.2064999999999,185.2954999999999,185.1934999999999,185.2734999999999,5127
2026-02-03T21:00:00+00:00,185.2734999999999,185.3614999999999,185.2594999999999,185.3374999999999,3106
2026-02-03T21:30:00+00:00,185.3374999999999,185.37749999999988,185.21649999999988,185.21649999999988,2857
2026-02-03T22:00:00+00:00,185.21649999999988,185.3434999999999,185.20449999999988,185.2744999999999,608.8759149836847
2026-02-03T22:30:00+00:00,185.2744999999999,185.3554999999999,185.2744999999999,185.30649999999991,2802
2026-02-03T23:00:00+00:00,185.30649999999991,185.3864999999999,185.2424999999999,185.3334999999999,2225
2026-02-03T23:30:00+00:00,185.3334999999999,185.36649999999992,185.2914999999999,185.3404999999999,3026
2026-02-04T00:00:00+00:00,185.3404999999999,185.4424999999999,185.2824999999999,185.4244999999999,5870
2026-02-04T00:30:00+00:00,185.4244999999999,185.6144999999999,185.4144999999999,185.5824999999999,8072
2026-02-04T01:00:00+00:00,185.5824999999999,185.84849999999992,185.57449999999992,185.83649999999992,9610
2026-02-04T01:30:00+00:00,185.83649999999992,185.9934999999999,185.7794999999999,185.8954999999999,7229
2026-02-04T02:00:00+00:00,185.8954999999999,186.0024999999999,185.8884999999999,185.93749999999991,5999
2026-02-04T02:30:00+00:00,185.93749999999991,186.0164999999999,185.9214999999999,185.9864999999999,4897
2026-02-04T03:00:00+00:00,185.9864999999999,186.1634999999999,185.9814999999999,186.12849999999992,5207
2026-02-04T03:30:00+00:00,186.12849999999992,186.1584999999999,186.0324999999999,186.1294999999999,4723
2026-02-04T04:00:00+00:00,186.1294999999999,186.2004999999999,186.0794999999999,186.0954999999999,3944
2026-02-04T04:30:00+00:00,186.0954999999999,186.2164999999999,186.0954999999999,186.2124999999999,3689
2026-02-04T05:00:00+00:00,186.2124999999999,186.30049999999991,186.1704999999999,186.1714999999999,4496
2026-02-04T05:30:00+00:00,186.1714999999999,186.2344999999999,186.1414999999999,186.1984999999999,4361
2026-02-04T06:00:00+00:00,186.1984999999999,186.2624999999999,186.1324999999999,186.1624999999999,5445
2026-02-04T06:30:00+00:00,186.1624999999999,186.2784999999999,186.1394999999999,186.2124999999999,5216
2026-02-04T07:00:00+00:00,186.2124999999999,186.31249999999991,186.2004999999999,186.3034999999999,7122
2026-02-04T07:30:00+00:00,186.3034999999999,186.37249999999992,186.2424999999999,186.3294999999999,6468
2026-02-04T08:00:00+00:00,186.3294999999999,186.4134999999999,186.2244999999999,186.3524999999999,9014
2026-02-04T08:30:00+00:00,186.3524999999999,186.36049999999992,186.2664999999999,186.3214999999999,9149
2026-02-04T09:00:00+00:00,186.3214999999999,186.3804999999999,186.2374999999999,186.3134999999999,8118
2026-02-04T09:30:00+00:00,186.3134999999999,186.3754999999999,186.2404999999999,186.3014999999999,9357
2026-02-04T10:00:00+00:00,186.3014999999999,186.4084999999999,186.2784999999999,186.3594999999999,7297
2026-02-04T10:30:00+00:00,186.3594999999999,186.4204999999999,186.2894999999999,186.4074999999999,8645
2026-02-04T11:00:00+00:00,186.4074999999999,186.4484999999999,186.3804999999999,186.4154999999999,9243
2026-02-04T11:30:00+00:00,186.4154999999999,186.4634999999999,186.4014999999999,186.4594999999999,7143
2026-02-04T12:00:00+00:00,186.4594999999999,186.4894999999999,186.3954999999999,186.4084999999999,6652
2026-02-04T12:30:00+00:00,186.4084999999999,186.4964999999999,186.3694999999999,186.4084999999999,6486
2026-02-04T13:00:00+00:00,186.4084999999999,186.4484999999999,186.3174999999999,186.3924999999999,10825
2026-02-04T13:30:00+00:00,186.3924999999999,186.4924999999999,186.2254999999999,186.2464999999999,13095
2026-02-04T14:00:00+00:00,186.2464999999999,186.24749999999992,186.0154999999999,186.1174999999999,13017
2026-02-04T14:30:00+00:00,186.1174999999999,186.2254999999999,185.9994999999999,186.0754999999999,16055
2026-02-04T15:00:00+00:00,186.0754999999999,186.2714999999999,186.0164999999999,186.1764999999999,17996
2026-02-04T15:30:00+00:00,186.1764999999999,186.22349999999992,186.0054999999999,186.0464999999999,16529
2026-02-04T16:00:00+00:00,186.0464999999999,186.1504999999999,185.95549999999992,186.12849999999992,13261
2026-02-04T16:30:00+00:00,186.12849999999992,186.1594999999999,185.9714999999999,186.1014999999999,12788
2026-02-04T17:00:00+00:00,186.1014999999999,186.1904999999999,185.9984999999999,186.0214999999999,9386
2026-02-04T17:30:00+00:00,186.0214999999999,186.1144999999999,185.9244999999999,186.0854999999999,11538
2026-02-04T18:00:00+00:00,186.0854999999999,186.2014999999999,186.0514999999999,186.1444999999999,7825
2026-02-04T18:30:00+00:00,186.1444999999999,186.2704999999999,186.1294999999999,186.2634999999999,5395
2026-02-04T19:00:00+00:00,186.2634999999999,186.3404999999999,186.1634999999999,186.3384999999999,7629
2026-02-04T19:30:00+00:00,186.3384999999999,186.4654999999999,186.3374999999999,186.4444999999999,6385
2026-02-04T20:00:00+00:00,186.4444999999999,186.4904999999999,186.4144999999999,186.47349999999992,3765
2026-02-04T20:30:00+00:00,186.47349999999992,186.5114999999999,186.4514999999999,186.4784999999999,4800
2026-02-04T21:00:00+00:00,186.4784999999999,186.4944999999999,186.4534999999999,186.4834999999999,2573
2026-02-04T21:30:00+00:00,186.4834999999999,186.5284999999999,186.4114999999999,186.4294999999999,2969
2026-02-04T22:00:00+00:00,186.4294999999999,186.4294999999999,186.2904999999999,186.3504999999999,786.7325560211332
2026-02-04T22:30:00+00:00,186.3504999999999,186.4304999999999,186.30749999999992,186.3624999999999,2596
2026-02-04T23:00:00+00:00,186.3624999999999,186.4334999999999,186.34949999999992,186.3754999999999,2404
2026-02-04T23:30:00+00:00,186.3754999999999,186.46149999999992,186.3694999999999,186.41449999999992,3146
2026-02-05T00:00:00+00:00,186.41449999999992,186.48049999999992,186.3834999999999,186.4594999999999,4953
2026-02-05T00:30:00+00:00,186.4594999999999,186.4844999999999,186.21249999999992,186.31949999999992,6243
2026-02-05T01:00:00+00:00,186.31949999999992,186.4894999999999,186.31949999999992,186.4844999999999,7030
2026-02-05T01:30:00+00:00,186.4844999999999,186.5254999999999,186.3824999999999,186.4014999999999,5172
2026-02-05T02:00:00+00:00,186.4014999999999,186.45649999999992,186.1774999999999,186.23649999999992,9335
2026-02-05T02:30:00+00:00,186.23649999999992,186.2674999999999,186.12949999999992,186.1414999999999,8548
2026-02-05T03:00:00+00:00,186.1414999999999,186.1844999999999,186.0854999999999,186.1084999999999,8182
2026-02-05T03:30:00+00:00,186.1084999999999,186.1214999999999,185.9344999999999,186.0944999999999,6967
2026-02-05T04:00:00+00:00,186.0944999999999,186.16449999999992,186.0904999999999,186.12849999999992,4363
2026-02-05T04:30:00+00:00,186.12849999999992,186.18249999999992,186.0904999999999,186.0904999999999,3943
2026-02-05T05:00:00+00:00,186.0904999999999,186.1514999999999,186.0904999999999,186.1264999999999,3360
2026-02-05T05:30:00+00:00,186.1264999999999,186.32549999999992,186.10549999999992,186.3234999999999,4167
2026-02-05T06:00:00+00:00,186.3234999999999,186.4034999999999,186.1394999999999,186.2264999999999,8786
2026-02-05T06:30:00+00:00,186.2264999999999,186.36649999999992,186.18249999999992,186.36649999999992,5697
2026-02-05T07:00:00+00:00,186.36649999999992,186.6474999999999,186.3584999999999,186.6084999999999,7574
2026-02-05T07:30:00+00:00,186.6084999999999,186.7434999999999,186.5594999999999,186.6074999999999,8454
2026-02-05T08:00:00+00:00,186.6074999999999,186.75349999999992,186.5704999999999,186.6154999999999,10914
2026-02-05T08:30:00+00:00,186.6154999999999,186.6614999999999,186.5114999999999,186.5544999999999,14524
2026-02-05T09:00:00+00:00,186.5544999999999,186.68249999999992,186.49749999999992,186.61149999999992,15193
2026-02-05T09:30:00+00:00,186.61149999999992,186.6784999999999,186.53949999999992,186.5854999999999,11188
2026-02-05T10:00:00+00:00,186.5854999999999,186.66449999999992,186.5674999999999,186.60549999999992,9652
2026-02-05T10:30:00+00:00,186.60549999999992,186.65849999999992,186.54549999999992,186.59949999999992,5812
2026-02-05T11:00:00+00:00,186.59949999999992,186.6474999999999,186.54549999999992,186.55649999999991,7287
2026-02-05T11:30:00+00:00,186.55649999999991,186.6004999999999,186.53349999999992,186.5834999999999,6020
2026-02-05T12:00:00+00:00,186.5834999999999,186.6734999999999,186.50949999999992,186.5594999999999,14051
2026-02-05T12:30:00+00:00,186.5594999999999,186.5964999999999,186.3054999999999,186.4364999999999,20953
2026-02-05T13:00:00+00:00,186.4364999999999,186.4464999999999,186.2044999999999,186.2664999999999,16420
2026-02-05T13:30:00+00:00,186.2664999999999,186.2934999999999,186.11149999999992,186.2084999999999,20018
2026-02-05T14:00:00+00:00,186.2084999999999,186.47349999999992,186.1574999999999,186.4094999999999,21423
2026-02-05T14:30:00+00:00,186.4094999999999,186.5194999999999,186.30749999999992,186.3294999999999,17262
2026-02-05T15:00:00+00:00,186.3294999999999,186.4354999999999,186.0654999999999,186.09349999999992,21742
2026-02-05T15:30:00+00:00,186.09349999999992,186.23049999999992,185.80049999999991,186.1744999999999,19608
2026-02-05T16:00:00+00:00,186.1744999999999,186.3444999999999,186.0644999999999,186.2734999999999,13984
2026-02-05T16:30:00+00:00,186.2734999999999,186.43149999999991,186.2704999999999,186.42549999999991,11512
2026-02-05T17:00:00+00:00,186.42549999999991,186.4524999999999,186.3104999999999,186.4244999999999,6938
2026-02-05T17:30:00+00:00,186.4244999999999,186.4354999999999,186.2854999999999,186.2864999999999,5771
2026-02-05T18:00:00+00:00,186.2864999999999,186.3644999999999,186.2684999999999,186.30149999999992,5088
2026-02-05T18:30:00+00:00,186.30149999999992,186.3474999999999,186.2094999999999,186.2224999999999,4173
2026-02-05T19:00:00+00:00,186.2224999999999,186.3084999999999,186.20649999999992,186.2704999999999,4062
2026-02-05T19:30:00+00:00,186.2704999999999,186.30649999999991,186.1984999999999,186.2944999999999,4080
2026-02-05T20:00:00+00:00,186.2944999999999,186.32449999999992,186.2264999999999,186.25349999999992,4445
2026-02-05T20:30:00+00:00,186.25349999999992,186.29549999999992,186.2134999999999,186.2574999999999,4470
2026-02-05T21:00:00+00:00,186.2574999999999,186.30049999999991,186.19349999999991,186.2874999999999,3667
2026-02-05T21:30:00+00:00,186.2874999999999,186.3264999999999,186.14049999999992,186.1604999999999,3013
2026-02-05T22:00:00+00:00,186.1604999999999,186.1604999999999,185.8694999999999,186.0774999999999,741.2784673782301
2026-02-05T22:30:00+00:00,186.0774999999999,186.0954999999999,186.05249999999992,186.06949999999992,1370
2026-02-05T23:00:00+00:00,186.06949999999992,186.08149999999992,185.8474999999999,185.87949999999992,3508
2026-02-05T23:30:00+00:00,185.87949999999992,185.93949999999992,185.6674999999999,185.7374999999999,7446
2026-02-06T00:00:00+00:00,185.7374999999999,185.74149999999992,185.4344999999999,185.6554999999999,11784
2026-02-06T00:30:00+00:00,185.6554999999999,185.7574999999999,185.5964999999999,185.6574999999999,10258
2026-02-06T01:00:00+00:00,185.6574999999999,185.78349999999992,185.49849999999992,185.51649999999992,10281
2026-02-06T01:30:00+00:00,185.51649999999992,185.7384999999999,185.4644999999999,185.7034999999999,9799
2026-02-06T02:00:00+00:00,185.7034999999999,185.94449999999992,185.6904999999999,185.9414999999999,7111
2026-02-06T02:30:00+00:00,185.9414999999999,185.9594999999999,185.8234999999999,185.8294999999999,5018
2026-02-06T03:00:00+00:00,185.8294999999999,185.8684999999999,185.80649999999991,185.8414999999999,4472
2026-02-06T03:30:00+00:00,185.8414999999999,185.8684999999999,185.76049999999992,185.8334999999999,5017
2026-02-06T04:00:00+00:00,185.8334999999999,185.86049999999992,185.7644999999999,185.80849999999992,3631
2026-02-06T04:30:00+00:00,185.80849999999992,185.89049999999992,185.7764999999999,185.8454999999999,4939
2026-02-06T05:00:00+00:00,185.8454999999999,185.8954999999999,185.8114999999999,185.86049999999992,4694
2026-02-06T05:30:00+00:00,185.86049999999992,186.03449999999992,185.85449999999992,186.02849999999992,6167
2026-02-06T06:00:00+00:00,186.02849999999992,186.20549999999992,186.0184999999999,186.1684999999999,7069
2026-02-06T06:30:00+00:00,186.1684999999999,186.2194999999999,186.0254999999999,186.0414999999999,6742
2026-02-06T07:00:00+00:00,186.0414999999999,186.05049999999991,185.8394999999999,185.97349999999992,6709
2026-02-06T07:30:00+00:00,185.97349999999992,186.0734999999999,185.9244999999999,186.0734999999999,6730
2026-02-06T08:00:00+00:00,186.0734999999999,186.1184999999999,185.9124999999999,185.93149999999991,10580
2026-02-06T08:30:00+00:00,185.93149999999991,186.21349999999993,185.93149999999991,186.2044999999999,8373
2026-02-06T09:00:00+00:00,186.2044999999999,186.3334999999999,186.19949999999992,186.26649999999992,8190
2026-02-06T09:30:00+00:00,186.26649999999992,186.36049999999992,186.2164999999999,186.27249999999992,7374
2026-02-06T10:00:00+00:00,186.27249999999992,186.36649999999992,186.17749999999992,186.17749999999992,5500
2026-02-06T10:30:00+00:00,186.17749999999992,186.1984999999999,186.1124999999999,186.16549999999992,5865
2026-02-06T11:00:00+00:00,186.16549999999992,186.3214999999999,186.15949999999992,186.26049999999992,7643
2026-02-06T11:30:00+00:00,186.26049999999992,186.3034999999999,186.21249999999992,186.2394999999999,6144
2026-02-06T12:00:00+00:00,186.2394999999999,186.30849999999992,186.1724999999999,186.2584999999999,6017
2026-02-06T12:30:00+00:00,186.2584999999999,186.3744999999999,186.2504999999999,186.31849999999991,5532
2026-02-06T13:00:00+00:00,186.31849999999991,186.4464999999999,186.3104999999999,186.42749999999992,6598
2026-02-06T13:30:00+00:00,186.42749999999992,186.49149999999992,186.33249999999992,186.4224999999999,8240
2026-02-06T14:00:00+00:00,186.4224999999999,186.49849999999992,186.3754999999999,186.4344999999999,8536
2026-02-06T14:30:00+00:00,186.4344999999999,186.5554999999999,186.41549999999992,186.4824999999999,11972
2026-02-06T15:00:00+00:00,186.4824999999999,186.59249999999992,186.4724999999999,186.56249999999991,13123
2026-02-06T15:30:00+00:00,186.56249999999991,186.6064999999999,186.43949999999992,186.44949999999992,11806
2026-02-06T16:00:00+00:00,186.44949999999992,186.59849999999992,186.4474999999999,186.5604999999999,9353
2026-02-06T16:30:00+00:00,186.5604999999999,186.7284999999999,186.5554999999999,186.6504999999999,8839
2026-02-06T17:00:00+00:00,186.6504999999999,186.70749999999992,186.62349999999992,186.6494999999999,5348
2026-02-06T17:30:00+00:00,186.6494999999999,186.69549999999992,186.6134999999999,186.68349999999992,4067
2026-02-06T18:00:00+00:00,186.68349999999992,186.7674999999999,186.6684999999999,186.7384999999999,3933
2026-02-06T18:30:00+00:00,186.7384999999999,186.78949999999992,186.69349999999991,186.7404999999999,3316
2026-02-06T19:00:00+00:00,186.7404999999999,186.76649999999992,186.7024999999999,186.7194999999999,3167
2026-02-06T19:30:00+00:00,186.7194999999999,186.7984999999999,186.7144999999999,186.7634999999999,3175
2026-02-06T20:00:00+00:00,186.7634999999999,186.8234999999999,186.74149999999992,186.79649999999992,3274
2026-02-06T20:30:00+00:00,186.79649999999992,186.84349999999992,186.7864999999999,186.80749999999992,3494
2026-02-06T21:00:00+00:00,186.80749999999992,186.8684999999999,186.80149999999992,186.8574999999999,2939
2026-02-06T21:30:00+00:00,186.8574999999999,186.8774999999999,186.7574999999999,186.8104999999999,1990
2026-02-08T22:00:00+00:00,186.8104999999999,186.81249999999991,186.1794999999999,186.4834999999999,1910.6856978774135
2026-02-08T22:30:00+00:00,186.4834999999999,186.74749999999992,186.44349999999991,186.6794999999999,4073
2026-02-08T23:00:00+00:00,186.6794999999999,186.9534999999999,186.6794999999999,186.91549999999992,5330
2026-02-08T23:30:00+00:00,186.91549999999992,186.9544999999999,186.44949999999992,186.71149999999992,9618
2026-02-09T00:00:00+00:00,186.71149999999992,186.7404999999999,186.11749999999992,186.34949999999992,14271
2026-02-09T00:30:00+00:00,186.34949999999992,186.40849999999992,186.1854999999999,186.3404999999999,12947
2026-02-09T01:00:00+00:00,186.3404999999999,186.36849999999993,185.84349999999992,185.87349999999992,10764
2026-02-09T01:30:00+00:00,185.87349999999992,186.0614999999999,185.58249999999992,185.95749999999992,13013
2026-02-09T02:00:00+00:00,185.95749999999992,186.1254999999999,185.95249999999993,186.08149999999992,7878
2026-02-09T02:30:00+00:00,186.08149999999992,186.26649999999992,186.0374999999999,186.11049999999992,5607
2026-02-09T03:00:00+00:00,186.11049999999992,186.22549999999993,186.09249999999992,186.18849999999992,4736
2026-02-09T03:30:00+00:00,186.18849999999992,186.2214999999999,186.06849999999991,186.13649999999993,5001
2026-02-09T04:00:00+00:00,186.13649999999993,186.1804999999999,185.9784999999999,185.9834999999999,4576
2026-02-09T04:30:00+00:00,185.9834999999999,186.09549999999993,185.96949999999993,186.04549999999992,3651
2026-02-09T05:00:00+00:00,186.04549999999992,186.1394999999999,185.97349999999992,186.08349999999993,3717
2026-02-09T05:30:00+00:00,186.08349999999993,186.09349999999992,185.9654999999999,186.05849999999992,3768
2026-02-09T06:00:00+00:00,186.05849999999992,186.14749999999992,185.91049999999993,186.0374999999999,12069
2026-02-09T06:30:00+00:00,186.0374999999999,186.2684999999999,185.98149999999993,186.2464999999999,8061
2026-02-09T07:00:00+00:00,186.2464999999999,186.3044999999999,186.05749999999992,186.14049999999992,8090
2026-02-09T07:30:00+00:00,186.14049999999992,186.41449999999992,186.0674999999999,186.39749999999992,9092
2026-02-09T08:00:00+00:00,186.39749999999992,186.6394999999999,186.37449999999993,186.5314999999999,10198
2026-02-09T08:30:00+00:00,186.5314999999999,186.6494999999999,186.46849999999992,186.52249999999992,9986
2026-02-09T09:00:00+00:00,186.52249999999992,186.60549999999992,186.36649999999992,186.4664999999999,10722
2026-02-09T09:30:00+00:00,186.4664999999999,186.59849999999992,186.4244999999999,186.5484999999999,9365
2026-02-09T10:00:00+00:00,186.5484999999999,186.6154999999999,186.50449999999992,186.53949999999992,11892
2026-02-09T10:30:00+00:00,186.53949999999992,186.6694999999999,186.4784999999999,186.5614999999999,12038
2026-02-09T11:00:00+00:00,186.5614999999999,186.60449999999992,186.4724999999999,186.50349999999992,14255
2026-02-09T11:30:00+00:00,186.50349999999992,186.56449999999992,186.39749999999992,186.44949999999992,11532
2026-02-09T12:00:00+00:00,186.44949999999992,186.63649999999993,186.3654999999999,186.61349999999993,10541
2026-02-09T12:30:00+00:00,186.61349999999993,186.6624999999999,186.51749999999993,186.5384999999999,9525
2026-02-09T13:00:00+00:00,186.5384999999999,186.5724999999999,186.33949999999993,186.43949999999992,15413
2026-02-09T13:30:00+00:00,186.43949999999992,186.51149999999993,186.33249999999992,186.34949999999992,13532
2026-02-09T14:00:00+00:00,186.34949999999992,186.36049999999992,186.08049999999992,186.1204999999999,16280
2026-02-09T14:30:00+00:00,186.1204999999999,186.31549999999993,186.0374999999999,186.19349999999991,14499
2026-02-09T15:00:00+00:00,186.19349999999991,186.3694999999999,186.1794999999999,186.31849999999991,13785
2026-02-09T15:30:00+00:00,186.31849999999991,186.4114999999999,186.1914999999999,186.39049999999992,12376
2026-02-09T16:00:00+00:00,186.39049999999992,186.49349999999993,186.33249999999992,186.37949999999992,10767
2026-02-09T16:30:00+00:00,186.37949999999992,186.49349999999993,186.3344999999999,186.44349999999991,7449
2026-02-09T17:00:00+00:00,186.44349999999991,186.5014999999999,186.3944999999999,186.46349999999993,5180
2026-02-09T17:30:00+00:00,186.46349999999993,186.57549999999992,186.46249999999992,186.46949999999993,4043
2026-02-09T18:00:00+00:00,186.46949999999993,186.55749999999992,186.4594999999999,186.5374999999999,5811
2026-02-09T18:30:00+00:00,186.5374999999999,186.5844999999999,186.4954999999999,186.51649999999992,4092
2026-02-09T19:00:00+00:00,186.51649999999992,186.5364999999999,186.44549999999992,186.4894999999999,3869
2026-02-09T19:30:00+00:00,186.4894999999999,186.5084999999999,186.2864999999999,186.3474999999999,5544
2026-02-09T20:00:00+00:00,186.3474999999999,186.4294999999999,186.34249999999992,186.3584999999999,3662
2026-02-09T20:30:00+00:00,186.3584999999999,186.47949999999992,186.35449999999992,186.4594999999999,3666
2026-02-09T21:00:00+00:00,186.4594999999999,186.49349999999993,186.3944999999999,186.45149999999992,2356
2026-02-09T21:30:00+00:00,186.45149999999992,186.5004999999999,186.34449999999993,186.35549999999992,2298
2026-02-09T22:00:00+00:00,186.35549999999992,186.6024999999999,186.2084999999999,186.3524999999999,525.07745654967
2026-02-09T22:30:00+00:00,186.3524999999999,186.43749999999991,186.31949999999992,186.36049999999992,2435
2026-02-09T23:00:00+00:00,186.36049999999992,186.56849999999991,186.36049999999992,186.5614999999999,2964
2026-02-09T23:30:00+00:00,186.5614999999999,186.62849999999992,186.5354999999999,186.5854999999999,2304
2026-02-10T00:00:00+00:00,186.5854999999999,186.7104999999999,186.5374999999999,186.6864999999999,4798
2026-02-10T00:30:00+00:00,186.6864999999999,186.73749999999993,186.36649999999992,186.3884999999999,7500
2026-02-10T01:00:00+00:00,186.3884999999999,186.4284999999999,186.21949999999993,186.3584999999999,7744
2026-02-10T01:30:00+00:00,186.3584999999999,186.3994999999999,186.1314999999999,186.1494999999999,7817
2026-02-10T02:00:00+00:00,186.1494999999999,186.2994999999999,186.1424999999999,186.2214999999999,5378
2026-02-10T02:30:00+00:00,186.2214999999999,186.2224999999999,185.81449999999992,185.84449999999993,7655
2026-02-10T03:00:00+00:00,185.84449999999993,185.86249999999993,185.7044999999999,185.7524999999999,6733
2026-02-10T03:30:00+00:00,185.7524999999999,185.77149999999992,185.5964999999999,185.7624999999999,5712
2026-02-10T04:00:00+00:00,185.7624999999999,185.7684999999999,185.59849999999992,185.6454999999999,4622
2026-02-10T04:30:00+00:00,185.6454999999999,185.6734999999999,185.4884999999999,185.61049999999992,4200
2026-02-10T05:00:00+00:00,185.61049999999992,185.6304999999999,185.4054999999999,185.43849999999992,4115
2026-02-10T05:30:00+00:00,185.43849999999992,185.68249999999992,185.43749999999991,185.6674999999999,4640
2026-02-10T06:00:00+00:00,185.6674999999999,185.7734999999999,185.6514999999999,185.73649999999992,6094
2026-02-10T06:30:00+00:00,185.73649999999992,185.7874999999999,185.62849999999992,185.72549999999993,4748
2026-02-10T07:00:00+00:00,185.72549999999993,185.7984999999999,185.5964999999999,185.7684999999999,6274
2026-02-10T07:30:00+00:00,185.7684999999999,186.0074999999999,185.73749999999993,185.98749999999993,7000
2026-02-10T08:00:00+00:00,185.98749999999993,186.0604999999999,185.8534999999999,185.93949999999992,9425
2026-02-10T08:30:00+00:00,185.93949999999992,186.0614999999999,185.89749999999992,185.99149999999992,7413
2026-02-10T09:00:00+00:00,185.99149999999992,185.99749999999992,185.83049999999992,185.86049999999992,9826
2026-02-10T09:30:00+00:00,185.86049999999992,185.89649999999992,185.7104999999999,185.75349999999992,7374
2026-02-10T10:00:00+00:00,185.75349999999992,185.7684999999999,185.5264999999999,185.6264999999999,7453
2026-02-10T10:30:00+00:00,185.6264999999999,185.66449999999992,185.47449999999992,185.5124999999999,6115
2026-02-10T11:00:00+00:00,185.5124999999999,185.59449999999993,185.47349999999992,185.52749999999992,5819
2026-02-10T11:30:00+00:00,185.52749999999992,185.5904999999999,185.52249999999992,185.5714999999999,6110
2026-02-10T12:00:00+00:00,185.5714999999999,185.59949999999992,185.4644999999999,185.4654999999999,7549
2026-02-10T12:30:00+00:00,185.4654999999999,185.46949999999993,185.2864999999999,185.2914999999999,9949
2026-02-10T13:00:00+00:00,185.2914999999999,185.32449999999992,185.1374999999999,185.18749999999991,10165
2026-02-10T13:30:00+00:00,185.18749999999991,185.21949999999993,184.92149999999992,184.9894999999999,17307
2026-02-10T14:00:00+00:00,184.9894999999999,185.0474999999999,184.7684999999999,184.83049999999992,13592
2026-02-10T14:30:00+00:00,184.83049999999992,184.8804999999999,184.5054999999999,184.69349999999991,15903
2026-02-10T15:00:00+00:00,184.69349999999991,184.6974999999999,184.4064999999999,184.4234999999999,13062
2026-02-10T15:30:00+00:00,184.4234999999999,184.5324999999999,184.22549999999993,184.4724999999999,19148
2026-02-10T16:00:00+00:00,184.4724999999999,184.51049999999992,184.1794999999999,184.2974999999999,13144
2026-02-10T16:30:00+00:00,184.2974999999999,184.36849999999993,184.19549999999992,184.3054999999999,9418
2026-02-10T17:00:00+00:00,184.3054999999999,184.34349999999992,184.2214999999999,184.28949999999992,5429
2026-02-10T17:30:00+00:00,184.28949999999992,184.4284999999999,184.2864999999999,184.3894999999999,6598
2026-02-10T18:00:00+00:00,184.3894999999999,184.49749999999992,184.3754999999999,184.4644999999999,4133
2026-02-10T18:30:00+00:00,184.4644999999999,184.5314999999999,184.4424999999999,184.47449999999992,4757
2026-02-10T19:00:00+00:00,184.47449999999992,184.5244999999999,184.4244999999999,184.43749999999991,3863
2026-02-10T19:30:00+00:00,184.43749999999991,184.47449999999992,184.3744999999999,184.4134999999999,4371
2026-02-10T20:00:00+00:00,184.4134999999999,184.4234999999999,184.36849999999993,184.3924999999999,3698
2026-02-10T20:30:00+00:00,184.3924999999999,184.42049999999992,184.2744999999999,184.33749999999992,4081
2026-02-10T21:00:00+00:00,184.33749999999992,184.3824999999999,184.2824999999999,184.3414999999999,1988
2026-02-10T21:30:00+00:00,184.3414999999999,184.4364999999999,184.33249999999992,184.3764999999999,2571
2026-02-10T22:00:00+00:00,184.3764999999999,184.47349999999994,184.33049999999994,184.34249999999994,529.1094320674342
2026-02-10T22:30:00+00:00,184.34249999999994,184.41549999999995,184.34249999999994,184.37649999999994,2646
2026-02-10T23:00:00+00:00,184.37649999999994,184.48649999999995,184.35849999999994,184.47149999999993,1916
2026-02-10T23:30:00+00:00,184.47149999999993,184.48449999999994,184.42649999999995,184.45449999999994,1460
2026-02-11T00:00:00+00:00,184.45449999999994,184.46849999999995,184.25749999999994,184.28149999999994,3649
2026-02-11T00:30:00+00:00,184.28149999999994,184.28349999999995,184.04149999999996,184.05849999999995,8439
2026-02-11T01:00:00+00:00,184.05849999999995,184.08449999999993,183.86049999999994,183.96249999999995,7575
2026-02-11T01:30:00+00:00,183.96249999999995,184.04949999999994,183.91549999999995,183.98949999999994,5396
2026-02-11T02:00:00+00:00,183.98949999999994,184.01949999999994,183.87849999999995,183.96549999999993,5861
2026-02-11T02:30:00+00:00,183.96549999999993,183.97449999999995,183.71049999999994,183.71249999999995,5875
2026-02-11T03:00:00+00:00,183.71249999999995,183.82049999999995,183.66749999999996,183.79349999999994,4085
2026-02-11T03:30:00+00:00,183.79349999999994,183.82749999999996,183.67849999999996,183.70049999999995,4148
2026-02-11T04:00:00+00:00,183.70049999999995,183.71649999999994,183.47549999999995,183.48149999999995,3822
2026-02-11T04:30:00+00:00,183.48149999999995,183.51949999999994,183.31949999999995,183.35649999999995,3379
2026-02-11T05:00:00+00:00,183.35649999999995,183.42849999999996,183.23449999999994,183.23449999999994,3962
2026-02-11T05:30:00+00:00,183.23449999999994,183.29149999999996,183.11849999999995,183.18649999999994,5373
2026-02-11T06:00:00+00:00,183.18649999999994,183.21049999999994,183.00049999999996,183.18849999999995,7842
2026-02-11T06:30:00+00:00,183.18849999999995,183.27549999999994,183.09849999999994,183.26649999999995,6858
2026-02-11T07:00:00+00:00,183.26649999999995,183.36049999999994,183.18449999999996,183.30949999999996,8457
2026-02-11T07:30:00+00:00,183.30949999999996,183.45449999999994,183.24549999999994,183.25749999999994,6916
2026-02-11T08:00:00+00:00,183.25749999999994,183.42449999999994,183.16849999999994,183.42449999999994,9518
2026-02-11T08:30:00+00:00,183.42449999999994,183.46449999999996,183.25949999999995,183.31849999999994,7251
2026-02-11T09:00:00+00:00,183.31849999999994,183.52749999999995,183.29749999999996,183.43549999999993,9254
2026-02-11T09:30:00+00:00,183.43549999999993,183.46649999999994,183.25949999999995,183.38149999999996,7343
2026-02-11T10:00:00+00:00,183.38149999999996,183.45849999999996,183.34449999999995,183.40149999999994,5243
2026-02-11T10:30:00+00:00,183.40149999999994,183.60049999999995,183.38449999999995,183.55649999999994,6826
2026-02-11T11:00:00+00:00,183.55649999999994,183.59749999999994,183.48049999999995,183.55849999999995,5471
2026-02-11T11:30:00+00:00,183.55849999999995,183.64749999999995,183.49949999999995,183.57349999999994,7439
2026-02-11T12:00:00+00:00,183.57349999999994,183.67049999999995,183.54049999999995,183.55649999999994,8008
2026-02-11T12:30:00+00:00,183.55649999999994,183.64949999999996,183.51849999999996,183.57449999999994,8235
2026-02-11T13:00:00+00:00,183.57449999999994,183.64349999999996,183.42749999999995,183.44649999999996,9469
2026-02-11T13:30:00+00:00,183.44649999999996,183.80049999999994,182.24549999999994,183.26749999999996,48648
2026-02-11T14:00:00+00:00,183.26749999999996,183.42249999999996,183.08849999999995,183.34349999999995,23756
2026-02-11T14:30:00+00:00,183.34349999999995,183.34449999999995,182.66849999999994,182.78549999999996,21872
2026-02-11T15:00:00+00:00,182.78549999999996,182.82849999999993,182.59749999999994,182.63449999999995,18778
2026-02-11T15:30:00+00:00,182.63449999999995,183.00949999999995,182.61549999999994,182.97249999999994,16236
2026-02-11T16:00:00+00:00,182.97249999999994,183.01849999999996,182.64849999999996,182.76349999999994,12484
2026-02-11T16:30:00+00:00,182.76349999999994,182.81449999999995,182.51549999999995,182.52649999999994,12174
2026-02-11T17:00:00+00:00,182.52649999999994,182.60649999999995,182.38449999999995,182.39549999999994,10139
2026-02-11T17:30:00+00:00,182.39549999999994,182.47349999999994,182.22049999999996,182.43749999999994,8346
2026-02-11T18:00:00+00:00,182.43749999999994,182.52749999999995,182.38349999999994,182.41249999999994,8194
2026-02-11T18:30:00+00:00,182.41249999999994,182.41749999999996,182.12549999999996,182.24649999999994,6412
2026-02-11T19:00:00+00:00,182.24649999999994,182.41649999999996,182.24049999999994,182.39949999999996,5785
2026-02-11T19:30:00+00:00,182.39949999999996,182.48349999999994,182.29049999999995,182.48249999999996,5164
2026-02-11T20:00:00+00:00,182.48249999999996,182.60049999999995,182.46449999999996,182.54049999999995,3993
2026-02-11T20:30:00+00:00,182.54049999999995,182.72949999999994,182.53649999999996,182.66549999999995,4885
2026-02-11T21:00:00+00:00,182.66549999999995,182.77649999999994,182.65749999999994,182.68449999999996,3034
2026-02-11T21:30:00+00:00,182.68449999999996,182.77449999999996,182.66949999999994,182.69649999999996,2654
2026-02-11T22:00:00+00:00,182.69649999999996,182.72949999999994,182.50049999999996,182.56349999999998,678.2144788400979
2026-02-11T22:30:00+00:00,182.56349999999998,182.5905,182.5075,182.55349999999999,2168
2026-02-11T23:00:00+00:00,182.55349999999999,182.6575,182.4895,182.5925,2507
2026-02-11T23:30:00+00:00,182.5925,182.7815,182.54749999999999,182.74849999999998,3288
2026-02-12T00:00:00+00:00,182.74849999999998,182.8535,182.5725,182.66649999999998,7060
2026-02-12T00:30:00+00:00,182.66649999999998,182.88049999999998,182.5795,182.5925,7835
2026-02-12T01:00:00+00:00,182.5925,182.5955,182.3645,182.55349999999999,8999
2026-02-12T01:30:00+00:00,182.55349999999999,182.6285,182.26149999999998,182.34949999999998,8508
2026-02-12T02:00:00+00:00,182.34949999999998,182.39849999999998,182.1015,182.1265,8403
2026-02-12T02:30:00+00:00,182.1265,182.1345,181.9185,181.95049999999998,6076
2026-02-12T03:00:00+00:00,181.95049999999998,181.95049999999998,181.68249999999998,181.74949999999998,8299
2026-02-12T03:30:00+00:00,181.74949999999998,181.8815,181.5975,181.8345,6628
2026-02-12T04:00:00+00:00,181.8345,181.90949999999998,181.6925,181.86149999999998,5583
2026-02-12T04:30:00+00:00,181.86149999999998,182.06349999999998,181.7815,182.06349999999998,5736
2026-02-12T05:00:00+00:00,182.06349999999998,182.2875,182.03449999999998,182.2865,5303
2026-02-12T05:30:00+00:00,182.2865,182.43249999999998,182.2515,182.39849999999998,5534
2026-02-12T06:00:00+00:00,182.39849999999998,182.7205,182.2505,182.6375,11632
2026-02-12T06:30:00+00:00,182.6375,182.7595,182.25449999999998,182.5855,12977
2026-02-12T07:00:00+00:00,182.5855,182.64649999999997,182.35049999999998,182.4065,9138
2026-02-12T07:30:00+00:00,182.4065,182.5555,182.23749999999998,182.4465,8153
2026-02-12T08:00:00+00:00,182.4465,182.4705,182.2455,182.43349999999998,9151
2026-02-12T08:30:00+00:00,182.43349999999998,182.51749999999998,182.2815,182.41549999999998,8444
2026-02-12T09:00:00+00:00,182.41549999999998,182.55949999999999,182.3525,182.4975,11817
2026-02-12T09:30:00+00:00,182.4975,182.5775,182.4255,182.5185,9704
2026-02-12T10:00:00+00:00,182.5185,182.6075,182.42149999999998,182.4955,8432
2026-02-12T10:30:00+00:00,182.4955,182.6085,182.43249999999998,182.6075,8085
2026-02-12T11:00:00+00:00,182.6075,182.76049999999998,182.5625,182.69449999999998,6304
2026-02-12T11:30:00+00:00,182.69449999999998,182.9715,182.6745,182.9495,5884
2026-02-12T12:00:00+00:00,182.9495,183.11149999999998,182.90949999999998,183.0365,6900
2026-02-12T12:30:00+00:00,183.0365,183.2695,182.96349999999998,183.20049999999998,9933
2026-02-12T13:00:00+00:00,183.20049999999998,183.28449999999998,183.0025,183.0485,10398
2026-02-12T13:30:00+00:00,183.0485,183.0865,182.8415,182.90249999999997,11015
2026-02-12T14:00:00+00:00,182.90249999999997,182.9675,182.59949999999998,182.6435,13295
2026-02-12T14:30:00+00:00,182.6435,182.7095,182.5445,182.5895,12983
2026-02-12T15:00:00+00:00,182.5895,182.5925,182.40449999999998,182.5135,12092
2026-02-12T15:30:00+00:00,182.5135,182.5685,182.1395,182.1855,14072
2026-02-12T16:00:00+00:00,182.1855,182.2415,181.55249999999998,181.61249999999998,21896
2026-02-12T16:30:00+00:00,181.61249999999998,182.2235,181.6015,181.95649999999998,21933
2026-02-12T17:00:00+00:00,181.95649999999998,182.03449999999998,181.83149999999998,181.9615,14766
2026-02-12T17:30:00+00:00,181.9615,182.14149999999998,181.9305,182.1145,10394
2026-02-12T18:00:00+00:00,182.1145,182.1385,181.9655,182.0615,10822
2026-02-12T18:30:00+00:00,182.0615,182.2205,181.9855,182.1805,7815
2026-02-12T19:00:00+00:00,182.1805,182.2395,182.1145,182.2095,5778
2026-02-12T19:30:00+00:00,182.2095,182.2805,182.1905,182.2445,5081
2026-02-12T20:00:00+00:00,182.2445,182.25549999999998,182.1755,182.1815,3738
2026-02-12T20:30:00+00:00,182.1815,182.20049999999998,181.9845,181.9845,4472
2026-02-12T21:00:00+00:00,181.9845,182.1105,181.98149999999998,182.0725,2831
2026-02-12T21:30:00+00:00,182.0725,182.11749999999998,181.99849999999998,182.0365,2527
2026-02-12T22:00:00+00:00,182.0365,182.12249999999997,181.96249999999998,182.07949999999997,536.4222169495013
2026-02-12T22:30:00+00:00,182.07949999999997,182.12149999999997,181.97849999999997,182.0375,2262
2026-02-12T23:00:00+00:00,182.0375,182.20749999999998,182.0245,182.1965,2099
2026-02-12T23:30:00+00:00,182.1965,182.2205,182.01749999999998,182.14249999999998,4305
2026-02-13T00:00:00+00:00,182.14249999999998,182.33549999999997,182.1015,182.30949999999999,7493
2026-02-13T00:30:00+00:00,182.30949999999999,182.31849999999997,182.09349999999998,182.16649999999998,8705
2026-02-13T01:00:00+00:00,182.16649999999998,182.73049999999998,182.1625,182.73049999999998,10149
2026-02-13T01:30:00+00:00,182.73049999999998,182.7385,182.60049999999998,182.67649999999998,5994
2026-02-13T02:00:00+00:00,182.67649999999998,182.71249999999998,182.4825,182.4885,5364
2026-02-13T02:30:00+00:00,182.4885,182.59449999999998,182.46049999999997,182.58249999999998,3586
2026-02-13T03:00:00+00:00,182.58249999999998,182.58649999999997,182.32549999999998,182.38449999999997,3929
2026-02-13T03:30:00+00:00,182.38449999999997,182.38449999999997,182.2155,182.30049999999997,5114
2026-02-13T04:00:00+00:00,182.30049999999997,182.3155,182.17849999999999,182.2925,4073
2026-02-13T04:30:00+00:00,182.2925,182.60549999999998,182.28549999999998,182.59949999999998,4792
2026-02-13T05:00:00+00:00,182.59949999999998,182.61549999999997,182.3935,182.39549999999997,5307
2026-02-13T05:30:00+00:00,182.39549999999997,182.7205,182.3815,182.59249999999997,5777
2026-02-13T06:00:00+00:00,182.59249999999997,182.70749999999998,182.39549999999997,182.46749999999997,6595
2026-02-13T06:30:00+00:00,182.46749999999997,182.67149999999998,182.44449999999998,182.66949999999997,6218
2026-02-13T07:00:00+00:00,182.66949999999997,182.80649999999997,182.5835,182.62149999999997,8390
2026-02-13T07:30:00+00:00,182.62149999999997,182.7745,182.57949999999997,182.6975,8109
2026-02-13T08:00:00+00:00,182.6975,182.92749999999998,182.67249999999999,182.84149999999997,9382
2026-02-13T08:30:00+00:00,182.84149999999997,183.0135,182.7925,182.9825,8346
2026-02-13T09:00:00+00:00,182.9825,183.07549999999998,182.90449999999998,183.03349999999998,7223
2026-02-13T09:30:00+00:00,183.03349999999998,183.04449999999997,182.8525,182.85949999999997,6663
2026-02-13T10:00:00+00:00,182.85949999999997,182.9415,182.77249999999998,182.7755,6110
2026-02-13T10:30:00+00:00,182.7755,182.85349999999997,182.7215,182.73549999999997,5698
2026-02-13T11:00:00+00:00,182.73549999999997,182.76149999999998,182.64249999999998,182.73549999999997,7549
2026-02-13T11:30:00+00:00,182.73549999999997,182.7505,182.47949999999997,182.65749999999997,7535
2026-02-13T12:00:00+00:00,182.65749999999997,182.6905,182.5655,182.6495,7470
2026-02-13T12:30:00+00:00,182.6495,182.66949999999997,182.56349999999998,182.57449999999997,7330
2026-02-13T13:00:00+00:00,182.57449999999997,182.66949999999997,182.53949999999998,182.55349999999999,8736
2026-02-13T13:30:00+00:00,182.55349999999999,182.69549999999998,182.42849999999999,182.55349999999999,22987
2026-02-13T14:00:00+00:00,182.55349999999999,182.57549999999998,182.20549999999997,182.25949999999997,14110
2026-02-13T14:30:00+00:00,182.25949999999997,182.44949999999997,182.02949999999998,182.28949999999998,19828
2026-02-13T15:00:00+00:00,182.28949999999998,182.56349999999998,182.16449999999998,182.37949999999998,15407
2026-02-13T15:30:00+00:00,182.37949999999998,182.4585,182.1135,182.23049999999998,14808
2026-02-13T16:00:00+00:00,182.23049999999998,182.39249999999998,182.1805,182.2215,12392
2026-02-13T16:30:00+00:00,182.2215,182.30149999999998,182.09849999999997,182.13649999999998,9992
2026-02-13T17:00:00+00:00,182.13649999999998,182.22549999999998,182.09949999999998,182.16549999999998,6580
2026-02-13T17:30:00+00:00,182.16549999999998,182.32449999999997,182.16049999999998,182.24749999999997,6499
2026-02-13T18:00:00+00:00,182.24749999999997,182.3215,182.21349999999998,182.28349999999998,3992
2026-02-13T18:30:00+00:00,182.28349999999998,182.37249999999997,182.2395,182.2625,3815
2026-02-13T19:00:00+00:00,182.2625,182.27949999999998,182.15749999999997,182.15949999999998,3755
2026-02-13T19:30:00+00:00,182.15949999999998,182.18149999999997,182.06949999999998,182.09349999999998,3576
2026-02-13T20:00:00+00:00,182.09349999999998,182.15449999999998,182.0125,182.02949999999998,3544
2026-02-13T20:30:00+00:00,182.02949999999998,182.1975,182.00849999999997,182.18449999999999,4948
2026-02-13T21:00:00+00:00,182.18449999999999,182.1905,182.00949999999997,182.0435,2563
2026-02-13T21:30:00+00:00,182.0435,182.07549999999998,181.9535,181.9645,2346
2026-02-15T22:00:00+00:00,181.9645,182.0035,181.83149999999998,181.93949999999998,399.3295582353918
2026-02-15T22:30:00+00:00,181.93949999999998,181.9585,181.90049999999997,181.95449999999997,2095
2026-02-15T23:00:00+00:00,181.95449999999997,182.09149999999997,181.92749999999998,182.06449999999998,2778
2026-02-15T23:30:00+00:00,182.06449999999998,182.13249999999996,182.00749999999996,182.09249999999997,3206
2026-02-16T00:00:00+00:00,182.09249999999997,182.35249999999996,182.05949999999999,182.33849999999998,5947
2026-02-16T00:30:00+00:00,182.33849999999998,182.3815,182.27649999999997,182.36649999999997,4903
2026-02-16T01:00:00+00:00,182.36649999999997,182.43449999999999,182.28349999999998,182.30149999999998,6227
2026-02-16T01:30:00+00:00,182.30149999999998,182.3515,182.25349999999997,182.3335,4340
2026-02-16T02:00:00+00:00,182.3335,182.3935,182.31149999999997,182.38349999999997,4622
2026-02-16T02:30:00+00:00,182.38349999999997,182.41549999999998,182.30149999999998,182.32349999999997,4771
2026-02-16T03:00:00+00:00,182.32349999999997,182.41949999999997,182.31049999999996,182.38349999999997,3255
2026-02-16T03:30:00+00:00,182.38349999999997,182.4405,182.36049999999997,182.41949999999997,3331
2026-02-16T04:00:00+00:00,182.41949999999997,182.43649999999997,182.33449999999996,182.40949999999998,3127
2026-02-16T04:30:00+00:00,182.40949999999998,182.55649999999997,182.4055,182.54349999999997,3466
2026-02-16T05:00:00+00:00,182.54349999999997,182.56049999999996,182.46949999999998,182.50749999999996,2189
2026-02-16T05:30:00+00:00,182.50749999999996,182.55349999999999,182.48449999999997,182.53449999999998,2578
2026-02-16T06:00:00+00:00,182.53449999999998,182.56649999999996,182.4765,182.5005,2825
2026-02-16T06:30:00+00:00,182.5005,182.53849999999997,182.46549999999996,182.4825,3295
2026-02-16T07:00:00+00:00,182.4825,182.70549999999997,182.47149999999996,182.65849999999998,4448
2026-02-16T07:30:00+00:00,182.65849999999998,182.70749999999998,182.63449999999997,182.67549999999997,4767
2026-02-16T08:00:00+00:00,182.67549999999997,182.84449999999998,182.62649999999996,182.70449999999997,8437
2026-02-16T08:30:00+00:00,182.70449999999997,182.73349999999996,182.62049999999996,182.71149999999997,6137
2026-02-16T09:00:00+00:00,182.71149999999997,182.80049999999997,182.67349999999996,182.78449999999998,6639
2026-02-16T09:30:00+00:00,182.78449999999998,183.02349999999998,182.77549999999997,182.96949999999998,6394
2026-02-16T10:00:00+00:00,182.96949999999998,183.02749999999997,182.92649999999998,182.9825,5201
2026-02-16T10:30:00+00:00,182.9825,183.06749999999997,182.95949999999996,182.95949999999996,5679
2026-02-16T11:00:00+00:00,182.95949999999996,182.9885,182.83449999999996,182.84249999999997,3893
2026-02-16T11:30:00+00:00,182.84249999999997,182.86149999999998,182.68649999999997,182.68649999999997,3865
2026-02-16T12:00:00+00:00,182.68649999999997,182.7085,182.56349999999998,182.58649999999997,4086
2026-02-16T12:30:00+00:00,182.58649999999997,182.65049999999997,182.51349999999996,182.56649999999996,5089
2026-02-16T13:00:00+00:00,182.56649999999996,182.6255,182.53349999999998,182.56149999999997,5490
2026-02-16T13:30:00+00:00,182.56149999999997,182.57349999999997,182.46849999999998,182.54249999999996,6186
2026-02-16T14:00:00+00:00,182.54249999999996,182.59449999999998,182.49949999999998,182.5715,5466
2026-02-16T14:30:00+00:00,182.5715,182.6075,182.50549999999998,182.5955,5641
2026-02-16T15:00:00+00:00,182.5955,182.65349999999998,182.5005,182.50749999999996,4635
2026-02-16T15:30:00+00:00,182.50749999999996,182.6965,182.50149999999996,182.6905,5189
2026-02-16T16:00:00+00:00,182.6905,182.76749999999998,182.64049999999997,182.69249999999997,5536
2026-02-16T16:30:00+00:00,182.69249999999997,182.74249999999998,182.65249999999997,182.68649999999997,3593
2026-02-16T17:00:00+00:00,182.68649999999997,182.77849999999998,182.66349999999997,182.68149999999997,2440
2026-02-16T17:30:00+00:00,182.68149999999997,182.69949999999997,182.59149999999997,182.60349999999997,1478
2026-02-16T18:00:00+00:00,182.60349999999997,182.66949999999997,182.60249999999996,182.65249999999997,1025
2026-02-16T18:30:00+00:00,182.65249999999997,182.69249999999997,182.6435,182.66549999999998,1105
2026-02-16T19:00:00+00:00,182.66549999999998,182.71749999999997,182.65149999999997,182.70949999999996,954
2026-02-16T19:30:00+00:00,182.70949999999996,182.71649999999997,182.68549999999996,182.7085,632
2026-02-16T20:00:00+00:00,182.7085,182.7145,182.67749999999998,182.71149999999997,784
2026-02-16T20:30:00+00:00,182.71149999999997,182.73349999999996,182.68449999999999,182.7325,826
2026-02-16T21:00:00+00:00,182.7325,182.74949999999998,182.72349999999997,182.72349999999997,480
2026-02-16T21:30:00+00:00,182.72349999999997,182.72749999999996,182.57849999999996,182.5835,1195
2026-02-16T22:00:00+00:00,182.5835,182.6555,182.54249999999996,182.6435,227.19959283017155
2026-02-16T22:30:00+00:00,182.6435,182.7155,182.6435,182.6855,547
2026-02-16T23:00:00+00:00,182.6855,182.84449999999998,182.68249999999998,182.82549999999998,1991
2026-02-16T23:30:00+00:00,182.82549999999998,182.94549999999998,182.7155,182.7405,3230
2026-02-17T00:00:00+00:00,182.7405,182.7775,182.3525,182.41549999999998,7989
2026-02-17T00:30:00+00:00,182.41549999999998,182.4315,182.18949999999998,182.20149999999998,7835
2026-02-17T01:00:00+00:00,182.20149999999998,182.42849999999999,182.1985,182.31349999999998,7937
2026-02-17T01:30:00+00:00,182.31349999999998,182.42849999999999,182.12449999999998,182.16549999999998,7196
2026-02-17T02:00:00+00:00,182.16549999999998,182.28549999999998,182.06449999999998,182.2405,6429
2026-02-17T02:30:00+00:00,182.2405,182.2865,182.1075,182.1165,4568
2026-02-17T03:00:00+00:00,182.1165,182.12449999999998,181.9675,182.10049999999998,5769
2026-02-17T03:30:00+00:00,182.10049999999998,182.1685,181.98649999999998,182.1625,5500
2026-02-17T04:00:00+00:00,182.1625,182.18249999999998,182.01649999999998,182.01649999999998,4564
2026-02-17T04:30:00+00:00,182.01649999999998,182.06449999999998,181.9315,182.04649999999998,5044
2026-02-17T05:00:00+00:00,182.04649999999998,182.0725,181.8105,181.86149999999998,6354
2026-02-17T05:30:00+00:00,181.86149999999998,181.96849999999998,181.79649999999998,181.8945,6198
2026-02-17T06:00:00+00:00,181.8945,181.9175,181.80749999999998,181.8395,5975
2026-02-17T06:30:00+00:00,181.8395,181.9615,181.8115,181.93449999999999,4686
2026-02-17T07:00:00+00:00,181.93449999999999,181.9405,181.7115,181.8005,7592
2026-02-17T07:30:00+00:00,181.8005,181.92049999999998,181.7235,181.90449999999998,8291
2026-02-17T08:00:00+00:00,181.90449999999998,182.0195,181.76049999999998,181.76049999999998,8730
2026-02-17T08:30:00+00:00,181.76049999999998,181.79749999999999,181.6075,181.6075,8727
2026-02-17T09:00:00+00:00,181.6075,181.9245,181.5905,181.8945,7128
2026-02-17T09:30:00+00:00,181.8945,181.9655,181.8285,181.9075,4954
2026-02-17T10:00:00+00:00,181.9075,182.0675,181.8355,182.02349999999998,6087
2026-02-17T10:30:00+00:00,182.02349999999998,182.0915,181.95649999999998,181.95749999999998,6309
2026-02-17T11:00:00+00:00,181.95749999999998,182.0215,181.92649999999998,181.9775,5947
2026-02-17T11:30:00+00:00,181.9775,182.0565,181.8935,181.9415,6577
2026-02-17T12:00:00+00:00,181.9415,182.01649999999998,181.9175,181.95149999999998,7308
2026-02-17T12:30:00+00:00,181.95149999999998,181.9665,181.8115,181.81449999999998,6507
2026-02-17T13:00:00+00:00,181.81449999999998,181.87449999999998,181.77949999999998,181.82649999999998,9467
2026-02-17T13:30:00+00:00,181.82649999999998,182.10549999999998,181.7995,181.98049999999998,12787
2026-02-17T14:00:00+00:00,181.98049999999998,182.15349999999998,181.96949999999998,182.1035,11763
2026-02-17T14:30:00+00:00,182.1035,182.30349999999999,182.0745,182.21249999999998,14549
2026-02-17T15:00:00+00:00,182.21249999999998,182.3395,182.1855,182.26749999999998,14222
2026-02-17T15:30:00+00:00,182.26749999999998,182.5075,182.23149999999998,182.42049999999998,13718
2026-02-17T16:00:00+00:00,182.42049999999998,182.5565,182.4125,182.4665,12927
2026-02-17T16:30:00+00:00,182.4665,182.5655,182.4075,182.4555,10185
2026-02-17T17:00:00+00:00,182.4555,182.4975,182.4015,182.4945,7744
2026-02-17T17:30:00+00:00,182.4945,182.5095,182.40349999999998,182.4735,6797
2026-02-17T18:00:00+00:00,182.4735,182.50549999999998,182.41449999999998,182.47449999999998,5532
2026-02-17T18:30:00+00:00,182.47449999999998,182.5205,182.4475,182.4705,5238
2026-02-17T19:00:00+00:00,182.4705,182.5065,182.3775,182.4085,4336
2026-02-17T19:30:00+00:00,182.4085,182.4955,182.32549999999998,182.3485,4852
2026-02-17T20:00:00+00:00,182.3485,182.40449999999998,182.28949999999998,182.3765,2960
2026-02-17T20:30:00+00:00,182.3765,182.4355,182.3465,182.43349999999998,3635
2026-02-17T21:00:00+00:00,182.43349999999998,182.44549999999998,182.3875,182.4185,2000
2026-02-17T21:30:00+00:00,182.4185,182.4795,182.4185,182.4795,1664
2026-02-17T22:00:00+00:00,182.4795,182.5375,182.08449999999996,182.15349999999998,489.6493494916275
2026-02-17T22:30:00+00:00,182.15349999999998,182.21049999999997,182.13149999999996,182.20949999999996,1447
2026-02-17T23:00:00+00:00,182.20949999999996,182.28649999999996,182.18049999999997,182.21949999999995,2183
2026-02-17T23:30:00+00:00,182.21949999999995,182.25149999999996,182.02549999999997,182.02949999999996,2260
2026-02-18T00:00:00+00:00,182.02949999999996,182.23649999999998,181.98249999999996,182.17549999999997,6053
2026-02-18T00:30:00+00:00,182.17549999999997,182.17749999999998,181.97149999999996,182.09149999999997,6648
2026-02-18T01:00:00+00:00,182.09149999999997,182.28349999999998,182.06549999999996,182.19849999999997,6055
2026-02-18T01:30:00+00:00,182.19849999999997,182.34049999999996,182.19849999999997,182.33149999999998,3917
2026-02-18T02:00:00+00:00,182.33149999999998,182.56949999999998,182.32649999999995,182.53849999999997,5315
2026-02-18T02:30:00+00:00,182.53849999999997,182.56349999999998,182.37949999999998,182.39449999999997,3369
2026-02-18T03:00:00+00:00,182.39449999999997,182.48049999999998,182.35549999999998,182.39049999999997,3471
2026-02-18T03:30:00+00:00,182.39049999999997,182.45449999999997,182.32149999999996,182.44549999999998,3695
2026-02-18T04:00:00+00:00,182.44549999999998,182.45949999999996,182.36849999999995,182.41449999999998,3364
2026-02-18T04:30:00+00:00,182.41449999999998,182.45349999999996,182.38749999999996,182.44949999999997,3386
2026-02-18T05:00:00+00:00,182.44949999999997,182.50049999999996,182.39949999999996,182.41949999999997,2795
2026-02-18T05:30:00+00:00,182.41949999999997,182.47549999999995,182.33749999999998,182.34449999999995,3154
2026-02-18T06:00:00+00:00,182.34449999999995,182.38349999999997,182.24949999999995,182.29849999999996,3886
2026-02-18T06:30:00+00:00,182.29849999999996,182.37249999999997,182.25349999999997,182.28649999999996,4329
2026-02-18T07:00:00+00:00,182.28649999999996,182.38649999999996,182.25149999999996,182.34849999999997,5511
2026-02-18T07:30:00+00:00,182.34849999999997,182.45549999999997,182.31649999999996,182.42449999999997,6194
2026-02-18T08:00:00+00:00,182.42449999999997,182.50249999999997,182.32949999999997,182.42649999999998,7616
2026-02-18T08:30:00+00:00,182.42649999999998,182.50049999999996,182.40249999999997,182.43149999999997,6995
2026-02-18T09:00:00+00:00,182.43149999999997,182.52149999999997,182.41049999999996,182.45549999999997,6064
2026-02-18T09:30:00+00:00,182.45549999999997,182.54149999999996,182.45349999999996,182.51649999999998,4745
2026-02-18T10:00:00+00:00,182.51649999999998,182.60749999999996,182.48849999999996,182.59449999999995,4399
2026-02-18T10:30:00+00:00,182.59449999999995,182.62649999999996,182.52649999999997,182.55349999999996,5097
2026-02-18T11:00:00+00:00,182.55349999999996,182.55949999999996,182.38949999999997,182.41349999999997,3989
2026-02-18T11:30:00+00:00,182.41349999999997,182.46849999999998,182.41049999999996,182.46749999999997,3996
2026-02-18T12:00:00+00:00,182.46749999999997,182.63549999999998,182.42149999999998,182.52749999999997,5634
2026-02-18T12:30:00+00:00,182.52749999999997,182.55649999999997,182.45349999999996,182.52349999999996,6368
2026-02-18T13:00:00+00:00,182.52349999999996,182.62749999999997,182.51249999999996,182.56049999999996,6950
2026-02-18T13:30:00+00:00,182.56049999999996,182.67149999999998,182.45549999999997,182.57949999999997,10691
2026-02-18T14:00:00+00:00,182.57949999999997,182.91749999999996,182.57249999999996,182.90949999999998,11706
2026-02-18T14:30:00+00:00,182.90949999999998,183.07449999999997,182.84349999999998,182.96249999999998,14191
2026-02-18T15:00:00+00:00,182.96249999999998,183.05249999999998,182.90549999999996,182.99349999999995,11037
2026-02-18T15:30:00+00:00,182.99349999999995,183.10349999999997,182.96249999999998,182.96649999999997,9428
2026-02-18T16:00:00+00:00,182.96649999999997,182.99949999999995,182.89249999999996,182.90949999999998,8115
2026-02-18T16:30:00+00:00,182.90949999999998,183.02249999999998,182.89149999999998,182.96349999999995,5927
2026-02-18T17:00:00+00:00,182.96349999999995,183.00449999999998,182.90949999999998,182.95749999999995,4533
2026-02-18T17:30:00+00:00,182.95749999999995,183.04649999999998,182.95249999999996,183.00049999999996,4993
2026-02-18T18:00:00+00:00,183.00049999999996,183.06649999999996,182.99449999999996,183.01849999999996,5375
2026-02-18T18:30:00+00:00,183.01849999999996,183.06349999999998,182.98249999999996,182.99949999999995,5931
2026-02-18T19:00:00+00:00,182.99949999999995,183.07449999999997,182.57549999999998,182.99349999999995,10982
2026-02-18T19:30:00+00:00,182.99349999999995,183.04649999999998,182.87149999999997,182.93549999999996,6442
2026-02-18T20:00:00+00:00,182.93549999999996,182.99749999999997,182.92449999999997,182.98149999999995,4243
2026-02-18T20:30:00+00:00,182.98149999999995,183.00749999999996,182.90449999999996,182.99049999999997,3990
2026-02-18T21:00:00+00:00,182.99049999999997,183.04649999999998,182.96549999999996,183.04549999999998,2375
2026-02-18T21:30:00+00:00,183.04549999999998,183.07849999999996,182.93249999999998,182.93949999999998,1939
2026-02-18T22:00:00+00:00,182.93949999999998,182.97649999999996,182.89149999999998,182.92849999999996,355
2026-02-18T22:30:00+00:00,182.92849999999996,182.96949999999995,182.89649999999997,182.91949999999997,949
2026-02-18T23:00:00+00:00,182.91949999999997,183.03049999999996,182.91849999999997,183.00549999999996,1894
2026-02-18T23:30:00+00:00,183.00549999999996,183.04649999999998,182.91649999999996,182.91649999999996,1978
2026-02-19T00:00:00+00:00,182.91649999999996,183.03449999999998,182.83749999999998,182.99249999999998,4815
2026-02-19T00:30:00+00:00,182.99249999999998,183.06549999999996,182.91749999999996,183.00049999999996,6949
2026-02-19T01:00:00+00:00,183.00049999999996,183.12549999999996,182.96549999999996,183.08649999999997,6557
2026-02-19T01:30:00+00:00,183.08649999999997,183.36849999999995,183.08449999999996,183.32749999999996,5410
2026-02-19T02:00:00+00:00,183.32749999999996,183.42149999999998,183.09249999999997,183.27649999999997,6422
2026-02-19T02:30:00+00:00,183.27649999999997,183.33949999999996,183.22749999999996,183.32849999999996,4995
2026-02-19T03:00:00+00:00,183.32849999999996,183.40049999999997,183.27449999999996,183.37049999999996,4446
2026-02-19T03:30:00+00:00,183.37049999999996,183.58849999999995,183.36949999999996,183.48849999999996,7260
2026-02-19T04:00:00+00:00,183.48849999999996,183.59449999999995,183.45449999999997,183.45449999999997,4767
2026-02-19T04:30:00+00:00,183.45449999999997,183.51849999999996,183.43149999999997,183.44649999999996,3700
2026-02-19T05:00:00+00:00,183.44649999999996,183.54149999999996,183.43049999999997,183.52149999999997,3957
2026-02-19T05:30:00+00:00,183.52149999999997,183.70549999999997,183.44749999999996,183.69649999999996,4890
2026-02-19T06:00:00+00:00,183.69649999999996,183.71749999999997,183.51349999999996,183.55249999999998,4756
2026-02-19T06:30:00+00:00,183.55249999999998,183.61249999999995,183.42649999999998,183.52549999999997,5708
2026-02-19T07:00:00+00:00,183.52549999999997,183.59949999999998,183.50149999999996,183.55949999999996,4941
2026-02-19T07:30:00+00:00,183.55949999999996,183.67149999999998,183.41449999999998,183.44949999999997,6876
2026-02-19T08:00:00+00:00,183.44949999999997,183.47449999999998,183.35149999999996,183.41349999999997,8675
2026-02-19T08:30:00+00:00,183.41349999999997,183.42449999999997,183.14749999999998,183.26749999999996,8419
2026-02-19T09:00:00+00:00,183.26749999999996,183.45949999999996,183.26749999999996,183.41749999999996,5325
2026-02-19T09:30:00+00:00,183.41749999999996,183.42049999999998,183.20049999999998,183.23949999999996,5361
2026-02-19T10:00:00+00:00,183.23949999999996,183.26449999999997,183.08649999999997,183.09549999999996,6020
2026-02-19T10:30:00+00:00,183.09549999999996,183.09649999999996,182.92249999999996,182.95349999999996,4985
2026-02-19T11:00:00+00:00,182.95349999999996,182.96149999999997,182.74549999999996,182.74649999999997,5379
2026-02-19T11:30:00+00:00,182.74649999999997,182.81249999999997,182.65749999999997,182.72849999999997,6560
2026-02-19T12:00:00+00:00,182.72849999999997,182.73049999999998,182.56949999999998,182.64849999999996,6944
2026-02-19T12:30:00+00:00,182.64849999999996,182.77649999999997,182.63349999999997,182.76449999999997,6880
2026-02-19T13:00:00+00:00,182.76449999999997,182.77349999999996,182.59249999999997,182.64549999999997,9808
2026-02-19T13:30:00+00:00,182.64549999999997,182.83649999999997,182.61249999999995,182.83449999999996,10633
2026-02-19T14:00:00+00:00,182.83449999999996,182.99749999999997,182.74549999999996,182.99049999999997,11347
2026-02-19T14:30:00+00:00,182.99049999999997,182.99549999999996,182.81549999999996,182.97449999999998,14540
2026-02-19T15:00:00+00:00,182.97449999999998,183.16449999999998,182.92749999999998,183.03149999999997,16883
2026-02-19T15:30:00+00:00,183.03149999999997,183.08749999999998,182.89449999999997,182.89549999999997,12831
2026-02-19T16:00:00+00:00,182.89549999999997,182.91949999999997,182.76649999999998,182.82449999999997,10137
2026-02-19T16:30:00+00:00,182.82449999999997,182.89449999999997,182.79749999999996,182.82849999999996,8292
2026-02-19T17:00:00+00:00,182.82849999999996,182.86849999999995,182.77249999999998,182.86049999999997,6552
2026-02-19T17:30:00+00:00,182.86049999999997,182.97249999999997,182.82649999999995,182.96349999999995,4924
2026-02-19T18:00:00+00:00,182.96349999999995,182.97549999999995,182.90949999999998,182.96149999999997,4493
2026-02-19T18:30:00+00:00,182.96149999999997,182.97249999999997,182.82749999999996,182.83049999999997,4582
2026-02-19T19:00:00+00:00,182.83049999999997,182.91849999999997,182.80549999999997,182.89449999999997,4226
2026-02-19T19:30:00+00:00,182.89449999999997,183.02349999999996,182.89049999999997,183.00549999999996,4787
2026-02-19T20:00:00+00:00,183.00549999999996,183.03249999999997,182.96549999999996,183.01849999999996,2801
2026-02-19T20:30:00+00:00,183.01849999999996,183.09549999999996,183.00849999999997,183.08449999999996,2800
2026-02-19T21:00:00+00:00,183.08449999999996,183.14449999999997,183.05449999999996,183.10349999999997,2638
2026-02-19T21:30:00+00:00,183.10349999999997,183.13949999999997,182.99349999999995,183.01349999999996,2959
2026-02-19T22:00:00+00:00,183.01349999999996,183.0955,182.93349999999998,182.9705,685.656563174899
2026-02-19T22:30:00+00:00,182.9705,183.0215,182.9525,183.01749999999998,1566
2026-02-19T23:00:00+00:00,183.01749999999998,183.1115,183.0085,183.0365,1848
2026-02-19T23:30:00+00:00,183.0365,183.2965,183.0365,183.25549999999998,2975
2026-02-20T00:00:00+00:00,183.25549999999998,183.2725,183.13049999999998,183.2125,4289
2026-02-20T00:30:00+00:00,183.2125,183.2945,182.9615,183.1445,7267
2026-02-20T01:00:00+00:00,183.1445,183.2215,183.0035,183.17849999999999,7365
2026-02-20T01:30:00+00:00,183.17849999999999,183.2535,183.0285,183.0495,7748
2026-02-20T02:00:00+00:00,183.0495,183.0735,182.9215,183.0075,6683
2026-02-20T02:30:00+00:00,183.0075,183.0965,182.9875,183.0505,4257
2026-02-20T03:00:00+00:00,183.0505,183.0895,182.9855,182.9905,3034
2026-02-20T03:30:00+00:00,182.9905,183.0385,182.9715,183.0155,3535
2026-02-20T04:00:00+00:00,183.0155,183.0315,182.9705,183.0155,3467
2026-02-20T04:30:00+00:00,183.0155,183.0615,182.9785,183.0365,3723
2026-02-20T05:00:00+00:00,183.0365,183.0925,182.9955,183.0835,3806
2026-02-20T05:30:00+00:00,183.0835,183.1935,183.04749999999999,183.1705,5529
2026-02-20T06:00:00+00:00,183.1705,183.2415,183.0285,183.0585,5673
2026-02-20T06:30:00+00:00,183.0585,183.0855,182.9875,183.01149999999998,4699
2026-02-20T07:00:00+00:00,183.01149999999998,183.1025,182.92849999999999,182.9545,6405
2026-02-20T07:30:00+00:00,182.9545,183.35750000000002,182.8315,183.3445,8602
2026-02-20T08:00:00+00:00,183.3445,183.3535,183.15550000000002,183.2655,9752
2026-02-20T08:30:00+00:00,183.2655,183.59650000000002,183.2655,183.5515,8462
2026-02-20T09:00:00+00:00,183.5515,183.65349999999998,183.4955,183.5205,7354
2026-02-20T09:30:00+00:00,183.5205,183.5275,183.4385,183.45749999999998,6269
2026-02-20T10:00:00+00:00,183.45749999999998,183.4745,183.3005,183.3695,4859
2026-02-20T10:30:00+00:00,183.3695,183.40449999999998,183.11749999999998,183.1575,6192
2026-02-20T11:00:00+00:00,183.1575,183.2525,183.0855,183.2205,5275
2026-02-20T11:30:00+00:00,183.2205,183.3005,183.1635,183.2705,5168
2026-02-20T12:00:00+00:00,183.2705,183.35250000000002,183.2305,183.3385,5293
2026-02-20T12:30:00+00:00,183.3385,183.3425,183.2355,183.2755,6421
2026-02-20T13:00:00+00:00,183.2755,183.35750000000002,183.2065,183.3265,7220
2026-02-20T13:30:00+00:00,183.3265,183.5435,183.2285,183.5255,14849
2026-02-20T14:00:00+00:00,183.5255,183.5615,183.4495,183.4635,8387
2026-02-20T14:30:00+00:00,183.4635,183.50549999999998,183.3505,183.4655,11762
2026-02-20T15:00:00+00:00,183.4655,183.68449999999999,183.2385,183.3385,34984
2026-02-20T15:30:00+00:00,183.3385,183.4075,183.1075,183.1565,23322
2026-02-20T16:00:00+00:00,183.1565,183.2255,183.0755,183.1215,15902
2026-02-20T16:30:00+00:00,183.1215,183.2575,183.1055,183.1855,10085
2026-02-20T17:00:00+00:00,183.1855,183.2755,183.17249999999999,183.2425,8944
2026-02-20T17:30:00+00:00,183.2425,183.30349999999999,183.17249999999999,183.1975,9664
2026-02-20T18:00:00+00:00,183.1975,183.3085,183.1975,183.2595,9752
2026-02-20T18:30:00+00:00,183.2595,183.3385,183.1935,183.3165,16003
2026-02-20T19:00:00+00:00,183.3165,183.3565,183.2345,183.3005,8021
2026-02-20T19:30:00+00:00,183.3005,183.4215,183.29149999999998,183.3645,4307
2026-02-20T20:00:00+00:00,183.3645,183.3915,183.2515,183.2945,3454
2026-02-20T20:30:00+00:00,183.2945,183.38049999999998,183.2805,183.3715,3620
2026-02-20T21:00:00+00:00,183.3715,183.3765,183.2945,183.3025,2559
2026-02-20T21:30:00+00:00,183.3025,183.3595,183.24949999999998,183.2715,3771
2026-02-22T22:00:00+00:00,183.2715,183.3215,183.2015,183.2605,506.04667623243444
2026-02-22T22:30:00+00:00,183.2605,183.3285,183.2585,183.2895,2412
2026-02-22T23:00:00+00:00,183.2895,183.3085,183.1565,183.2775,5765
2026-02-22T23:30:00+00:00,183.2775,183.33350000000002,183.1435,183.2205,5884
2026-02-23T00:00:00+00:00,183.2205,183.2235,183.0295,183.0435,7740
2026-02-23T00:30:00+00:00,183.0435,183.0585,182.8245,182.8455,9626
2026-02-23T01:00:00+00:00,182.8455,182.8885,182.7485,182.8545,9041
2026-02-23T01:30:00+00:00,182.8545,182.9885,182.8475,182.9595,7584
2026-02-23T02:00:00+00:00,182.9595,182.9595,182.83950000000002,182.9105,7535
2026-02-23T02:30:00+00:00,182.9105,183.0585,182.8895,182.9795,5900
2026-02-23T03:00:00+00:00,182.9795,183.0825,182.9795,183.0785,5099
2026-02-23T03:30:00+00:00,183.0785,183.0815,182.9565,182.9655,4061
2026-02-23T04:00:00+00:00,182.9655,182.9865,182.8935,182.96450000000002,3933
2026-02-23T04:30:00+00:00,182.96450000000002,183.1265,182.9535,183.08350000000002,3374
2026-02-23T05:00:00+00:00,183.08350000000002,183.1435,183.0635,183.1075,3641
2026-02-23T05:30:00+00:00,183.1075,183.1395,183.0735,183.1225,3135
2026-02-23T06:00:00+00:00,183.1225,183.1535,183.0215,183.06550000000001,5405
2026-02-23T06:30:00+00:00,183.06550000000001,183.2395,183.0575,183.2295,4529
2026-02-23T07:00:00+00:00,183.2295,183.3665,183.2175,183.3435,6760
2026-02-23T07:30:00+00:00,183.3435,183.3525,183.1995,183.2265,7966
2026-02-23T08:00:00+00:00,183.2265,183.3625,183.2095,183.3105,10070
2026-02-23T08:30:00+00:00,183.3105,183.3525,183.2575,183.2985,7772
2026-02-23T09:00:00+00:00,183.2985,183.3445,183.2285,183.2865,6113
2026-02-23T09:30:00+00:00,183.2865,183.3895,183.2645,183.2685,6413
2026-02-23T10:00:00+00:00,183.2685,183.3065,183.1855,183.2675,5944
2026-02-23T10:30:00+00:00,183.2675,183.3295,183.2055,183.20850000000002,4535
2026-02-23T11:00:00+00:00,183.20850000000002,183.2185,183.1125,183.1275,5115
2026-02-23T11:30:00+00:00,183.1275,183.1855,183.0805,183.1715,6690
2026-02-23T12:00:00+00:00,183.1715,183.2205,183.0105,183.1405,6873
2026-02-23T12:30:00+00:00,183.1405,183.1745,183.0245,183.0815,6998
2026-02-23T13:00:00+00:00,183.0815,183.1125,182.9495,183.0205,8656
2026-02-23T13:30:00+00:00,183.0205,183.0215,182.9155,182.9675,9190
2026-02-23T14:00:00+00:00,182.9675,183.1645,182.94650000000001,183.1295,8275
2026-02-23T14:30:00+00:00,183.1295,183.2055,183.0045,183.0255,13406
2026-02-23T15:00:00+00:00,183.0255,183.0405,182.8035,182.8505,11521
2026-02-23T15:30:00+00:00,182.8505,182.94050000000001,182.6465,182.7245,12261
2026-02-23T16:00:00+00:00,182.7245,182.7535,182.5885,182.7455,11172
2026-02-23T16:30:00+00:00,182.7455,182.7775,182.6655,182.71450000000002,8011
2026-02-23T17:00:00+00:00,182.71450000000002,182.7245,182.5855,182.58950000000002,6506
2026-02-23T17:30:00+00:00,182.58950000000002,182.7615,182.5695,182.7425,4846
2026-02-23T18:00:00+00:00,182.7425,182.9985,182.7335,182.9965,4533
2026-02-23T18:30:00+00:00,182.9965,183.0115,182.8285,182.8545,3454
2026-02-23T19:00:00+00:00,182.8545,182.9105,182.8415,182.8495,2882
2026-02-23T19:30:00+00:00,182.8495,182.94050000000001,182.8425,182.8995,4116
2026-02-23T20:00:00+00:00,182.8995,182.9905,182.8895,182.9685,2942
2026-02-23T20:30:00+00:00,182.9685,182.9955,182.9375,182.9665,2857
2026-02-23T21:00:00+00:00,182.9665,183.0205,182.9485,182.9805,2197
2026-02-23T21:30:00+00:00,182.9805,183.0075,182.7775,182.7775,3088
2026-02-23T22:00:00+00:00,182.7775,182.83350000000002,182.7715,182.8245,437.1962745205781
2026-02-23T22:30:00+00:00,182.8245,182.8315,182.7525,182.7905,2714
2026-02-23T23:00:00+00:00,182.7905,182.9245,182.7535,182.9215,1861
2026-02-23T23:30:00+00:00,182.9215,183.00050000000002,182.8315,182.9755,3888
2026-02-24T00:00:00+00:00,182.9755,183.1145,182.9515,183.0105,4581
2026-02-24T00:30:00+00:00,183.0105,183.1505,183.0015,183.1405,6133
2026-02-24T01:00:00+00:00,183.1405,183.2725,183.0925,183.20950000000002,8598
2026-02-24T01:30:00+00:00,183.20950000000002,183.2305,183.1145,183.1705,6723
2026-02-24T02:00:00+00:00,183.1705,183.2935,183.07150000000001,183.2495,7297
2026-02-24T02:30:00+00:00,183.2495,183.2545,183.0975,183.1295,4103
2026-02-24T03:00:00+00:00,183.1295,183.1945,183.0975,183.1825,3817
2026-02-24T03:30:00+00:00,183.1825,183.2555,183.1685,183.2405,4128
2026-02-24T04:00:00+00:00,183.2405,183.3595,183.2075,183.34050000000002,4642
2026-02-24T04:30:00+00:00,183.34050000000002,183.36950000000002,183.2905,183.3065,4548
2026-02-24T05:00:00+00:00,183.3065,183.3655,183.2675,183.3545,4094
2026-02-24T05:30:00+00:00,183.3545,183.4265,183.3375,183.3725,4570
2026-02-24T06:00:00+00:00,183.3725,183.3895,183.2245,183.2675,6097
2026-02-24T06:30:00+00:00,183.2675,183.2955,183.1455,183.1515,4082
2026-02-24T07:00:00+00:00,183.1515,184.23850000000002,183.10750000000002,184.20950000000002,16190
2026-02-24T07:30:00+00:00,184.20950000000002,184.5075,184.1625,184.4565,11580
2026-02-24T08:00:00+00:00,184.4565,184.7765,184.32850000000002,184.6715,11092
2026-02-24T08:30:00+00:00,184.6715,184.6985,184.3415,184.3505,10224
2026-02-24T09:00:00+00:00,184.3505,184.38750000000002,184.16750000000002,184.2515,7726
2026-02-24T09:30:00+00:00,184.2515,184.3305,184.2335,184.30450000000002,5231
2026-02-24T10:00:00+00:00,184.30450000000002,184.3415,184.2465,184.29850000000002,5543
2026-02-24T10:30:00+00:00,184.29850000000002,184.3385,184.21450000000002,184.3115,6031
2026-02-24T11:00:00+00:00,184.3115,184.3125,184.0635,184.0735,6006
2026-02-24T11:30:00+00:00,184.0735,184.2255,184.0085,184.2235,5405
2026-02-24T12:00:00+00:00,184.2235,184.3065,184.19750000000002,184.2305,6725
2026-02-24T12:30:00+00:00,184.2305,184.2425,184.1105,184.23850000000002,7188
2026-02-24T13:00:00+00:00,184.23850000000002,184.2695,184.0875,184.2545,7868
2026-02-24T13:30:00+00:00,184.2545,184.3535,184.23250000000002,184.29850000000002,7444
2026-02-24T14:00:00+00:00,184.29850000000002,184.3865,184.2435,184.36350000000002,9008
2026-02-24T14:30:00+00:00,184.36350000000002,184.3855,184.15550000000002,184.20850000000002,11327
2026-02-24T15:00:00+00:00,184.20850000000002,184.2905,184.09650000000002,184.2305,10965
2026-02-24T15:30:00+00:00,184.2305,184.2785,184.0765,184.13750000000002,12255
2026-02-24T16:00:00+00:00,184.13750000000002,184.1865,184.07250000000002,184.1425,9002
2026-02-24T16:30:00+00:00,184.1425,184.18550000000002,183.9925,184.08450000000002,8923
2026-02-24T17:00:00+00:00,184.08450000000002,184.1535,184.03650000000002,184.09650000000002,4476
2026-02-24T17:30:00+00:00,184.09650000000002,184.1605,184.0765,184.1545,3709
2026-02-24T18:00:00+00:00,184.1545,184.1545,184.0695,184.0875,3854
2026-02-24T18:30:00+00:00,184.0875,184.1025,184.0505,184.0675,3831
2026-02-24T19:00:00+00:00,184.0675,184.1135,184.0575,184.07649999999998,3476.943295480183
2026-02-24T19:30:00+00:00,184.07649999999998,184.10449999999997,184.0505,184.0795,3010
2026-02-24T20:00:00+00:00,184.0795,184.1265,184.05749999999998,184.0925,3033
2026-02-24T20:30:00+00:00,184.0925,184.1455,184.0745,184.14249999999998,3690
2026-02-24T21:00:00+00:00,184.14249999999998,184.1745,184.0955,184.15849999999998,1879
2026-02-24T21:30:00+00:00,184.15849999999998,184.1925,184.01549999999997,184.0195,1803
2026-02-24T22:00:00+00:00,184.0195,184.0835,184.01649999999998,184.03649999999993,605.9676086239217
2026-02-24T22:30:00+00:00,184.03649999999993,184.07949999999994,183.98849999999996,184.03149999999997,1440.0709745072113
2026-02-24T23:00:00+00:00,184.03149999999997,184.14549999999997,184.00249999999997,184.10349999999997,1581
2026-02-24T23:30:00+00:00,184.10349999999997,184.15149999999997,184.06349999999998,184.15049999999997,2835
2026-02-25T00:00:00+00:00,184.15049999999997,184.2625,184.1075,184.20049999999998,5736
2026-02-25T00:30:00+00:00,184.20049999999998,184.23749999999998,183.92149999999998,183.92849999999999,12820
2026-02-25T01:00:00+00:00,183.92849999999999,184.07649999999998,183.89749999999998,184.07049999999998,8543
2026-02-25T01:30:00+00:00,184.07049999999998,184.1135,183.93449999999999,184.06449999999998,7160
2026-02-25T02:00:00+00:00,184.06449999999998,184.11049999999997,183.95649999999998,183.9765,7756
2026-02-25T02:30:00+00:00,183.9765,184.0545,183.78249999999997,183.91649999999998,16235
2026-02-25T03:00:00+00:00,183.91649999999998,184.5005,183.80149999999998,184.3695,16591
2026-02-25T03:30:00+00:00,184.3695,184.4115,184.26149999999998,184.29449999999997,14098
2026-02-25T04:00:00+00:00,184.29449999999997,184.53449999999998,184.29049999999998,184.4465,7969
2026-02-25T04:30:00+00:00,184.4465,184.4585,184.24849999999998,184.27249999999998,7041
2026-02-25T05:00:00+00:00,184.27249999999998,184.35249999999996,184.26349999999996,184.3345,6173
2026-02-25T05:30:00+00:00,184.3345,184.41449999999998,184.18349999999998,184.20149999999998,7520
2026-02-25T06:00:00+00:00,184.20149999999998,184.30349999999999,184.13649999999998,184.2805,8129
2026-02-25T06:30:00+00:00,184.2805,184.48649999999998,184.22949999999997,184.40849999999998,7834
2026-02-25T07:00:00+00:00,184.40849999999998,184.5775,184.37749999999997,184.45549999999997,9766
2026-02-25T07:30:00+00:00,184.45549999999997,184.54649999999998,184.3935,184.52549999999997,9948
2026-02-25T08:00:00+00:00,184.52549999999997,184.73549999999997,184.52249999999998,184.71649999999997,15482
2026-02-25T08:30:00+00:00,184.71649999999997,184.87049999999996,184.68749999999997,184.87049999999996,8375
2026-02-25T09:00:00+00:00,184.87049999999996,185.26349999999996,184.86149999999998,185.1965,8830
2026-02-25T09:30:00+00:00,185.1965,185.24049999999997,184.8575,185.13249999999996,10556
2026-02-25T10:00:00+00:00,185.13249999999996,185.21149999999997,185.09349999999995,185.19049999999996,6836
2026-02-25T10:30:00+00:00,185.19049999999996,185.29149999999996,185.15049999999997,185.25949999999997,6674
2026-02-25T11:00:00+00:00,185.25949999999997,185.26749999999996,185.14749999999995,185.14949999999996,5845
2026-02-25T11:30:00+00:00,185.14949999999996,185.22949999999997,185.11849999999995,185.21349999999995,5430
2026-02-25T12:00:00+00:00,185.21349999999995,185.24149999999997,185.15949999999995,185.17449999999997,5926
2026-02-25T12:30:00+00:00,185.17449999999997,185.35249999999996,185.15049999999997,185.26149999999996,7180
2026-02-25T13:00:00+00:00,185.26149999999996,185.31349999999998,185.20549999999997,185.21749999999997,8319
2026-02-25T13:30:00+00:00,185.21749999999997,185.23149999999995,185.03449999999995,185.07349999999997,8498
2026-02-25T14:00:00+00:00,185.07349999999997,185.20149999999995,185.00749999999996,185.12949999999995,14177
2026-02-25T14:30:00+00:00,185.12949999999995,185.18249999999995,184.98149999999995,185.17249999999996,16490
2026-02-25T15:00:00+00:00,185.17249999999996,185.18749999999997,185.05249999999995,185.13849999999996,16342
2026-02-25T15:30:00+00:00,185.13849999999996,185.17849999999996,185.00749999999996,185.12449999999995,14898
2026-02-25T16:00:00+00:00,185.12449999999995,185.26749999999996,185.11149999999995,185.20749999999995,13887
2026-02-25T16:30:00+00:00,185.20749999999995,185.22449999999995,185.08949999999996,185.08949999999996,10482
2026-02-25T17:00:00+00:00,185.08949999999996,185.19949999999997,185.07749999999996,185.15349999999995,9244
2026-02-25T17:30:00+00:00,185.15349999999995,185.26249999999996,185.14749999999995,185.17149999999995,7856
2026-02-25T18:00:00+00:00,185.17149999999995,185.24249999999995,185.13949999999997,185.19549999999995,6090
2026-02-25T18:30:00+00:00,185.19549999999995,185.22649999999996,185.13949999999997,185.21049999999997,3731
2026-02-25T19:00:00+00:00,185.21049999999997,185.31349999999995,185.19349999999997,185.30749999999995,4981
2026-02-25T19:30:00+00:00,185.30749999999995,185.36249999999995,185.27349999999996,185.27849999999995,4901
2026-02-25T20:00:00+00:00,185.27849999999995,185.29549999999995,185.21249999999995,185.24449999999996,4287
2026-02-25T20:30:00+00:00,185.24449999999996,185.30049999999997,185.18449999999996,185.28249999999997,6418
2026-02-25T21:00:00+00:00,185.28249999999997,185.32149999999996,185.24249999999995,185.24849999999995,2695
2026-02-25T21:30:00+00:00,185.24849999999995,185.31849999999997,185.20349999999996,185.20349999999996,3527
2026-02-25T22:00:00+00:00,185.20349999999996,185.22049999999996,185.08649999999997,185.09049999999996,646
2026-02-25T22:30:00+00:00,185.09049999999996,185.22849999999997,185.07749999999996,185.19549999999995,1407
2026-02-25T23:00:00+00:00,185.19549999999995,185.22049999999996,185.08749999999995,185.13849999999996,2662
2026-02-25T23:30:00+00:00,185.13849999999996,185.17349999999996,185.04349999999997,185.10149999999996,4451
2026-02-26T00:00:00+00:00,185.10149999999996,185.16849999999997,184.96749999999994,184.99649999999997,7954
2026-02-26T00:30:00+00:00,184.99649999999997,185.04849999999996,184.91649999999996,184.95349999999996,10735
2026-02-26T01:00:00+00:00,184.95349999999996,185.03449999999995,184.87849999999995,184.92649999999995,11735
2026-02-26T01:30:00+00:00,184.92649999999995,185.02449999999996,184.86049999999994,184.89249999999996,11855
2026-02-26T02:00:00+00:00,184.89249999999996,184.93349999999995,184.79549999999995,184.92549999999997,8614
2026-02-26T02:30:00+00:00,184.92549999999997,184.95049999999995,184.83549999999997,184.86649999999995,7730
2026-02-26T03:00:00+00:00,184.86649999999995,184.89049999999995,184.76649999999995,184.82349999999997,8280
2026-02-26T03:30:00+00:00,184.82349999999997,184.91449999999995,184.76949999999997,184.86049999999994,6136
2026-02-26T04:00:00+00:00,184.86049999999994,184.93749999999994,184.81349999999995,184.93649999999997,6201
2026-02-26T04:30:00+00:00,184.93649999999997,185.01849999999996,184.82449999999994,184.83949999999996,7598
2026-02-26T05:00:00+00:00,184.83949999999996,184.89249999999996,184.77249999999995,184.87249999999995,9255
2026-02-26T05:30:00+00:00,184.87249999999995,184.92049999999995,184.66949999999994,184.90649999999997,9501
2026-02-26T06:00:00+00:00,184.90649999999997,185.00849999999994,184.86549999999994,184.98249999999996,9067
2026-02-26T06:30:00+00:00,184.98249999999996,185.00149999999996,184.88749999999996,184.94049999999996,9912
2026-02-26T07:00:00+00:00,184.94049999999996,185.08349999999996,184.93149999999994,185.04349999999997,12699
2026-02-26T07:30:00+00:00,185.04349999999997,185.05849999999995,184.91449999999995,184.97349999999994,9684
2026-02-26T08:00:00+00:00,184.97349999999994,184.97449999999995,184.74049999999997,184.82349999999997,15301
2026-02-26T08:30:00+00:00,184.82349999999997,184.85349999999997,184.65049999999997,184.71049999999997,10775
2026-02-26T09:00:00+00:00,184.71049999999997,184.72949999999994,184.59349999999995,184.72649999999996,11600
2026-02-26T09:30:00+00:00,184.72649999999996,184.74449999999996,184.62049999999996,184.70349999999996,9858
2026-02-26T10:00:00+00:00,184.70349999999996,184.74649999999997,184.66849999999997,184.71049999999997,6092
2026-02-26T10:30:00+00:00,184.71049999999997,184.71249999999995,184.54849999999996,184.59649999999996,5012
2026-02-26T11:00:00+00:00,184.59649999999996,184.72149999999996,184.58849999999995,184.71749999999994,7850
2026-02-26T11:30:00+00:00,184.71749999999994,184.77249999999995,184.70849999999996,184.76349999999994,7358
2026-02-26T12:00:00+00:00,184.76349999999994,184.81749999999994,184.72149999999993,184.75149999999994,8804
2026-02-26T12:30:00+00:00,184.75149999999994,184.95649999999995,184.74049999999994,184.89749999999995,8867
2026-02-26T13:00:00+00:00,184.89749999999995,185.00949999999995,184.81849999999994,184.85649999999995,12648
2026-02-26T13:30:00+00:00,184.85649999999995,184.98449999999994,184.79649999999995,184.96249999999995,14257
2026-02-26T14:00:00+00:00,184.96249999999995,185.01149999999996,184.92549999999994,184.93249999999995,13137
2026-02-26T14:30:00+00:00,184.93249999999995,184.97049999999993,184.67249999999993,184.78349999999995,22866
2026-02-26T15:00:00+00:00,184.78349999999995,184.87549999999993,184.40849999999995,184.50849999999994,21966
2026-02-26T15:30:00+00:00,184.50849999999994,184.70449999999994,184.47849999999994,184.70349999999993,19755
2026-02-26T16:00:00+00:00,184.70349999999993,184.83949999999993,184.67749999999995,184.78749999999994,14888
2026-02-26T16:30:00+00:00,184.78749999999994,184.83649999999994,184.68349999999995,184.69949999999994,12553
2026-02-26T17:00:00+00:00,184.69949999999994,184.77049999999994,184.67149999999992,184.74549999999994,9970
2026-02-26T17:30:00+00:00,184.74549999999994,184.78849999999994,184.67849999999993,184.75649999999993,9623
2026-02-26T18:00:00+00:00,184.75649999999993,184.81649999999993,184.70049999999995,184.80349999999993,10282
2026-02-26T18:30:00+00:00,184.80349999999993,184.90249999999995,184.78549999999993,184.87549999999993,11622
2026-02-26T19:00:00+00:00,184.87549999999993,184.88349999999994,184.81549999999993,184.84449999999993,6428
2026-02-26T19:30:00+00:00,184.84449999999993,184.87949999999992,184.76549999999995,184.77049999999994,4658
2026-02-26T20:00:00+00:00,184.77049999999994,184.78749999999994,184.75149999999994,184.76949999999994,3357
2026-02-26T20:30:00+00:00,184.76949999999994,184.84449999999993,184.75649999999993,184.84449999999993,5918
2026-02-26T21:00:00+00:00,184.84449999999993,184.87049999999994,184.77449999999993,184.78549999999993,3036
2026-02-26T21:30:00+00:00,184.78549999999993,184.79449999999994,184.72149999999993,184.75449999999992,2677
2026-02-26T22:00:00+00:00,184.75449999999992,184.79449999999994,184.67349999999993,184.74549999999994,1394.1270458596662
2026-02-26T22:30:00+00:00,184.74549999999994,184.80449999999993,184.71849999999995,184.77749999999995,3363
2026-02-26T23:00:00+00:00,184.77749999999995,184.77849999999995,184.61449999999994,184.71449999999993,2381
2026-02-26T23:30:00+00:00,184.71449999999993,184.71649999999994,184.53649999999993,184.58749999999995,4417
2026-02-27T00:00:00+00:00,184.58749999999995,184.69449999999995,184.49549999999994,184.51849999999993,7050
2026-02-27T00:30:00+00:00,184.51849999999993,184.52449999999993,184.31849999999994,184.51649999999995,12512
2026-02-27T01:00:00+00:00,184.51649999999995,184.57249999999993,184.36449999999994,184.51449999999994,11919
2026-02-27T01:30:00+00:00,184.51449999999994,184.60749999999996,184.49649999999994,184.55649999999994,8486
2026-02-27T02:00:00+00:00,184.55649999999994,184.59749999999997,184.47549999999995,184.48149999999995,6201
2026-02-27T02:30:00+00:00,184.48149999999995,184.51849999999996,184.41449999999995,184.43849999999995,6165
2026-02-27T03:00:00+00:00,184.43849999999995,184.54149999999996,184.43149999999994,184.50849999999997,5117
2026-02-27T03:30:00+00:00,184.50849999999997,184.58549999999997,184.45649999999995,184.52649999999997,4493
2026-02-27T04:00:00+00:00,184.52649999999997,184.60749999999996,184.42249999999996,184.42449999999997,6483
2026-02-27T04:30:00+00:00,184.42449999999997,184.47849999999997,184.37849999999995,184.42149999999995,5514
2026-02-27T05:00:00+00:00,184.42149999999995,184.63749999999996,184.40749999999994,184.63649999999996,4857
2026-02-27T05:30:00+00:00,184.63649999999996,184.67049999999995,184.57849999999996,184.66649999999996,6302
2026-02-27T06:00:00+00:00,184.66649999999996,184.73849999999996,184.62649999999996,184.71249999999995,6180
2026-02-27T06:30:00+00:00,184.71249999999995,184.75149999999996,184.62649999999996,184.67449999999994,5384
2026-02-27T07:00:00+00:00,184.67449999999994,184.91749999999996,184.67449999999994,184.90049999999994,8622
2026-02-27T07:30:00+00:00,184.90049999999994,185.14449999999994,184.87649999999994,185.09049999999993,10064
2026-02-27T08:00:00+00:00,185.09049999999993,185.14749999999995,184.98549999999994,185.03749999999994,12640
2026-02-27T08:30:00+00:00,185.03749999999994,185.11949999999996,184.97349999999994,185.06449999999995,8668
2026-02-27T09:00:00+00:00,185.06449999999995,185.12949999999995,184.99649999999994,185.05349999999996,8575
2026-02-27T09:30:00+00:00,185.05349999999996,185.09249999999994,184.74249999999995,184.76349999999994,9084
2026-02-27T10:00:00+00:00,184.76349999999994,184.80049999999994,184.69549999999995,184.76949999999994,6604
2026-02-27T10:30:00+00:00,184.76949999999994,184.78349999999995,184.69949999999994,184.70849999999996,5322
2026-02-27T11:00:00+00:00,184.70849999999996,184.73449999999994,184.64449999999994,184.66149999999996,5928
2026-02-27T11:30:00+00:00,184.66149999999996,184.71049999999994,184.60849999999994,184.65149999999994,6912
2026-02-27T12:00:00+00:00,184.65149999999994,184.71549999999993,184.62149999999994,184.69649999999993,7991
2026-02-27T12:30:00+00:00,184.69649999999993,184.77749999999995,184.63649999999993,184.66249999999994,8687
2026-02-27T13:00:00+00:00,184.66249999999994,184.88349999999994,184.65049999999994,184.77349999999993,12051
2026-02-27T13:30:00+00:00,184.77349999999993,184.86449999999994,184.70449999999994,184.83949999999993,15608
2026-02-27T14:00:00+00:00,184.83949999999993,184.93349999999995,184.80249999999995,184.84449999999993,13870
2026-02-27T14:30:00+00:00,184.84449999999993,184.99549999999994,184.82849999999993,184.91949999999994,16647
2026-02-27T15:00:00+00:00,184.91949999999994,185.01849999999993,184.88349999999994,184.98849999999993,14036
2026-02-27T15:30:00+00:00,184.98849999999993,185.10149999999993,184.89849999999993,184.95049999999995,17542
2026-02-27T16:00:00+00:00,184.95049999999995,185.14049999999995,184.93349999999995,185.09049999999993,14106
2026-02-27T16:30:00+00:00,185.09049999999993,185.17349999999993,185.08649999999994,185.16549999999995,10473
2026-02-27T17:00:00+00:00,185.16549999999995,185.22849999999994,185.10049999999993,185.11049999999994,9344
2026-02-27T17:30:00+00:00,185.11049999999994,185.13449999999995,185.03049999999993,185.07849999999993,8897
2026-02-27T18:00:00+00:00,185.07849999999993,185.09949999999995,185.02049999999994,185.04849999999993,7475
2026-02-27T18:30:00+00:00,185.04849999999993,185.06049999999993,184.97549999999993,185.04849999999993,6854
2026-02-27T19:00:00+00:00,185.04849999999993,185.06949999999995,184.96749999999994,184.98349999999994,6287
2026-02-27T19:30:00+00:00,184.98349999999994,185.09149999999994,184.97049999999993,185.07749999999993,5099
2026-02-27T20:00:00+00:00,185.07749999999993,185.16949999999994,185.06649999999993,185.14849999999993,5191
2026-02-27T20:30:00+00:00,185.14849999999993,185.21649999999994,185.11149999999995,185.21649999999994,7650
2026-02-27T21:00:00+00:00,185.21649999999994,185.21649999999994,185.05949999999993,185.06149999999994,4922
2026-02-27T21:30:00+00:00,185.06149999999994,185.15349999999995,185.02049999999994,185.06149999999994,4087
2026-03-01T22:00:00+00:00,185.06149999999994,185.36349999999993,184.98349999999994,185.29649999999992,1239
2026-03-01T22:30:00+00:00,185.29649999999992,185.38649999999993,185.19249999999994,185.29449999999994,1895.988307155323
2026-03-01T23:00:00+00:00,185.29449999999994,185.72949999999994,185.20649999999992,185.61649999999995,11868
2026-03-01T23:30:00+00:00,185.61649999999995,185.73149999999993,185.58049999999994,185.69049999999993,15129
2026-03-02T00:00:00+00:00,185.69049999999993,185.90349999999992,185.54349999999994,185.55849999999992,16371
2026-03-02T00:30:00+00:00,185.55849999999992,185.72349999999994,185.51649999999992,185.70449999999994,16845
2026-03-02T01:00:00+00:00,185.70449999999994,185.95649999999992,185.70449999999994,185.82049999999992,21077
2026-03-02T01:30:00+00:00,185.82049999999992,185.87649999999994,185.71649999999994,185.72149999999993,13987
2026-03-02T02:00:00+00:00,185.72149999999993,185.81949999999992,185.65449999999993,185.65949999999992,11732
2026-03-02T02:30:00+00:00,185.65949999999992,185.78149999999994,185.63949999999994,185.74549999999994,11847
2026-03-02T03:00:00+00:00,185.74549999999994,185.82449999999994,185.69949999999994,185.73449999999994,9996
2026-03-02T03:30:00+00:00,185.73449999999994,185.83549999999994,185.70749999999992,185.78549999999993,10088
2026-03-02T04:00:00+00:00,185.78549999999993,185.88849999999994,185.75749999999994,185.88149999999993,8843
2026-03-02T04:30:00+00:00,185.88149999999993,186.01849999999993,185.87649999999994,185.99349999999993,7462
2026-03-02T05:00:00+00:00,185.99349999999993,186.08849999999993,185.96149999999994,186.06049999999993,9351
2026-03-02T05:30:00+00:00,186.06049999999993,186.19749999999993,185.99949999999993,186.04049999999992,9788
2026-03-02T06:00:00+00:00,186.04049999999992,186.06349999999992,185.75549999999993,185.79249999999993,14957
2026-03-02T06:30:00+00:00,185.79249999999993,185.84849999999994,185.50049999999993,185.56949999999992,17271
2026-03-02T07:00:00+00:00,185.56949999999992,185.68949999999992,185.41749999999993,185.49049999999994,20632
2026-03-02T07:30:00+00:00,185.49049999999994,185.59849999999994,185.25549999999993,185.42849999999993,19091
2026-03-02T08:00:00+00:00,185.42849999999993,185.65049999999994,185.40249999999992,185.41049999999993,22652
2026-03-02T08:30:00+00:00,185.41049999999993,185.59249999999994,185.40649999999994,185.52349999999993,16165
2026-03-02T09:00:00+00:00,185.52349999999993,185.68049999999994,185.49949999999993,185.65949999999992,15382
2026-03-02T09:30:00+00:00,185.65949999999992,185.74249999999992,185.58549999999994,185.72449999999992,13315
2026-03-02T10:00:00+00:00,185.72449999999992,185.77249999999992,185.64849999999993,185.71349999999993,13931
2026-03-02T10:30:00+00:00,185.71349999999993,185.75649999999993,185.64749999999992,185.70549999999994,10746
2026-03-02T11:00:00+00:00,185.70549999999994,185.71049999999994,185.57849999999993,185.58149999999992,10971
2026-03-02T11:30:00+00:00,185.58149999999992,185.70449999999994,185.55649999999994,185.67249999999993,10844
2026-03-02T12:00:00+00:00,185.67249999999993,185.77649999999994,185.66549999999995,185.69949999999994,14769
2026-03-02T12:30:00+00:00,185.69949999999994,185.75749999999994,185.60149999999993,185.69949999999994,16242
2026-03-02T13:00:00+00:00,185.69949999999994,185.97749999999994,185.67849999999993,185.91549999999995,20537
2026-03-02T13:30:00+00:00,185.91549999999995,185.92549999999994,185.75049999999993,185.77949999999993,17525
2026-03-02T14:00:00+00:00,185.77949999999993,185.94549999999995,185.71349999999995,185.91149999999993,17442
2026-03-02T14:30:00+00:00,185.91149999999993,186.08149999999995,185.87049999999994,186.03149999999994,22423
2026-03-02T15:00:00+00:00,186.03149999999994,186.12149999999994,186.00249999999994,186.04249999999993,22185
2026-03-02T15:30:00+00:00,186.04249999999993,186.09049999999993,185.67549999999994,185.74349999999995,20405
2026-03-02T16:00:00+00:00,185.74349999999995,185.74349999999995,185.60749999999993,185.61649999999995,16307
2026-03-02T16:30:00+00:00,185.61649999999995,185.63449999999995,185.38849999999994,185.60449999999994,17726
2026-03-02T17:00:00+00:00,185.60449999999994,185.71249999999995,185.53449999999995,185.64649999999995,12939
2026-03-02T17:30:00+00:00,185.64649999999995,185.74649999999994,185.61949999999993,185.73149999999995,10144
2026-03-02T18:00:00+00:00,185.73149999999995,185.73549999999994,185.56349999999995,185.62249999999995,8256
2026-03-02T18:30:00+00:00,185.62249999999995,185.63949999999994,185.50849999999994,185.54849999999993,5276
2026-03-02T19:00:00+00:00,185.54849999999993,185.58449999999993,185.49849999999995,185.56049999999993,6781
2026-03-02T19:30:00+00:00,185.56049999999993,185.62249999999995,185.51949999999994,185.54749999999993,7595
2026-03-02T20:00:00+00:00,185.54749999999993,185.55949999999993,185.40949999999995,185.42149999999995,16706
2026-03-02T20:30:00+00:00,185.42149999999995,185.45749999999995,185.36049999999994,185.45449999999994,11485
2026-03-02T21:00:00+00:00,185.45449999999994,185.57449999999994,185.43249999999995,185.54049999999995,4762
2026-03-02T21:30:00+00:00,185.54049999999995,185.54649999999995,185.34449999999995,185.34449999999995,4754
2026-03-02T22:00:00+00:00,185.34449999999995,185.45149999999995,185.25649999999996,185.45049999999995,554.8994971724251
2026-03-02T22:30:00+00:00,185.45049999999995,185.47049999999993,185.33349999999993,185.41449999999995,1252
2026-03-02T23:00:00+00:00,185.41449999999995,185.47749999999994,185.34349999999995,185.41749999999993,3046
2026-03-02T23:30:00+00:00,185.41749999999993,185.46149999999994,185.34649999999993,185.39449999999994,6050
2026-03-03T00:00:00+00:00,185.39449999999994,185.47849999999994,185.28749999999994,185.45949999999993,9561
2026-03-03T00:30:00+00:00,185.45949999999993,185.65649999999994,185.44649999999993,185.65649999999994,10190
2026-03-03T01:00:00+00:00,185.65649999999994,185.81249999999994,185.64949999999993,185.68349999999995,14323
2026-03-03T01:30:00+00:00,185.68349999999995,185.68449999999993,185.45149999999995,185.45749999999995,13005
2026-03-03T02:00:00+00:00,185.45749999999995,185.53449999999995,185.31949999999995,185.38249999999994,14617
2026-03-03T02:30:00+00:00,185.38249999999994,185.42549999999994,185.34849999999994,185.37249999999995,9287
2026-03-03T03:00:00+00:00,185.37249999999995,185.43649999999994,185.33149999999995,185.35149999999993,8246
2026-03-03T03:30:00+00:00,185.35149999999993,185.39849999999993,185.28549999999993,185.34449999999995,8532
2026-03-03T04:00:00+00:00,185.34449999999995,185.38649999999993,185.27749999999995,185.34449999999995,8761
2026-03-03T04:30:00+00:00,185.34449999999995,185.37349999999995,185.31049999999993,185.33449999999993,8330
2026-03-03T05:00:00+00:00,185.33449999999993,185.41649999999993,185.18649999999994,185.18849999999995,10334
2026-03-03T05:30:00+00:00,185.18849999999995,185.20049999999995,185.07349999999994,185.10849999999994,12759
2026-03-03T06:00:00+00:00,185.10849999999994,185.17849999999993,184.98749999999993,185.07949999999994,12261
2026-03-03T06:30:00+00:00,185.07949999999994,185.08249999999995,184.89549999999994,184.93749999999994,12344
2026-03-03T07:00:00+00:00,184.93749999999994,185.00249999999994,184.70549999999994,184.88749999999993,16072
2026-03-03T07:30:00+00:00,184.88749999999993,184.92949999999993,184.63649999999993,184.76249999999993,18036
2026-03-03T08:00:00+00:00,184.76249999999993,184.88249999999994,184.54249999999993,184.65149999999994,22079
2026-03-03T08:30:00+00:00,184.65149999999994,184.69649999999993,184.50849999999994,184.54949999999994,17351
2026-03-03T09:00:00+00:00,184.54949999999994,184.67549999999994,184.46249999999995,184.63849999999994,20987
2026-03-03T09:30:00+00:00,184.63849999999994,184.73049999999995,184.35249999999994,184.44949999999994,18305
2026-03-03T10:00:00+00:00,184.44949999999994,184.57049999999995,184.42849999999993,184.51649999999995,16752
2026-03-03T10:30:00+00:00,184.51649999999995,184.57649999999995,184.39849999999993,184.44049999999993,20731
2026-03-03T11:00:00+00:00,184.44049999999993,184.58349999999993,184.37349999999995,184.44749999999993,14799
2026-03-03T11:30:00+00:00,184.44749999999993,184.65349999999995,184.33049999999994,184.34649999999993,18885
2026-03-03T12:00:00+00:00,184.34649999999993,184.43349999999995,184.27349999999993,184.37349999999995,23444
2026-03-03T12:30:00+00:00,184.37349999999995,184.59949999999995,184.36149999999995,184.54949999999994,17316
2026-03-03T13:00:00+00:00,184.54949999999994,184.56749999999994,184.45149999999995,184.51449999999994,16299
2026-03-03T13:30:00+00:00,184.51449999999994,184.52749999999995,184.36949999999993,184.37849999999995,16941
2026-03-03T14:00:00+00:00,184.37849999999995,184.54649999999995,184.16949999999994,184.26349999999994,22924
2026-03-03T14:30:00+00:00,184.26349999999994,184.32949999999994,183.89449999999994,183.90749999999994,30714
2026-03-03T15:00:00+00:00,183.90749999999994,183.98649999999995,183.50849999999994,183.87249999999995,31905
2026-03-03T15:30:00+00:00,183.87249999999995,184.33349999999993,183.86149999999995,184.14749999999995,31342
2026-03-03T16:00:00+00:00,184.14749999999995,184.42449999999994,184.14749999999995,184.35249999999994,27657
2026-03-03T16:30:00+00:00,184.35249999999994,184.48249999999993,184.20849999999993,184.44549999999995,27227
2026-03-03T17:00:00+00:00,184.44549999999995,184.46449999999993,184.28649999999993,184.40749999999994,23289
2026-03-03T17:30:00+00:00,184.40749999999994,184.50049999999993,184.35649999999993,184.41149999999993,20024
2026-03-03T18:00:00+00:00,184.41149999999993,184.55849999999995,184.41149999999993,184.48949999999994,16387
2026-03-03T18:30:00+00:00,184.48949999999994,184.61049999999994,184.43749999999994,184.59849999999994,17808
2026-03-03T19:00:00+00:00,184.59849999999994,184.62849999999995,184.50049999999993,184.53049999999993,13818
2026-03-03T19:30:00+00:00,184.53049999999993,184.67149999999995,184.51549999999995,184.56249999999994,22451
2026-03-03T20:00:00+00:00,184.56249999999994,184.59049999999993,184.48349999999994,184.56249999999994,14518
2026-03-03T20:30:00+00:00,184.56249999999994,184.65349999999995,184.52849999999995,184.64249999999993,12144
2026-03-03T21:00:00+00:00,184.64249999999993,184.67549999999994,184.56249999999994,184.59849999999994,6055
2026-03-03T21:30:00+00:00,184.59849999999994,184.65449999999993,184.56449999999995,184.64249999999993,4451
2026-03-03T22:00:00+00:00,184.64249999999993,184.64249999999993,184.24649999999994,184.48449999999994,1249.4416924629725
2026-03-03T22:30:00+00:00,184.48449999999994,184.49249999999995,184.38349999999994,184.43749999999994,3052
2026-03-03T23:00:00+00:00,184.43749999999994,184.63149999999993,184.42749999999995,184.59949999999995,4118
2026-03-03T23:30:00+00:00,184.59949999999995,184.69649999999993,184.58149999999995,184.65349999999995,4779
2026-03-04T00:00:00+00:00,184.65349999999995,184.70749999999995,184.29749999999993,184.35549999999995,14690
2026-03-04T00:30:00+00:00,184.35549999999995,184.38649999999993,184.07949999999994,184.10949999999994,9832
2026-03-04T01:00:00+00:00,184.10949999999994,184.28749999999994,184.03449999999995,184.10649999999993,16055
2026-03-04T01:30:00+00:00,184.10649999999993,184.31049999999993,184.06349999999995,184.18549999999993,16633
2026-03-04T02:00:00+00:00,184.18549999999993,184.25549999999993,184.14449999999994,184.20349999999993,13651
2026-03-04T02:30:00+00:00,184.20349999999993,184.31249999999994,184.11849999999993,184.26449999999994,12440
2026-03-04T03:00:00+00:00,184.26449999999994,184.31449999999995,184.21649999999994,184.29949999999994,9460
2026-03-04T03:30:00+00:00,184.29949999999994,184.30449999999993,184.14049999999995,184.20249999999993,10204
2026-03-04T04:00:00+00:00,184.20249999999993,184.20249999999993,183.87449999999993,183.90049999999994,6269
2026-03-04T04:30:00+00:00,183.90049999999994,184.01349999999994,183.85149999999993,183.92249999999993,9837
2026-03-04T05:00:00+00:00,183.92249999999993,184.08149999999995,183.90149999999994,184.07349999999994,10721
2026-03-04T05:30:00+00:00,184.07349999999994,184.20549999999994,184.06249999999994,184.18249999999995,10445
2026-03-04T06:00:00+00:00,184.18249999999995,184.36349999999993,184.15749999999994,184.35249999999994,8270
2026-03-04T06:30:00+00:00,184.35249999999994,184.39049999999995,184.25149999999994,184.26249999999993,7672
2026-03-04T07:00:00+00:00,184.26249999999993,184.38549999999995,184.18849999999995,184.31549999999993,9571
2026-03-04T07:30:00+00:00,184.31549999999993,184.45649999999995,184.27549999999994,184.37649999999994,11149
2026-03-04T08:00:00+00:00,184.37649999999994,184.38349999999994,183.98949999999994,184.05049999999994,21134
2026-03-04T08:30:00+00:00,184.05049999999994,184.25549999999993,184.03749999999994,184.05549999999994,18101
2026-03-04T09:00:00+00:00,184.05549999999994,184.28649999999993,183.93749999999994,184.16249999999994,17911
2026-03-04T09:30:00+00:00,184.16249999999994,184.20849999999993,183.93749999999994,183.95749999999995,14298
2026-03-04T10:00:00+00:00,183.95749999999995,184.33949999999993,183.95249999999993,184.32449999999994,27905
2026-03-04T10:30:00+00:00,184.32449999999994,184.51349999999994,184.21349999999995,184.46549999999993,14430
2026-03-04T11:00:00+00:00,184.46549999999993,184.60449999999994,184.41249999999994,184.44249999999994,13741
2026-03-04T11:30:00+00:00,184.44249999999994,184.44249999999994,184.26249999999993,184.40049999999994,9849
2026-03-04T12:00:00+00:00,184.40049999999994,184.44949999999994,184.35749999999993,184.35949999999994,12567
2026-03-04T12:30:00+00:00,184.35949999999994,184.45849999999993,184.31149999999994,184.43849999999995,13596
2026-03-04T13:00:00+00:00,184.43849999999995,184.54549999999995,184.41949999999994,184.50849999999994,18604
2026-03-04T13:30:00+00:00,184.50849999999994,184.52249999999995,184.39449999999994,184.43249999999995,18133
2026-03-04T14:00:00+00:00,184.43249999999995,184.54149999999993,184.41049999999993,184.48349999999994,18015
2026-03-04T14:30:00+00:00,184.48349999999994,184.54749999999993,184.24149999999995,184.27649999999994,27463
2026-03-04T15:00:00+00:00,184.27649999999994,184.51149999999993,184.24749999999995,184.50349999999995,20216
2026-03-04T15:30:00+00:00,184.50349999999995,184.51149999999993,184.29049999999995,184.36949999999993,19760
2026-03-04T16:00:00+00:00,184.36949999999993,184.39449999999994,184.07549999999995,184.13049999999993,16769
2026-03-04T16:30:00+00:00,184.13049999999993,184.17449999999994,184.06049999999993,184.10949999999994,11824
2026-03-04T17:00:00+00:00,184.10949999999994,184.15849999999995,184.01149999999993,184.01249999999993,11420
2026-03-04T17:30:00+00:00,184.01249999999993,184.12449999999993,183.95449999999994,184.09149999999994,9953
2026-03-04T18:00:00+00:00,184.09149999999994,184.15949999999995,184.06249999999994,184.13949999999994,8234
2026-03-04T18:30:00+00:00,184.13949999999994,184.20349999999993,184.12749999999994,184.16649999999993,6790
2026-03-04T19:00:00+00:00,184.16649999999993,184.18249999999995,184.10849999999994,184.13149999999993,5953
2026-03-04T19:30:00+00:00,184.13149999999993,184.22949999999994,184.11349999999993,184.22649999999993,6919
2026-03-04T20:00:00+00:00,184.22649999999993,184.31949999999995,184.20149999999995,184.29449999999994,6159
2026-03-04T20:30:00+00:00,184.29449999999994,184.36049999999994,184.28549999999993,184.33449999999993,6475
2026-03-04T21:00:00+00:00,184.33449999999993,184.34949999999995,184.24349999999993,184.27549999999994,3590
2026-03-04T21:30:00+00:00,184.27549999999994,184.29149999999993,184.15549999999993,184.17549999999994,4089
2026-03-04T22:00:00+00:00,184.17549999999994,184.17549999999994,184.01549999999995,184.14249999999993,705.6608111470515
2026-03-04T22:30:00+00:00,184.14249999999993,184.17449999999994,184.13149999999993,184.14349999999993,842
2026-03-04T23:00:00+00:00,184.14349999999993,184.24449999999993,184.14349999999993,184.22149999999993,2162
2026-03-04T23:30:00+00:00,184.22149999999993,184.24149999999995,184.11649999999995,184.11949999999993,3326
2026-03-05T00:00:00+00:00,184.11949999999993,184.12349999999995,183.93749999999994,184.04149999999993,8371
2026-03-05T00:30:00+00:00,184.04149999999993,184.04849999999993,183.76649999999995,183.80349999999993,11474
2026-03-05T01:00:00+00:00,183.80349999999993,183.92549999999994,183.68949999999995,183.69849999999994,13475
2026-03-05T01:30:00+00:00,183.69849999999994,183.76749999999993,183.64349999999993,183.76449999999994,13777
2026-03-05T02:00:00+00:00,183.76449999999994,183.84249999999994,183.69949999999994,183.75949999999995,11475
2026-03-05T02:30:00+00:00,183.75949999999995,183.95349999999993,183.75649999999993,183.94449999999995,12085
2026-03-05T03:00:00+00:00,183.94449999999995,183.97349999999994,183.77549999999994,183.78849999999994,11449
2026-03-05T03:30:00+00:00,183.78849999999994,183.88849999999994,183.69949999999994,183.79149999999993,9485
2026-03-05T04:00:00+00:00,183.79149999999993,183.89749999999995,183.78349999999995,183.87149999999994,6001
2026-03-05T04:30:00+00:00,183.87149999999994,183.88549999999995,183.79049999999995,183.86949999999993,5418
2026-03-05T05:00:00+00:00,183.86949999999993,183.95949999999993,183.76249999999993,183.84849999999994,7876
2026-03-05T05:30:00+00:00,183.84849999999994,183.86749999999995,183.71649999999994,183.73649999999995,8455
2026-03-05T06:00:00+00:00,183.73649999999995,183.76349999999994,183.64149999999995,183.70849999999993,12899
2026-03-05T06:30:00+00:00,183.70849999999993,183.82949999999994,183.63249999999994,183.74949999999993,14500
2026-03-05T07:00:00+00:00,183.74949999999993,183.82949999999994,183.66749999999993,183.77649999999994,14867
2026-03-05T07:30:00+00:00,183.77649999999994,183.99249999999995,183.77649999999994,183.96649999999994,13294
2026-03-05T08:00:00+00:00,183.96649999999994,183.98349999999994,183.69249999999994,183.69749999999993,20505
2026-03-05T08:30:00+00:00,183.69749999999993,183.97449999999995,183.57949999999994,183.90449999999993,13664
2026-03-05T09:00:00+00:00,183.90449999999993,184.19749999999993,183.87849999999995,184.03349999999995,36185
2026-03-05T09:30:00+00:00,184.03349999999995,184.14849999999993,183.91249999999994,184.13449999999995,23861
2026-03-05T10:00:00+00:00,184.13449999999995,184.23149999999993,184.08549999999994,184.11849999999993,14618
2026-03-05T10:30:00+00:00,184.11849999999993,184.16449999999995,184.02849999999995,184.10649999999993,13849
2026-03-05T11:00:00+00:00,184.10649999999993,184.16949999999994,184.05849999999995,184.10449999999994,13933
2026-03-05T11:30:00+00:00,184.10449999999994,184.18249999999995,184.06449999999995,184.17749999999995,11971
2026-03-05T12:00:00+00:00,184.17749999999995,184.33749999999995,184.15149999999994,184.32049999999995,12272
2026-03-05T12:30:00+00:00,184.32049999999995,184.45449999999994,184.30649999999994,184.43249999999995,10849
2026-03-05T13:00:00+00:00,184.43249999999995,184.56949999999995,184.40549999999993,184.44849999999994,12642
2026-03-05T13:30:00+00:00,184.44849999999994,184.50549999999993,184.33549999999994,184.43949999999995,15532
2026-03-05T14:00:00+00:00,184.43949999999995,184.50049999999993,184.36449999999994,184.39249999999993,13569
2026-03-05T14:30:00+00:00,184.39249999999993,184.43549999999993,184.22249999999994,184.29149999999993,21982
2026-03-05T15:00:00+00:00,184.29149999999993,184.29949999999994,184.02649999999994,184.08249999999995,21490
2026-03-05T15:30:00+00:00,184.08249999999995,184.13949999999994,183.95549999999994,184.05149999999995,19583
2026-03-05T16:00:00+00:00,184.05149999999995,184.05149999999995,183.83949999999993,183.88249999999994,20234
2026-03-05T16:30:00+00:00,183.88249999999994,184.04449999999994,183.86349999999993,184.01549999999995,18855
2026-03-05T17:00:00+00:00,184.01549999999995,184.08649999999994,183.96549999999993,184.03149999999994,15697
2026-03-05T17:30:00+00:00,184.03149999999994,184.27949999999993,183.99349999999993,184.20349999999993,20767
2026-03-05T18:00:00+00:00,184.20349999999993,184.25749999999994,184.03949999999995,184.25749999999994,15567
2026-03-05T18:30:00+00:00,184.25749999999994,184.35349999999994,184.18149999999994,184.22649999999993,15537
2026-03-05T19:00:00+00:00,184.22649999999993,184.24249999999995,184.14449999999994,184.17349999999993,12012
2026-03-05T19:30:00+00:00,184.17349999999993,184.19049999999993,184.08949999999993,184.11249999999993,10410
2026-03-05T20:00:00+00:00,184.11249999999993,184.30449999999993,184.10249999999994,184.23449999999994,20844
2026-03-05T20:30:00+00:00,184.23449999999994,184.32749999999993,184.20649999999995,184.32149999999993,14718
2026-03-05T21:00:00+00:00,184.32149999999993,184.33049999999994,184.25949999999995,184.27449999999993,5723
2026-03-05T21:30:00+00:00,184.27449999999993,184.36749999999995,184.26249999999993,184.34549999999993,4735
2026-03-05T22:00:00+00:00,184.34549999999993,184.37749999999994,184.21449999999993,184.29249999999993,899.9081379443701
2026-03-05T22:30:00+00:00,184.29249999999993,184.35649999999993,184.25149999999994,184.28449999999992,1457
2026-03-05T23:00:00+00:00,184.28449999999992,184.40449999999993,184.24349999999993,184.39449999999994,2711
2026-03-05T23:30:00+00:00,184.39449999999994,184.40849999999992,184.26649999999992,184.34249999999992,5299
2026-03-06T00:00:00+00:00,184.34249999999992,184.41749999999993,184.18549999999993,184.36049999999992,12836
2026-03-06T00:30:00+00:00,184.36049999999992,184.38549999999992,184.21549999999993,184.29549999999992,10370
2026-03-06T01:00:00+00:00,184.29549999999992,184.43749999999994,184.26249999999993,184.38549999999992,10971
2026-03-06T01:30:00+00:00,184.38549999999992,184.43549999999993,184.34149999999994,184.37749999999994,14880
2026-03-06T02:00:00+00:00,184.37749999999994,184.48549999999992,184.37349999999992,184.48049999999992,6859
2026-03-06T02:30:00+00:00,184.48049999999992,184.49149999999992,184.40549999999993,184.42049999999992,4812
2026-03-06T03:00:00+00:00,184.42049999999992,184.46149999999994,184.40749999999994,184.45849999999993,4685
2026-03-06T03:30:00+00:00,184.45849999999993,184.47449999999992,184.41949999999994,184.47049999999993,5733
2026-03-06T04:00:00+00:00,184.47049999999993,184.54249999999993,184.45749999999992,184.53549999999993,5433
2026-03-06T04:30:00+00:00,184.53549999999993,184.59549999999993,184.52549999999994,184.57249999999993,5485
2026-03-06T05:00:00+00:00,184.57249999999993,184.70049999999992,184.56249999999994,184.69149999999993,5504
2026-03-06T05:30:00+00:00,184.69149999999993,184.71049999999994,184.56249999999994,184.66249999999994,7746
2026-03-06T06:00:00+00:00,184.66249999999994,184.71449999999993,184.58949999999993,184.63049999999993,7519
2026-03-06T06:30:00+00:00,184.63049999999993,184.72849999999994,184.59649999999993,184.60649999999993,7789
2026-03-06T07:00:00+00:00,184.60649999999993,184.64049999999992,184.53549999999993,184.53649999999993,7798
2026-03-06T07:30:00+00:00,184.53649999999993,184.54649999999992,184.42349999999993,184.43749999999994,8289
2026-03-06T08:00:00+00:00,184.43749999999994,184.43749999999994,184.25449999999992,184.32349999999994,14225
2026-03-06T08:30:00+00:00,184.32349999999994,184.45849999999993,184.30449999999993,184.39049999999992,10329
2026-03-06T09:00:00+00:00,184.39049999999992,184.41149999999993,184.28149999999994,184.32549999999992,13935
2026-03-06T09:30:00+00:00,184.32549999999992,184.33149999999992,184.15449999999993,184.16749999999993,16364
2026-03-06T10:00:00+00:00,184.16749999999993,184.24749999999992,184.16149999999993,184.22649999999993,11130
2026-03-06T10:30:00+00:00,184.22649999999993,184.30549999999994,184.21449999999993,184.26349999999994,9717
2026-03-06T11:00:00+00:00,184.26349999999994,184.28549999999993,184.08749999999992,184.26549999999992,14731
2026-03-06T11:30:00+00:00,184.26549999999992,184.27749999999992,184.08549999999994,184.09449999999993,12533
2026-03-06T12:00:00+00:00,184.09449999999993,184.17949999999993,183.96649999999994,184.11349999999993,15206
2026-03-06T12:30:00+00:00,184.11349999999993,184.13849999999994,184.00249999999994,184.03449999999992,15075
2026-03-06T13:00:00+00:00,184.03449999999992,184.09849999999992,183.96449999999993,183.96449999999993,15274
2026-03-06T13:30:00+00:00,183.96449999999993,184.08449999999993,183.80849999999992,183.88749999999993,40765
2026-03-06T14:00:00+00:00,183.88749999999993,184.08649999999994,183.84649999999993,184.07949999999994,29574
2026-03-06T14:30:00+00:00,184.07949999999994,184.13349999999994,183.87549999999993,183.91549999999992,30718
2026-03-06T15:00:00+00:00,183.91549999999992,184.22249999999994,183.89049999999992,184.09149999999994,26291
2026-03-06T15:30:00+00:00,184.09149999999994,184.17849999999993,183.83849999999993,183.94349999999994,26356
2026-03-06T16:00:00+00:00,183.94349999999994,184.32149999999993,183.93949999999992,184.25949999999992,23936
2026-03-06T16:30:00+00:00,184.25949999999992,184.41349999999994,184.21249999999992,184.41349999999994,22121
2026-03-06T17:00:00+00:00,184.41349999999994,184.43949999999992,184.30249999999992,184.37149999999994,21406
2026-03-06T17:30:00+00:00,184.37149999999994,184.54649999999992,184.37149999999994,184.44349999999994,17785
2026-03-06T18:00:00+00:00,184.44349999999994,184.63449999999992,184.44349999999994,184.53549999999993,20662
2026-03-06T18:30:00+00:00,184.53549999999993,184.56149999999994,184.46649999999994,184.50349999999992,11415
2026-03-06T19:00:00+00:00,184.50349999999992,184.62549999999993,184.49649999999994,184.61549999999994,12087
2026-03-06T19:30:00+00:00,184.61549999999994,184.63749999999993,184.56149999999994,184.61549999999994,10386
2026-03-06T20:00:00+00:00,184.61549999999994,184.69849999999994,184.61549999999994,184.66449999999992,9306
2026-03-06T20:30:00+00:00,184.66449999999992,184.76449999999994,184.62049999999994,184.72749999999994,11049
2026-03-06T21:00:00+00:00,184.72749999999994,184.84249999999992,184.69349999999994,184.79249999999993,7354
2026-03-06T21:30:00+00:00,184.79249999999993,184.80749999999992,184.67449999999994,184.72449999999992,7076
2026-03-08T21:00:00+00:00,184.72449999999992,184.9074999999999,184.6694999999999,184.7934999999999,616.1853138575915
2026-03-08T21:30:00+00:00,184.7934999999999,184.85049999999993,184.6704999999999,184.6704999999999,710.9241819632881
2026-03-08T22:00:00+00:00,184.6704999999999,185.0084999999999,184.6364999999999,184.9384999999999,9398
2026-03-08T22:30:00+00:00,184.9384999999999,185.0224999999999,184.7684999999999,184.8164999999999,12241
2026-03-08T23:00:00+00:00,184.8164999999999,184.8514999999999,184.7154999999999,184.7904999999999,22140
2026-03-08T23:30:00+00:00,184.7904999999999,184.8104999999999,184.5854999999999,184.7424999999999,17407
2026-03-09T00:00:00+00:00,184.7424999999999,184.8094999999999,184.6544999999999,184.7364999999999,15163
2026-03-09T00:30:00+00:00,184.7364999999999,184.9504999999999,184.7284999999999,184.9074999999999,15007
2026-03-09T01:00:00+00:00,184.9074999999999,184.9464999999999,184.8404999999999,184.8804999999999,13228
2026-03-09T01:30:00+00:00,184.8804999999999,184.9464999999999,184.7544999999999,184.8324999999999,10965
2026-03-09T02:00:00+00:00,184.8324999999999,185.0194999999999,184.8324999999999,184.9764999999999,14465
2026-03-09T02:30:00+00:00,184.9764999999999,185.1444999999999,184.9384999999999,185.0964999999999,11143
2026-03-09T03:00:00+00:00,185.0964999999999,185.1824999999999,185.0204999999999,185.1684999999999,9710
2026-03-09T03:30:00+00:00,185.1684999999999,185.2304999999999,185.1014999999999,185.1374999999999,8261
2026-03-09T04:00:00+00:00,185.1374999999999,185.2884999999999,185.1124999999999,185.1714999999999,5687
2026-03-09T04:30:00+00:00,185.1714999999999,185.2204999999999,185.0754999999999,185.1284999999999,6656
2026-03-09T05:00:00+00:00,185.1284999999999,185.4044999999999,185.1204999999999,185.2334999999999,19663
2026-03-09T05:30:00+00:00,185.2334999999999,185.43749999999991,185.1374999999999,185.3924999999999,21213
2026-03-09T06:00:00+00:00,185.3924999999999,185.4804999999999,185.2634999999999,185.4504999999999,19924
2026-03-09T06:30:00+00:00,185.4504999999999,185.5124999999999,185.30649999999991,185.30649999999991,18135
2026-03-09T07:00:00+00:00,185.30649999999991,185.4174999999999,185.1764999999999,185.2894999999999,17357
2026-03-09T07:30:00+00:00,185.2894999999999,185.4434999999999,185.2624999999999,185.4224999999999,18330
2026-03-09T08:00:00+00:00,185.4224999999999,185.4384999999999,184.9794999999999,184.9874999999999,27756
2026-03-09T08:30:00+00:00,184.9874999999999,185.1724999999999,184.8434999999999,185.1634999999999,22426
2026-03-09T09:00:00+00:00,185.1634999999999,185.2344999999999,185.06249999999991,185.1704999999999,21919
2026-03-09T09:30:00+00:00,185.1704999999999,185.3794999999999,185.1364999999999,185.2434999999999,26593
2026-03-09T10:00:00+00:00,185.2434999999999,185.3074999999999,185.1904999999999,185.2844999999999,19613
2026-03-09T10:30:00+00:00,185.2844999999999,185.4564999999999,185.2324999999999,185.3764999999999,19495
2026-03-09T11:00:00+00:00,185.3764999999999,185.4234999999999,185.3444999999999,185.3674999999999,17325
2026-03-09T11:30:00+00:00,185.3674999999999,185.4174999999999,185.3194999999999,185.3974999999999,14821
2026-03-09T12:00:00+00:00,185.3974999999999,185.4644999999999,185.2644999999999,185.3074999999999,13964
2026-03-09T12:30:00+00:00,185.3074999999999,185.4274999999999,185.30649999999991,185.3934999999999,15305
2026-03-09T13:00:00+00:00,185.3934999999999,185.4894999999999,185.3074999999999,185.4774999999999,20608
2026-03-09T13:30:00+00:00,185.4774999999999,185.5914999999999,185.4444999999999,185.4604999999999,28008
2026-03-09T14:00:00+00:00,185.4604999999999,185.4894999999999,185.2364999999999,185.2974999999999,34667
2026-03-09T14:30:00+00:00,185.2974999999999,185.5314999999999,185.2964999999999,185.4884999999999,25292
2026-03-09T15:00:00+00:00,185.4884999999999,185.5634999999999,185.4084999999999,185.4204999999999,21154
2026-03-09T15:30:00+00:00,185.4204999999999,185.4354999999999,185.3184999999999,185.4354999999999,17672
2026-03-09T16:00:00+00:00,185.4354999999999,185.5474999999999,185.4214999999999,185.4914999999999,14236
2026-03-09T16:30:00+00:00,185.4914999999999,185.5254999999999,185.3864999999999,185.4324999999999,13241
2026-03-09T17:00:00+00:00,185.4324999999999,185.5604999999999,185.4084999999999,185.5324999999999,11959
2026-03-09T17:30:00+00:00,185.5324999999999,185.6274999999999,185.5054999999999,185.5314999999999,9311
2026-03-09T18:00:00+00:00,185.5314999999999,185.5674999999999,185.4804999999999,185.5604999999999,10672
2026-03-09T18:30:00+00:00,185.5604999999999,185.5954999999999,185.5224999999999,185.5644999999999,7196
2026-03-09T19:00:00+00:00,185.5644999999999,185.6614999999999,185.5474999999999,185.5904999999999,23196
2026-03-09T19:30:00+00:00,185.5904999999999,185.6064999999999,185.3624999999999,185.4424999999999,31311
2026-03-09T20:00:00+00:00,185.4424999999999,185.6054999999999,185.4014999999999,185.5044999999999,9214
2026-03-09T20:30:00+00:00,185.5044999999999,185.6394999999999,185.4224999999999,185.6144999999999,7946
2026-03-09T21:00:00+00:00,185.6144999999999,185.6574999999999,185.55649999999991,185.6384999999999,669
2026-03-09T21:30:00+00:00,185.6384999999999,185.6794999999999,185.6274999999999,185.6514999999999,1636
2026-03-09T22:00:00+00:00,185.6514999999999,185.8134999999999,185.5944999999999,185.7754999999999,6830
2026-03-09T22:30:00+00:00,185.7754999999999,185.7774999999999,185.67549999999991,185.7124999999999,12276
2026-03-09T23:00:00+00:00,185.7124999999999,185.7244999999999,185.6414999999999,185.6824999999999,10617
2026-03-09T23:30:00+00:00,185.6824999999999,185.6944999999999,185.5524999999999,185.5834999999999,8111
2026-03-10T00:00:00+00:00,185.5834999999999,185.6344999999999,185.4864999999999,185.5664999999999,15552
2026-03-10T00:30:00+00:00,185.5664999999999,185.6634999999999,185.3564999999999,185.4084999999999,16247
2026-03-10T01:00:00+00:00,185.4084999999999,185.4684999999999,185.3364999999999,185.42549999999991,16137
2026-03-10T01:30:00+00:00,185.42549999999991,185.4384999999999,185.2414999999999,185.3464999999999,12800
2026-03-10T02:00:00+00:00,185.3464999999999,185.4594999999999,185.3084999999999,185.43149999999991,10305
2026-03-10T02:30:00+00:00,185.43149999999991,185.4684999999999,185.3834999999999,185.4584999999999,10411
2026-03-10T03:00:00+00:00,185.4584999999999,185.5574999999999,185.4544999999999,185.4714999999999,8983
2026-03-10T03:30:00+00:00,185.4714999999999,185.5014999999999,185.4334999999999,185.4884999999999,5402
2026-03-10T04:00:00+00:00,185.4884999999999,185.5154999999999,185.4114999999999,185.4424999999999,4323
2026-03-10T04:30:00+00:00,185.4424999999999,185.4654999999999,185.3824999999999,185.3924999999999,3484
2026-03-10T05:00:00+00:00,185.3924999999999,185.43749999999991,185.3334999999999,185.3514999999999,6303
2026-03-10T05:30:00+00:00,185.3514999999999,185.4214999999999,185.3044999999999,185.3724999999999,7687
2026-03-10T06:00:00+00:00,185.3724999999999,185.42549999999991,185.3394999999999,185.4244999999999,7818
2026-03-10T06:30:00+00:00,185.4244999999999,185.5184999999999,185.3864999999999,185.4544999999999,10137
2026-03-10T07:00:00+00:00,185.4544999999999,185.5414999999999,185.4064999999999,185.4604999999999,16083
2026-03-10T07:30:00+00:00,185.4604999999999,185.6324999999999,185.4344999999999,185.6084999999999,15313
2026-03-10T08:00:00+00:00,185.6084999999999,185.6844999999999,185.5394999999999,185.67549999999991,18143
2026-03-10T08:30:00+00:00,185.67549999999991,185.8844999999999,185.6594999999999,185.8404999999999,13871
2026-03-10T09:00:00+00:00,185.8404999999999,185.9084999999999,185.8114999999999,185.8414999999999,13286
2026-03-10T09:30:00+00:00,185.8414999999999,185.9284999999999,185.8184999999999,185.8834999999999,12060
2026-03-10T10:00:00+00:00,185.8834999999999,185.9514999999999,185.8414999999999,185.8564999999999,12759
2026-03-10T10:30:00+00:00,185.8564999999999,185.8654999999999,185.6554999999999,185.8184999999999,16041
2026-03-10T11:00:00+00:00,185.8184999999999,185.9394999999999,185.8094999999999,185.9054999999999,17822
2026-03-10T11:30:00+00:00,185.9054999999999,185.9544999999999,185.8434999999999,185.8434999999999,12790
2026-03-10T12:00:00+00:00,185.8434999999999,185.8724999999999,185.6834999999999,185.8554999999999,19014
2026-03-10T12:30:00+00:00,185.8554999999999,185.8944999999999,185.7554999999999,185.7964999999999,16112
2026-03-10T13:00:00+00:00,185.7964999999999,185.8834999999999,185.7414999999999,185.8404999999999,16370
2026-03-10T13:30:00+00:00,185.8404999999999,185.8614999999999,185.7374999999999,185.7864999999999,23869
2026-03-10T14:00:00+00:00,185.7864999999999,185.8704999999999,185.7464999999999,185.7634999999999,18493
2026-03-10T14:30:00+00:00,185.7634999999999,185.8964999999999,185.7624999999999,185.8724999999999,15315
2026-03-10T15:00:00+00:00,185.8724999999999,185.9094999999999,185.7674999999999,185.7854999999999,12945
2026-03-10T15:30:00+00:00,185.7854999999999,185.8634999999999,185.7584999999999,185.7594999999999,13559
2026-03-10T16:00:00+00:00,185.7594999999999,185.7984999999999,185.6994999999999,185.7954999999999,11437
2026-03-10T16:30:00+00:00,185.7954999999999,185.8224999999999,185.7204999999999,185.7874999999999,10661
2026-03-10T17:00:00+00:00,185.7874999999999,185.8534999999999,185.7414999999999,185.7594999999999,15509
2026-03-10T17:30:00+00:00,185.7594999999999,185.8484999999999,185.6994999999999,185.7164999999999,15527
2026-03-10T18:00:00+00:00,185.7164999999999,185.8014999999999,185.6324999999999,185.7874999999999,28419
2026-03-10T18:30:00+00:00,185.7874999999999,185.8224999999999,185.6934999999999,185.7024999999999,21068
2026-03-10T19:00:00+00:00,185.7024999999999,185.7614999999999,185.6744999999999,185.7014999999999,13203
2026-03-10T19:30:00+00:00,185.7014999999999,185.8204999999999,185.68149999999991,185.7324999999999,18466
2026-03-10T20:00:00+00:00,185.7324999999999,185.7404999999999,185.6524999999999,185.7354999999999,5958
2026-03-10T20:30:00+00:00,185.7354999999999,185.7564999999999,185.6484999999999,185.6854999999999,3923
2026-03-10T21:00:00+00:00,185.6854999999999,185.7224999999999,185.5994999999999,185.7124999999999,577
2026-03-10T21:30:00+00:00,185.7124999999999,185.7294999999999,185.6644999999999,185.7274999999999,1394
2026-03-10T22:00:00+00:00,185.7274999999999,185.7584999999999,185.6804999999999,185.7244999999999,1586
2026-03-10T22:30:00+00:00,185.7244999999999,185.7594999999999,185.68749999999991,185.7444999999999,2344
2026-03-10T23:00:00+00:00,185.7444999999999,185.7904999999999,185.7334999999999,185.7784999999999,4590
2026-03-10T23:30:00+00:00,185.7784999999999,185.8074999999999,185.7174999999999,185.7684999999999,5033
2026-03-11T00:00:00+00:00,185.7684999999999,185.8444999999999,185.7244999999999,185.8144999999999,13695
2026-03-11T00:30:00+00:00,185.8144999999999,186.0524999999999,185.8094999999999,185.9764999999999,9390
2026-03-11T01:00:00+00:00,185.9764999999999,186.1794999999999,185.9764999999999,186.1684999999999,11915
2026-03-11T01:30:00+00:00,186.1684999999999,186.2414999999999,186.1124999999999,186.2134999999999,8198
2026-03-11T02:00:00+00:00,186.2134999999999,186.2644999999999,186.1764999999999,186.2324999999999,5670
2026-03-11T02:30:00+00:00,186.2324999999999,186.2634999999999,186.1844999999999,186.2214999999999,7700
2026-03-11T03:00:00+00:00,186.2214999999999,186.2424999999999,186.1604999999999,186.1774999999999,4824
2026-03-11T03:30:00+00:00,186.1774999999999,186.2034999999999,186.1514999999999,186.1804999999999,4736
2026-03-11T04:00:00+00:00,186.1804999999999,186.2644999999999,186.1794999999999,186.2524999999999,4800
2026-03-11T04:30:00+00:00,186.2524999999999,186.2574999999999,186.1074999999999,186.1254999999999,5884
2026-03-11T05:00:00+00:00,186.1254999999999,186.1834999999999,186.0764999999999,186.1184999999999,6826
2026-03-11T05:30:00+00:00,186.1184999999999,186.2094999999999,186.0924999999999,186.1934999999999,7095
2026-03-11T06:00:00+00:00,186.1934999999999,186.1974999999999,185.9924999999999,186.0094999999999,9830
2026-03-11T06:30:00+00:00,186.0094999999999,186.0404999999999,185.9134999999999,185.9914999999999,6836
2026-03-11T07:00:00+00:00,185.9914999999999,186.1824999999999,185.9224999999999,186.0824999999999,16167
2026-03-11T07:30:00+00:00,186.0824999999999,186.1254999999999,185.9674999999999,185.9994999999999,13148
2026-03-11T08:00:00+00:00,185.9994999999999,186.0814999999999,185.9744999999999,186.06749999999988,13703
2026-03-11T08:30:00+00:00,186.06749999999988,186.1134999999999,185.98449999999988,186.1124999999999,11712
2026-03-11T09:00:00+00:00,186.1124999999999,186.1424999999999,185.79449999999989,185.8254999999999,18802
2026-03-11T09:30:00+00:00,185.8254999999999,185.9374999999999,185.8254999999999,185.8674999999999,10698
2026-03-11T10:00:00+00:00,185.8674999999999,185.9864999999999,185.8484999999999,185.9574999999999,8650
2026-03-11T10:30:00+00:00,185.9574999999999,186.00749999999988,185.8394999999999,185.88949999999988,8113
2026-03-11T11:00:00+00:00,185.88949999999988,185.9104999999999,185.82249999999988,185.8814999999999,9797
2026-03-11T11:30:00+00:00,185.8814999999999,186.06049999999988,185.8724999999999,185.93649999999988,13839
2026-03-11T12:00:00+00:00,185.93649999999988,185.9794999999999,185.8244999999999,185.8664999999999,15458
2026-03-11T12:30:00+00:00,185.8664999999999,185.94249999999988,185.8024999999999,185.8734999999999,20832
2026-03-11T13:00:00+00:00,185.8734999999999,185.9204999999999,185.75249999999988,185.8614999999999,17493
2026-03-11T13:30:00+00:00,185.8614999999999,185.9264999999999,185.8134999999999,185.8674999999999,19300
2026-03-11T14:00:00+00:00,185.8674999999999,186.0414999999999,185.84749999999988,186.02649999999988,32714
2026-03-11T14:30:00+00:00,186.02649999999988,186.0534999999999,185.92349999999988,185.9524999999999,16871
2026-03-11T15:00:00+00:00,185.9524999999999,185.98449999999988,185.8794999999999,185.9494999999999,12453
2026-03-11T15:30:00+00:00,185.9494999999999,185.9694999999999,185.8634999999999,185.8724999999999,11463
2026-03-11T16:00:00+00:00,185.8724999999999,185.9504999999999,185.84049999999988,185.92449999999988,14680
2026-03-11T16:30:00+00:00,185.92449999999988,185.97149999999988,185.90649999999988,185.9504999999999,10074
2026-03-11T17:00:00+00:00,185.9504999999999,186.10249999999988,185.9324999999999,186.0884999999999,9476
2026-03-11T17:30:00+00:00,186.0884999999999,186.0984999999999,185.9344999999999,185.96649999999988,11478
2026-03-11T18:00:00+00:00,185.96649999999988,186.0594999999999,185.9514999999999,186.04349999999988,8765
2026-03-11T18:30:00+00:00,186.04349999999988,186.0874999999999,186.0294999999999,186.0694999999999,8054
2026-03-11T19:00:00+00:00,186.0694999999999,186.1184999999999,186.03849999999989,186.06749999999988,6486
2026-03-11T19:30:00+00:00,186.06749999999988,186.1364999999999,186.05549999999988,186.1164999999999,5520
2026-03-11T20:00:00+00:00,186.1164999999999,186.12149999999988,186.05449999999988,186.0624999999999,3388
2026-03-11T20:30:00+00:00,186.0624999999999,186.0754999999999,185.9934999999999,186.0064999999999,2874
2026-03-11T21:00:00+00:00,186.0064999999999,186.0064999999999,185.9404999999999,185.94749999999988,739
2026-03-11T21:30:00+00:00,185.94749999999988,186.0094999999999,185.91949999999989,186.00849999999988,1197
2026-03-11T22:00:00+00:00,186.00849999999988,186.0694999999999,185.8964999999999,185.9214999999999,3941
2026-03-11T22:30:00+00:00,185.9214999999999,185.9584999999999,185.79449999999989,185.8004999999999,4677
2026-03-11T23:00:00+00:00,185.8004999999999,185.9054999999999,185.7564999999999,185.8444999999999,6069
2026-03-11T23:30:00+00:00,185.8444999999999,185.84649999999988,185.7474999999999,185.7894999999999,6674
2026-03-12T00:00:00+00:00,185.7894999999999,185.8854999999999,185.7804999999999,185.8424999999999,11216
2026-03-12T00:30:00+00:00,185.8424999999999,185.88949999999988,185.7074999999999,185.7194999999999,11347
2026-03-12T01:00:00+00:00,185.7194999999999,185.7474999999999,185.6374999999999,185.6664999999999,12521
2026-03-12T01:30:00+00:00,185.6664999999999,185.7314999999999,185.6304999999999,185.6524999999999,8343
2026-03-12T02:00:00+00:00,185.6524999999999,185.7204999999999,185.6494999999999,185.65649999999988,6069
2026-03-12T02:30:00+00:00,185.65649999999988,185.7114999999999,185.6064999999999,185.6994999999999,9253
2026-03-12T03:00:00+00:00,185.6994999999999,185.7004999999999,185.59649999999988,185.61449999999988,5938
2026-03-12T03:30:00+00:00,185.61449999999988,185.6664999999999,185.6004999999999,185.65149999999988,4191
2026-03-12T04:00:00+00:00,185.65149999999988,185.6884999999999,185.6414999999999,185.6774999999999,3076
2026-03-12T04:30:00+00:00,185.6774999999999,185.72149999999988,185.65749999999989,185.67949999999988,3770
2026-03-12T05:00:00+00:00,185.67949999999988,185.7414999999999,185.6314999999999,185.68049999999988,9487
2026-03-12T05:30:00+00:00,185.68049999999988,185.7844999999999,185.6724999999999,185.76949999999988,5848
2026-03-12T06:00:00+00:00,185.76949999999988,185.8494999999999,185.72249999999988,185.7444999999999,6717
2026-03-12T06:30:00+00:00,185.7444999999999,185.76449999999988,185.64549999999988,185.6614999999999,5668
2026-03-12T07:00:00+00:00,185.6614999999999,185.77549999999988,185.62049999999988,185.7024999999999,9051
2026-03-12T07:30:00+00:00,185.7024999999999,185.71549999999988,185.5304999999999,185.5924999999999,11525
2026-03-12T08:00:00+00:00,185.5924999999999,185.62049999999988,185.5064999999999,185.6114999999999,11980
2026-03-12T08:30:00+00:00,185.6114999999999,185.6874999999999,185.5864999999999,185.6314999999999,9829
2026-03-12T09:00:00+00:00,185.6314999999999,185.7544999999999,185.6064999999999,185.7204999999999,8389
2026-03-12T09:30:00+00:00,185.7204999999999,185.7494999999999,185.6354999999999,185.66849999999988,7170
2026-03-12T10:00:00+00:00,185.66849999999988,185.71549999999988,185.5814999999999,185.5814999999999,8957
2026-03-12T10:30:00+00:00,185.5814999999999,185.6374999999999,185.53749999999988,185.6054999999999,9967
2026-03-12T11:00:00+00:00,185.6054999999999,185.63249999999988,185.5644999999999,185.57849999999988,9108
2026-03-12T11:30:00+00:00,185.57849999999988,185.5994999999999,185.4984999999999,185.55449999999988,10924
2026-03-12T12:00:00+00:00,185.55449999999988,185.59749999999988,185.4754999999999,185.50249999999988,12858
2026-03-12T12:30:00+00:00,185.50249999999988,185.51949999999988,185.4024999999999,185.5164999999999,12432
2026-03-12T13:00:00+00:00,185.5164999999999,185.6254999999999,185.3794999999999,185.5344999999999,17145
2026-03-12T13:30:00+00:00,185.5344999999999,185.5694999999999,185.3994999999999,185.42949999999988,20425
2026-03-12T14:00:00+00:00,185.42949999999988,185.5704999999999,185.3984999999999,185.4934999999999,19203
2026-03-12T14:30:00+00:00,185.4934999999999,185.6064999999999,185.4634999999999,185.5514999999999,17964
2026-03-12T15:00:00+00:00,185.5514999999999,185.5824999999999,185.4864999999999,185.56049999999988,15643
2026-03-12T15:30:00+00:00,185.56049999999988,185.6404999999999,185.48949999999988,185.6064999999999,21098
2026-03-12T16:00:00+00:00,185.6064999999999,185.6934999999999,185.56049999999988,185.6014999999999,18644
2026-03-12T16:30:00+00:00,185.6014999999999,185.6434999999999,185.5634999999999,185.60349999999988,16771
2026-03-12T17:00:00+00:00,185.60349999999988,185.7774999999999,185.5994999999999,185.7414999999999,14316
2026-03-12T17:30:00+00:00,185.7414999999999,185.7614999999999,185.6894999999999,185.7264999999999,10118
2026-03-12T18:00:00+00:00,185.7264999999999,185.77649999999988,185.6874999999999,185.69149999999988,9694
2026-03-12T18:30:00+00:00,185.69149999999988,185.72249999999988,185.6494999999999,185.67349999999988,7032
2026-03-12T19:00:00+00:00,185.67349999999988,185.76349999999988,185.65749999999989,185.73949999999988,7751
2026-03-12T19:30:00+00:00,185.73949999999988,185.7534999999999,185.65149999999988,185.6814999999999,7356
2026-03-12T20:00:00+00:00,185.6814999999999,185.7114999999999,185.6224999999999,185.62749999999988,4323
2026-03-12T20:30:00+00:00,185.62749999999988,185.63949999999988,185.5644999999999,185.58549999999988,3417
2026-03-12T21:00:00+00:00,185.58549999999988,185.5864999999999,185.43549999999988,185.5124999999999,489.74382133180063
2026-03-12T21:30:00+00:00,185.5124999999999,185.6314999999999,185.5064999999999,185.57249999999988,1049
2026-03-12T22:00:00+00:00,185.57249999999988,185.7384999999999,185.57249999999988,185.6404999999999,2806
2026-03-12T22:30:00+00:00,185.6404999999999,185.6724999999999,185.6124999999999,185.6314999999999,11322
2026-03-12T23:00:00+00:00,185.6314999999999,185.6964999999999,185.6294999999999,185.64549999999988,6269
2026-03-12T23:30:00+00:00,185.64549999999988,185.6824999999999,185.5754999999999,185.6304999999999,5470
2026-03-13T00:00:00+00:00,185.6304999999999,185.6304999999999,185.4464999999999,185.47249999999988,11406
2026-03-13T00:30:00+00:00,185.47249999999988,185.6164999999999,185.47149999999988,185.4924999999999,8857
2026-03-13T01:00:00+00:00,185.4924999999999,185.5924999999999,185.48449999999988,185.5124999999999,9807
2026-03-13T01:30:00+00:00,185.5124999999999,185.5894999999999,185.5044999999999,185.5884999999999,7200
2026-03-13T02:00:00+00:00,185.5884999999999,185.67449999999988,185.5584999999999,185.66949999999989,7594
2026-03-13T02:30:00+00:00,185.66949999999989,185.6704999999999,185.54249999999988,185.5564999999999,6433
2026-03-13T03:00:00+00:00,185.5564999999999,185.6194999999999,185.5164999999999,185.59749999999988,6473
2026-03-13T03:30:00+00:00,185.59749999999988,185.6004999999999,185.53249999999989,185.56649999999988,5221
2026-03-13T04:00:00+00:00,185.56649999999988,185.61449999999988,185.52649999999988,185.5804999999999,4814
2026-03-13T04:30:00+00:00,185.5804999999999,185.81749999999988,185.55449999999988,185.64449999999988,8503
2026-03-13T05:00:00+00:00,185.64449999999988,185.6474999999999,185.4584999999999,185.4684999999999,6314
2026-03-13T05:30:00+00:00,185.4684999999999,185.5454999999999,185.4584999999999,185.52049999999988,5929
2026-03-13T06:00:00+00:00,185.52049999999988,185.5274999999999,185.4044999999999,185.42949999999988,9200
2026-03-13T06:30:00+00:00,185.42949999999988,185.44149999999988,185.2174999999999,185.2324999999999,10205
2026-03-13T07:00:00+00:00,185.2324999999999,185.2414999999999,185.0564999999999,185.1464999999999,14654
2026-03-13T07:30:00+00:00,185.1464999999999,185.1544999999999,184.7664999999999,184.8444999999999,14334
2026-03-13T08:00:00+00:00,184.8444999999999,184.8444999999999,184.4634999999999,184.60949999999988,18595
2026-03-13T08:30:00+00:00,184.60949999999988,184.7254999999999,184.4994999999999,184.52049999999988,14942
2026-03-13T09:00:00+00:00,184.52049999999988,184.78249999999989,184.4944999999999,184.7714999999999,15483
2026-03-13T09:30:00+00:00,184.7714999999999,184.85849999999988,184.7134999999999,184.8094999999999,7896
2026-03-13T10:00:00+00:00,184.8094999999999,184.9574999999999,184.8064999999999,184.8484999999999,7722
2026-03-13T10:30:00+00:00,184.8484999999999,184.9524999999999,184.7774999999999,184.81049999999988,11861
2026-03-13T11:00:00+00:00,184.81049999999988,184.9934999999999,184.78249999999989,184.9574999999999,11820
2026-03-13T11:30:00+00:00,184.9574999999999,185.00149999999988,184.8014999999999,184.8444999999999,11947
2026-03-13T12:00:00+00:00,184.8444999999999,185.0364999999999,184.8214999999999,184.9644999999999,11502
2026-03-13T12:30:00+00:00,184.9644999999999,185.0814999999999,184.8964999999999,185.04349999999988,18955
2026-03-13T13:00:00+00:00,185.04349999999988,185.0874999999999,184.9344999999999,184.9824999999999,15751
2026-03-13T13:30:00+00:00,184.9824999999999,185.01949999999988,184.7664999999999,184.7734999999999,15131
2026-03-13T14:00:00+00:00,184.7734999999999,184.87749999999988,184.7364999999999,184.8384999999999,17305
2026-03-13T14:30:00+00:00,184.8384999999999,184.9284999999999,184.73349999999988,184.7564999999999,18305
2026-03-13T15:00:00+00:00,184.7564999999999,184.8424999999999,184.71049999999988,184.7294999999999,16497
2026-03-13T15:30:00+00:00,184.7294999999999,184.78149999999988,184.6404999999999,184.72849999999988,19759
2026-03-13T16:00:00+00:00,184.72849999999988,184.81749999999988,184.71049999999988,184.74549999999988,17170
2026-03-13T16:30:00+00:00,184.74549999999988,184.79849999999988,184.6894999999999,184.7974999999999,12630
2026-03-13T17:00:00+00:00,184.7974999999999,184.8544999999999,184.73449999999988,184.79349999999988,9949
2026-03-13T17:30:00+00:00,184.79349999999988,184.8014999999999,184.7254999999999,184.75149999999988,7605
2026-03-13T18:00:00+00:00,184.75149999999988,184.8134999999999,184.6994999999999,184.7504999999999,7685
2026-03-13T18:30:00+00:00,184.7504999999999,184.78249999999989,184.7124999999999,184.7204999999999,6877
2026-03-13T19:00:00+00:00,184.7204999999999,184.7204999999999,184.5824999999999,184.5944999999999,6361
2026-03-13T19:30:00+00:00,184.5944999999999,184.6184999999999,184.5304999999999,184.5524999999999,5914
2026-03-13T20:00:00+00:00,184.5524999999999,184.5534999999999,184.41749999999988,184.45449999999988,4167
2026-03-13T20:30:00+00:00,184.45449999999988,184.4974999999999,184.42349999999988,184.4934999999999,3900
2026-03-15T21:00:00+00:00,184.4934999999999,184.4934999999999,184.3324999999999,184.3994999999999,488.0399170884215
2026-03-15T21:30:00+00:00,184.3994999999999,184.48549999999992,184.3454999999999,184.4404999999999,1366
2026-03-15T22:00:00+00:00,184.4404999999999,184.6304999999999,184.37949999999992,184.4844999999999,6081
2026-03-15T22:30:00+00:00,184.4844999999999,184.5404999999999,184.44449999999992,184.4664999999999,6060
2026-03-15T23:00:00+00:00,184.4664999999999,184.53949999999992,184.41449999999992,184.5264999999999,8900
2026-03-15T23:30:00+00:00,184.5264999999999,184.60549999999992,184.47949999999992,184.59249999999992,6496
2026-03-16T00:00:00+00:00,184.59249999999992,184.6834999999999,184.5174999999999,184.5414999999999,10661
2026-03-16T00:30:00+00:00,184.5414999999999,184.6864999999999,184.5074999999999,184.6064999999999,10706
2026-03-16T01:00:00+00:00,184.6064999999999,184.6254999999999,184.5414999999999,184.5434999999999,10806
2026-03-16T01:30:00+00:00,184.5434999999999,184.68749999999991,184.5404999999999,184.6534999999999,9080
2026-03-16T02:00:00+00:00,184.6534999999999,184.8104999999999,184.6414999999999,184.80149999999992,7274
2026-03-16T02:30:00+00:00,184.80149999999992,184.8564999999999,184.7514999999999,184.8294999999999,7063
2026-03-16T03:00:00+00:00,184.8294999999999,184.8624999999999,184.7574999999999,184.7854999999999,5259
2026-03-16T03:30:00+00:00,184.7854999999999,184.8104999999999,184.7454999999999,184.7664999999999,3463
2026-03-16T04:00:00+00:00,184.7664999999999,184.8354999999999,184.7384999999999,184.8104999999999,4426
2026-03-16T04:30:00+00:00,184.8104999999999,184.8334999999999,184.6924999999999,184.6924999999999,4054
2026-03-16T05:00:00+00:00,184.6924999999999,184.71749999999992,184.4844999999999,184.4874999999999,4604
2026-03-16T05:30:00+00:00,184.4874999999999,184.49249999999992,184.33149999999992,184.3324999999999,6986
2026-03-16T06:00:00+00:00,184.3324999999999,184.3444999999999,184.1574999999999,184.17649999999992,8794
2026-03-16T06:30:00+00:00,184.17649999999992,184.26549999999992,184.17649999999992,184.2274999999999,7397
2026-03-16T07:00:00+00:00,184.2274999999999,184.2314999999999,184.1194999999999,184.2074999999999,10929
2026-03-16T07:30:00+00:00,184.2074999999999,184.2084999999999,183.9994999999999,184.1324999999999,11468
2026-03-16T08:00:00+00:00,184.1324999999999,184.3914999999999,184.1144999999999,184.37349999999992,14927
2026-03-16T08:30:00+00:00,184.37349999999992,184.5084999999999,184.33049999999992,184.5024999999999,12384
2026-03-16T09:00:00+00:00,184.5024999999999,184.55649999999991,184.47949999999992,184.5404999999999,9749
2026-03-16T09:30:00+00:00,184.5404999999999,184.56849999999991,184.4694999999999,184.5544999999999,10373
2026-03-16T10:00:00+00:00,184.5544999999999,184.90849999999992,184.5294999999999,184.88449999999992,11709
2026-03-16T10:30:00+00:00,184.88449999999992,184.8954999999999,184.74749999999992,184.8444999999999,9421
2026-03-16T11:00:00+00:00,184.8444999999999,184.8954999999999,184.8024999999999,184.85449999999992,10102
2026-03-16T11:30:00+00:00,184.85449999999992,184.9074999999999,184.7694999999999,184.7994999999999,10593
2026-03-16T12:00:00+00:00,184.7994999999999,184.8144999999999,184.70549999999992,184.7634999999999,9566
2026-03-16T12:30:00+00:00,184.7634999999999,184.80749999999992,184.6244999999999,184.71849999999992,12996
2026-03-16T13:00:00+00:00,184.71849999999992,184.8624999999999,184.69949999999992,184.85449999999992,11339
2026-03-16T13:30:00+00:00,184.85449999999992,184.94349999999991,184.8354999999999,184.9094999999999,15724
2026-03-16T14:00:00+00:00,184.9094999999999,184.92649999999992,184.79549999999992,184.8744999999999,14405
2026-03-16T14:30:00+00:00,184.8744999999999,184.9784999999999,184.8224999999999,184.9714999999999,14892
2026-03-16T15:00:00+00:00,184.9714999999999,185.1264999999999,184.9694999999999,185.06949999999992,9908
2026-03-16T15:30:00+00:00,185.06949999999992,185.1454999999999,184.9934999999999,185.1094999999999,11115
2026-03-16T16:00:00+00:00,185.1094999999999,185.1684999999999,184.9954999999999,185.0074999999999,12318
2026-03-16T16:30:00+00:00,185.0074999999999,185.2044999999999,184.9904999999999,185.1844999999999,10904
2026-03-16T17:00:00+00:00,185.1844999999999,185.2634999999999,185.1514999999999,185.2094999999999,13489
2026-03-16T17:30:00+00:00,185.2094999999999,185.2214999999999,185.16449999999992,185.1664999999999,8128
2026-03-16T18:00:00+00:00,185.1664999999999,185.30649999999991,185.1634999999999,185.2884999999999,9516
2026-03-16T18:30:00+00:00,185.2884999999999,185.2914999999999,185.21849999999992,185.2384999999999,6367
2026-03-16T19:00:00+00:00,185.2384999999999,185.3034999999999,185.2374999999999,185.2664999999999,7569
2026-03-16T19:30:00+00:00,185.2664999999999,185.3114999999999,185.24249999999992,185.2854999999999,10444
2026-03-16T20:00:00+00:00,185.2854999999999,185.3114999999999,185.1864999999999,185.1974999999999,3929
2026-03-16T20:30:00+00:00,185.1974999999999,185.2154999999999,185.0384999999999,185.1074999999999,3056
2026-03-16T21:00:00+00:00,185.1074999999999,185.21549999999993,185.08149999999992,185.19249999999994,818.5451434185735
2026-03-16T21:30:00+00:00,185.19249999999994,185.25149999999994,185.10849999999994,185.13649999999996,3018
2026-03-16T22:00:00+00:00,185.13649999999996,185.21249999999995,185.10349999999994,185.19849999999994,2671
2026-03-16T22:30:00+00:00,185.19849999999994,185.21549999999993,185.12949999999995,185.15349999999995,2274
2026-03-16T23:00:00+00:00,185.15349999999995,185.21649999999994,185.15049999999994,185.19749999999993,3417
2026-03-16T23:30:00+00:00,185.19749999999993,185.21549999999993,185.11149999999995,185.15449999999996,3665
2026-03-17T00:00:00+00:00,185.15449999999996,185.21049999999994,185.10749999999993,185.15149999999994,6301
2026-03-17T00:30:00+00:00,185.15149999999994,185.27349999999996,185.11549999999994,185.27249999999995,8835
2026-03-17T01:00:00+00:00,185.27249999999995,185.36349999999993,185.23549999999994,185.34649999999993,9202
2026-03-17T01:30:00+00:00,185.34649999999993,185.38649999999996,185.30249999999995,185.35249999999994,6952
2026-03-17T02:00:00+00:00,185.35249999999994,185.39749999999995,185.33249999999995,185.34349999999995,4647
2026-03-17T02:30:00+00:00,185.34349999999995,185.40249999999995,185.33349999999993,185.36849999999995,3524
2026-03-17T03:00:00+00:00,185.36849999999995,185.41349999999994,185.35349999999994,185.40849999999995,3323
2026-03-17T03:30:00+00:00,185.40849999999995,185.41949999999994,185.27849999999995,185.30149999999995,6977
2026-03-17T04:00:00+00:00,185.30149999999995,185.32949999999994,185.25649999999993,185.28549999999996,4045
2026-03-17T04:30:00+00:00,185.28549999999996,185.32149999999993,185.24849999999995,185.25149999999994,4118
2026-03-17T05:00:00+00:00,185.25149999999994,185.30349999999996,185.20749999999995,185.28149999999994,5703
2026-03-17T05:30:00+00:00,185.28149999999994,185.31449999999995,185.18449999999993,185.21049999999994,7164
2026-03-17T06:00:00+00:00,185.21049999999994,185.23449999999994,184.99549999999994,185.12949999999995,8673
2026-03-17T06:30:00+00:00,185.12949999999995,185.18249999999995,185.05349999999996,185.14049999999995,6166
2026-03-17T07:00:00+00:00,185.14049999999995,185.26449999999994,185.12649999999994,185.19849999999994,6234
2026-03-17T07:30:00+00:00,185.19849999999994,185.28549999999996,185.19249999999994,185.21949999999995,8945
2026-03-17T08:00:00+00:00,185.21949999999995,185.21949999999995,185.03849999999994,185.17449999999994,12187
2026-03-17T08:30:00+00:00,185.17449999999994,185.40849999999995,185.12949999999995,185.32449999999994,11803
2026-03-17T09:00:00+00:00,185.32449999999994,185.50649999999993,185.31149999999994,185.47249999999994,10511
2026-03-17T09:30:00+00:00,185.47249999999994,185.49949999999995,185.35449999999994,185.44249999999994,9741
2026-03-17T10:00:00+00:00,185.44249999999994,185.45049999999995,185.27449999999993,185.30749999999995,10333
2026-03-17T10:30:00+00:00,185.30749999999995,185.32449999999994,185.24349999999995,185.27049999999994,8006
2026-03-17T11:00:00+00:00,185.27049999999994,185.32449999999994,185.23649999999995,185.26549999999995,7963
2026-03-17T11:30:00+00:00,185.26549999999995,185.29849999999993,185.21849999999995,185.26649999999995,9147
2026-03-17T12:00:00+00:00,185.26649999999995,185.40749999999994,185.25549999999996,185.27349999999996,11751
2026-03-17T12:30:00+00:00,185.27349999999996,185.47449999999995,185.24749999999995,185.45249999999993,10178
2026-03-17T13:00:00+00:00,185.45249999999993,185.56449999999995,185.41849999999994,185.43349999999995,17868
2026-03-17T13:30:00+00:00,185.43349999999995,185.51949999999994,185.31549999999996,185.37049999999994,16218
2026-03-17T14:00:00+00:00,185.37049999999994,185.43749999999994,185.34549999999996,185.39649999999995,13632
2026-03-17T14:30:00+00:00,185.39649999999995,185.48949999999994,185.38649999999996,185.48749999999995,11738
2026-03-17T15:00:00+00:00,185.48749999999995,185.54549999999995,185.41049999999996,185.49649999999994,13818
2026-03-17T15:30:00+00:00,185.49649999999994,185.53449999999995,185.42949999999996,185.46449999999996,14314
2026-03-17T16:00:00+00:00,185.46449999999996,185.50649999999996,185.38349999999994,185.39049999999995,13740
2026-03-17T16:30:00+00:00,185.39049999999995,185.48749999999995,185.35549999999995,185.41049999999996,9732
2026-03-17T17:00:00+00:00,185.41049999999996,185.53949999999995,185.40649999999994,185.53049999999996,7021
2026-03-17T17:30:00+00:00,185.53049999999996,185.62949999999995,185.51649999999995,185.62749999999994,6213
2026-03-17T18:00:00+00:00,185.62749999999994,185.70749999999995,185.62649999999994,185.70649999999995,6188
2026-03-17T18:30:00+00:00,185.70649999999995,185.70849999999996,185.66949999999994,185.70849999999996,4706
2026-03-17T19:00:00+00:00,185.70849999999996,185.72849999999994,185.63149999999996,185.64149999999995,4834
2026-03-17T19:30:00+00:00,185.64149999999995,185.68249999999995,185.60849999999994,185.64949999999996,5276
2026-03-17T20:00:00+00:00,185.64949999999996,185.69249999999994,185.63449999999995,185.66549999999995,2521
2026-03-17T20:30:00+00:00,185.66549999999995,185.70249999999996,185.60249999999994,185.64649999999995,2500
2026-03-17T21:00:00+00:00,185.64649999999995,185.64649999999995,185.47049999999996,185.60749999999996,836
2026-03-17T21:30:00+00:00,185.60749999999996,185.61549999999994,185.57749999999996,185.60849999999994,2087
2026-03-17T22:00:00+00:00,185.60849999999994,185.68149999999994,185.60749999999996,185.66449999999995,2574
2026-03-17T22:30:00+00:00,185.66449999999995,185.69649999999996,185.63149999999996,185.64049999999995,2315
2026-03-17T23:00:00+00:00,185.64049999999995,185.64649999999995,185.57649999999995,185.59349999999995,3475
2026-03-17T23:30:00+00:00,185.59349999999995,185.61949999999996,185.54849999999996,185.57249999999993,8494
2026-03-18T00:00:00+00:00,185.57249999999993,185.58749999999995,185.46549999999993,185.57149999999996,10152
2026-03-18T00:30:00+00:00,185.57149999999996,185.75049999999996,185.56849999999994,185.64849999999996,12188
2026-03-18T01:00:00+00:00,185.64849999999996,185.69849999999994,185.62749999999994,185.67149999999995,5918
2026-03-18T01:30:00+00:00,185.67149999999995,185.67149999999995,185.57449999999994,185.60549999999995,5895
2026-03-18T02:00:00+00:00,185.60549999999995,185.63449999999995,185.57049999999995,185.58349999999996,4872
2026-03-18T02:30:00+00:00,185.58349999999996,185.58949999999996,185.43149999999994,185.46949999999995,5297
2026-03-18T03:00:00+00:00,185.46949999999995,185.55049999999994,185.46349999999995,185.54649999999995,4077
2026-03-18T03:30:00+00:00,185.54649999999995,185.57149999999996,185.51149999999996,185.54749999999996,3588
2026-03-18T04:00:00+00:00,185.54749999999996,185.57849999999996,185.51349999999996,185.55449999999996,4153
2026-03-18T04:30:00+00:00,185.55449999999996,185.55649999999994,185.44149999999996,185.49949999999995,5092
2026-03-18T05:00:00+00:00,185.49949999999995,185.50249999999994,185.34649999999996,185.41149999999996,5543
2026-03-18T05:30:00+00:00,185.41149999999996,185.48649999999995,185.39049999999995,185.42849999999996,5487
2026-03-18T06:00:00+00:00,185.42849999999996,185.45549999999994,185.31049999999996,185.37449999999995,7193
2026-03-18T06:30:00+00:00,185.37449999999995,185.44749999999996,185.31049999999996,185.42849999999996,6481
2026-03-18T07:00:00+00:00,185.42849999999996,185.53649999999996,185.40249999999995,185.45349999999996,8508
2026-03-18T07:30:00+00:00,185.45349999999996,185.45449999999994,185.16249999999997,185.19549999999995,8580
2026-03-18T08:00:00+00:00,185.19549999999995,185.36749999999995,185.19549999999995,185.31549999999996,10510
2026-03-18T08:30:00+00:00,185.31549999999996,185.53249999999994,185.31549999999996,185.51249999999996,8266
2026-03-18T09:00:00+00:00,185.51249999999996,185.58949999999996,185.50749999999996,185.55049999999994,6768
2026-03-18T09:30:00+00:00,185.55049999999994,185.59849999999994,185.49349999999995,185.55949999999996,5041
2026-03-18T10:00:00+00:00,185.55949999999996,185.73049999999995,185.55749999999995,185.64249999999996,5878
2026-03-18T10:30:00+00:00,185.64249999999996,185.70949999999996,185.59649999999996,185.69949999999994,6886
2026-03-18T11:00:00+00:00,185.69949999999994,185.81849999999994,185.64749999999995,185.65849999999995,8894
2026-03-18T11:30:00+00:00,185.65849999999995,185.81449999999995,185.64349999999996,185.76549999999995,10495
2026-03-18T12:00:00+00:00,185.76549999999995,185.80349999999996,185.63049999999996,185.63049999999996,16073
2026-03-18T12:30:00+00:00,185.63049999999996,185.79049999999995,185.62749999999994,185.68449999999996,20252
2026-03-18T13:00:00+00:00,185.68449999999996,185.74249999999995,185.55849999999995,185.72249999999994,20303
2026-03-18T13:30:00+00:00,185.72249999999994,185.86049999999994,185.66549999999995,185.86049999999994,17576
2026-03-18T14:00:00+00:00,185.86049999999994,186.00049999999996,185.70049999999995,185.75149999999996,14919
2026-03-18T14:30:00+00:00,185.75149999999996,185.89449999999997,185.73349999999996,185.80249999999995,13404
2026-03-18T15:00:00+00:00,185.80249999999995,185.97449999999995,185.79849999999996,185.90449999999996,15699
2026-03-18T15:30:00+00:00,185.90449999999996,185.95249999999996,185.77449999999996,185.81549999999996,12097
2026-03-18T16:00:00+00:00,185.81549999999996,185.89749999999995,185.79249999999996,185.83049999999994,11137
2026-03-18T16:30:00+00:00,185.83049999999994,185.83649999999994,185.73649999999995,185.76149999999996,9661
2026-03-18T17:00:00+00:00,185.76149999999996,185.78649999999996,185.70949999999996,185.72049999999996,8337
2026-03-18T17:30:00+00:00,185.72049999999996,185.78349999999995,185.67849999999996,185.72049999999996,8516
2026-03-18T18:00:00+00:00,185.72049999999996,185.78849999999994,185.60349999999994,185.65549999999996,17988
2026-03-18T18:30:00+00:00,185.65549999999996,185.73049999999995,185.50649999999996,185.53149999999997,20210
2026-03-18T19:00:00+00:00,185.53149999999997,185.58149999999995,185.47649999999996,185.54049999999995,16974
2026-03-18T19:30:00+00:00,185.54049999999995,185.59149999999994,185.47549999999995,185.51249999999996,10832
2026-03-18T20:00:00+00:00,185.51249999999996,185.52749999999995,185.30649999999994,185.32049999999995,7108
2026-03-18T20:30:00+00:00,185.32049999999995,185.36949999999996,185.24149999999995,185.24149999999995,5021
2026-03-18T21:00:00+00:00,185.24149999999995,185.47649999999996,185.09849999999994,185.46249999999998,761.1921925705172
2026-03-18T21:30:00+00:00,185.46249999999998,185.51149999999998,185.36949999999996,185.37049999999996,1383
2026-03-18T22:00:00+00:00,185.37049999999996,185.42749999999998,185.30849999999998,185.33449999999996,3809
2026-03-18T22:30:00+00:00,185.33449999999996,185.34949999999998,185.30649999999997,185.32349999999997,3294
2026-03-18T23:00:00+00:00,185.32349999999997,185.42449999999997,185.32049999999998,185.40549999999996,4260
2026-03-18T23:30:00+00:00,185.40549999999996,185.47749999999996,185.39649999999997,185.46949999999998,7500
2026-03-19T00:00:00+00:00,185.46949999999998,185.53949999999998,185.43349999999998,185.50049999999996,8928
2026-03-19T00:30:00+00:00,185.50049999999996,185.61049999999997,185.44549999999998,185.60049999999998,11268
2026-03-19T01:00:00+00:00,185.60049999999998,185.68549999999996,185.53749999999997,185.56749999999997,9304
2026-03-19T01:30:00+00:00,185.56749999999997,185.57249999999996,185.47949999999997,185.50349999999997,7136
2026-03-19T02:00:00+00:00,185.50349999999997,185.66349999999997,185.41949999999997,185.64949999999996,10830
2026-03-19T02:30:00+00:00,185.64949999999996,185.69149999999996,185.56849999999997,185.59349999999998,7376
2026-03-19T03:00:00+00:00,185.59349999999998,185.61749999999998,185.55149999999998,185.58449999999996,5239
2026-03-19T03:30:00+00:00,185.58449999999996,185.58549999999997,185.42749999999998,185.44349999999997,4611
2026-03-19T04:00:00+00:00,185.44349999999997,185.45049999999998,185.36349999999996,185.41549999999998,5024
2026-03-19T04:30:00+00:00,185.41549999999998,185.42649999999998,185.34049999999996,185.37949999999998,5202
2026-03-19T05:00:00+00:00,185.37949999999998,185.45249999999996,185.36949999999996,185.42049999999998,4318
2026-03-19T05:30:00+00:00,185.42049999999998,185.45349999999996,185.38849999999996,185.39749999999998,6968
2026-03-19T06:00:00+00:00,185.39749999999998,185.52249999999998,185.38749999999996,185.44649999999996,7046
2026-03-19T06:30:00+00:00,185.44649999999996,185.45349999999996,185.25849999999997,185.35149999999996,12765
2026-03-19T07:00:00+00:00,185.35149999999996,185.36849999999998,184.90049999999997,185.03049999999996,22800
2026-03-19T07:30:00+00:00,185.03049999999996,185.11449999999996,184.58549999999997,184.63449999999997,19162
2026-03-19T08:00:00+00:00,184.63449999999997,184.76149999999998,184.31549999999996,184.61249999999998,22485
2026-03-19T08:30:00+00:00,184.61249999999998,184.82749999999996,184.53549999999996,184.55149999999998,18654
2026-03-19T09:00:00+00:00,184.55149999999998,184.93949999999998,184.54649999999998,184.80149999999998,21695
2026-03-19T09:30:00+00:00,184.80149999999998,185.04749999999996,184.71949999999998,184.98449999999997,23846
2026-03-19T10:00:00+00:00,184.98449999999997,184.98449999999997,184.77949999999996,184.88149999999996,14181
2026-03-19T10:30:00+00:00,184.88149999999996,184.96749999999997,184.77449999999996,184.84749999999997,11603
2026-03-19T11:00:00+00:00,184.84749999999997,184.94349999999997,184.71749999999997,184.78149999999997,11819
2026-03-19T11:30:00+00:00,184.78149999999997,184.87549999999996,184.69249999999997,184.86649999999997,10610
2026-03-19T12:00:00+00:00,184.86649999999997,184.91949999999997,184.77749999999997,184.81049999999996,20829
2026-03-19T12:30:00+00:00,184.81049999999996,185.01749999999996,184.74449999999996,184.80849999999998,25172
2026-03-19T13:00:00+00:00,184.80849999999998,184.85549999999998,184.52249999999998,184.57649999999998,23597
2026-03-19T13:30:00+00:00,184.57649999999998,184.57749999999996,184.32849999999996,184.49449999999996,37096
2026-03-19T14:00:00+00:00,184.49449999999996,184.55549999999997,184.33049999999997,184.48049999999998,33534
2026-03-19T14:30:00+00:00,184.48049999999998,184.65749999999997,184.47649999999996,184.65449999999996,20534
2026-03-19T15:00:00+00:00,184.65449999999996,184.83249999999998,184.59149999999997,184.70949999999996,21392
2026-03-19T15:30:00+00:00,184.70949999999996,184.71949999999998,184.31549999999996,184.42149999999998,22715
2026-03-19T16:00:00+00:00,184.42149999999998,184.66249999999997,184.35949999999997,184.59349999999998,26266
2026-03-19T16:30:00+00:00,184.59349999999998,184.62349999999998,184.49149999999997,184.59149999999997,13852
2026-03-19T17:00:00+00:00,184.59149999999997,184.76349999999996,184.59149999999997,184.74749999999997,13836
2026-03-19T17:30:00+00:00,184.74749999999997,184.80649999999997,184.65649999999997,184.70549999999997,10723
2026-03-19T18:00:00+00:00,184.70549999999997,184.73949999999996,184.63549999999998,184.69849999999997,12696
2026-03-19T18:30:00+00:00,184.69849999999997,184.95949999999996,184.65649999999997,184.93249999999998,7552
2026-03-19T19:00:00+00:00,184.93249999999998,185.24949999999998,184.82849999999996,184.90749999999997,27294
2026-03-19T19:30:00+00:00,184.90749999999997,184.93349999999998,184.79349999999997,184.90249999999997,17038
2026-03-19T20:00:00+00:00,184.90249999999997,184.98749999999998,184.86849999999998,184.97749999999996,5824
2026-03-19T20:30:00+00:00,184.97749999999996,185.02949999999996,184.91749999999996,185.00149999999996,3181
2026-03-19T21:00:00+00:00,185.00149999999996,185.06149999999997,184.8575,185.04349999999997,710.5072180321124
2026-03-19T21:30:00+00:00,185.04349999999997,185.06949999999998,184.96849999999998,184.9765,1185
2026-03-19T22:00:00+00:00,184.9765,185.15949999999998,184.9765,185.01349999999996,2830
2026-03-19T22:30:00+00:00,185.01349999999996,185.09049999999996,184.99049999999997,185.05749999999998,3884
2026-03-19T23:00:00+00:00,185.05749999999998,185.13049999999998,185.02649999999997,185.12349999999998,5679
2026-03-19T23:30:00+00:00,185.12349999999998,185.16349999999997,185.07349999999997,185.09049999999996,3770
2026-03-20T00:00:00+00:00,185.09049999999996,185.12749999999997,184.91949999999997,184.95649999999998,7117
2026-03-20T00:30:00+00:00,184.95649999999998,185.06249999999997,184.92449999999997,184.96349999999998,9067
2026-03-20T01:00:00+00:00,184.96349999999998,185.04149999999998,184.8575,184.90449999999998,11679
2026-03-20T01:30:00+00:00,184.90449999999998,185.15549999999996,184.90249999999997,185.11549999999997,9256
2026-03-20T02:00:00+00:00,185.11549999999997,185.29349999999997,185.11549999999997,185.28649999999996,6286
2026-03-20T02:30:00+00:00,185.28649999999996,185.35849999999996,185.25949999999997,185.32549999999998,6471
2026-03-20T03:00:00+00:00,185.32549999999998,185.3455,185.26349999999996,185.27549999999997,5935
2026-03-20T03:30:00+00:00,185.27549999999997,185.32549999999998,185.23749999999998,185.31449999999998,5304
2026-03-20T04:00:00+00:00,185.31449999999998,185.35349999999997,185.28449999999998,185.32649999999998,4364
2026-03-20T04:30:00+00:00,185.32649999999998,185.35249999999996,185.28649999999996,185.28649999999996,3691
2026-03-20T05:00:00+00:00,185.28649999999996,185.34849999999997,185.28349999999998,185.3215,3683
2026-03-20T05:30:00+00:00,185.3215,185.34049999999996,185.27949999999998,185.28849999999997,4696
2026-03-20T06:00:00+00:00,185.28849999999997,185.37749999999997,185.28849999999997,185.36549999999997,5370
2026-03-20T06:30:00+00:00,185.36549999999997,185.4525,185.35549999999998,185.38349999999997,8383
2026-03-20T07:00:00+00:00,185.38349999999997,185.53249999999997,185.36449999999996,185.50349999999997,12936
2026-03-20T07:30:00+00:00,185.50349999999997,185.57249999999996,185.41949999999997,185.46349999999998,11589
2026-03-20T08:00:00+00:00,185.46349999999998,185.57549999999998,185.44149999999996,185.54549999999998,12703
2026-03-20T08:30:00+00:00,185.54549999999998,185.68849999999998,185.52449999999996,185.6015,10918
2026-03-20T09:00:00+00:00,185.6015,185.76349999999996,185.54549999999998,185.73149999999998,12375
2026-03-20T09:30:00+00:00,185.73149999999998,185.77549999999997,185.62849999999997,185.69749999999996,15817
2026-03-20T10:00:00+00:00,185.69749999999996,185.70049999999998,185.52849999999998,185.60549999999998,15481
2026-03-20T10:30:00+00:00,185.60549999999998,185.7505,185.57249999999996,185.74249999999998,13862
2026-03-20T11:00:00+00:00,185.74249999999998,185.78849999999997,185.65849999999998,185.77549999999997,11886
2026-03-20T11:30:00+00:00,185.77549999999997,185.87249999999997,185.7565,185.77049999999997,11330
2026-03-20T12:00:00+00:00,185.77049999999997,185.8575,185.75149999999996,185.80049999999997,15383
2026-03-20T12:30:00+00:00,185.80049999999997,185.87049999999996,185.74849999999998,185.79049999999998,17770
2026-03-20T13:00:00+00:00,185.79049999999998,185.80949999999999,185.71649999999997,185.76149999999998,14056
2026-03-20T13:30:00+00:00,185.76149999999998,185.88349999999997,185.7385,185.79449999999997,21782
2026-03-20T14:00:00+00:00,185.79449999999997,185.88349999999997,185.69749999999996,185.7145,20849
2026-03-20T14:30:00+00:00,185.7145,185.84649999999996,185.7085,185.81649999999996,15308
2026-03-20T15:00:00+00:00,185.81649999999996,186.02549999999997,185.80449999999996,185.93249999999998,17099
2026-03-20T15:30:00+00:00,185.93249999999998,186.1255,185.8755,186.08049999999997,15610
2026-03-20T16:00:00+00:00,186.08049999999997,186.38949999999997,186.06949999999998,186.30749999999998,10754
2026-03-20T16:30:00+00:00,186.30749999999998,186.39749999999998,186.2385,186.36749999999998,8540
2026-03-20T17:00:00+00:00,186.36749999999998,186.41549999999998,186.29749999999999,186.39549999999997,13353
2026-03-20T17:30:00+00:00,186.39549999999997,186.40649999999997,186.28649999999996,186.29449999999997,12603
2026-03-20T18:00:00+00:00,186.29449999999997,186.47549999999998,186.23549999999997,186.43449999999999,15446
2026-03-20T18:30:00+00:00,186.43449999999999,186.4705,186.31249999999997,186.32449999999997,12621
2026-03-20T19:00:00+00:00,186.32449999999997,186.37149999999997,186.25749999999996,186.3455,11065
2026-03-20T19:30:00+00:00,186.3455,186.39249999999998,186.24249999999998,186.39249999999998,11737
2026-03-20T20:00:00+00:00,186.39249999999998,186.50549999999998,186.3755,186.47449999999998,4706
2026-03-20T20:30:00+00:00,186.47449999999998,186.5065,186.42149999999998,186.48449999999997,5275
2026-03-22T21:00:00+00:00,186.48449999999997,186.49350000000004,186.3745,186.48850000000004,519.9838434175975
2026-03-22T21:30:00+00:00,186.48850000000004,186.52950000000004,186.22950000000003,186.38250000000002,982.3160730612923
2026-03-22T22:00:00+00:00,186.38250000000002,186.72650000000002,186.2855,186.65650000000002,4904
2026-03-22T22:30:00+00:00,186.65650000000002,186.7115,186.5885,186.6405,4835
2026-03-22T23:00:00+00:00,186.6405,186.6475,186.47250000000003,186.59750000000003,7657
2026-03-22T23:30:00+00:00,186.59750000000003,186.6185,186.50650000000002,186.5325,8709
2026-03-23T00:00:00+00:00,186.5325,186.5625,186.34750000000003,186.5505,13269
2026-03-23T00:30:00+00:00,186.5505,186.65650000000002,186.43050000000002,186.6545,17532
2026-03-23T01:00:00+00:00,186.6545,186.8565,186.6245,186.7545,14738
2026-03-23T01:30:00+00:00,186.7545,186.85750000000002,186.67450000000002,186.79350000000002,14189
2026-03-23T02:00:00+00:00,186.79350000000002,186.8035,186.6575,186.7005,11244
2026-03-23T02:30:00+00:00,186.7005,186.80450000000002,186.69050000000001,186.72250000000003,9635
2026-03-23T03:00:00+00:00,186.72250000000003,186.79850000000002,186.70250000000001,186.7475,7411
2026-03-23T03:30:00+00:00,186.7475,186.75650000000002,186.53750000000002,186.64550000000003,7764
2026-03-23T04:00:00+00:00,186.64550000000003,186.6835,186.5945,186.60950000000003,7023
2026-03-23T04:30:00+00:00,186.60950000000003,186.64550000000003,186.5475,186.6345,6941
2026-03-23T05:00:00+00:00,186.6345,186.67350000000002,186.58350000000002,186.61350000000002,7579
2026-03-23T05:30:00+00:00,186.61350000000002,186.62750000000003,186.53150000000002,186.57350000000002,8820
2026-03-23T06:00:00+00:00,186.57350000000002,186.59150000000002,186.4215,186.4565,13443
2026-03-23T06:30:00+00:00,186.4565,186.4625,186.3685,186.39950000000002,12743
2026-03-23T07:00:00+00:00,186.39950000000002,186.50050000000002,186.3255,186.3795,15154
2026-03-23T07:30:00+00:00,186.3795,186.57250000000002,186.3675,186.48250000000002,17184
2026-03-23T08:00:00+00:00,186.48250000000002,186.64450000000002,186.42950000000002,186.5505,21921
2026-03-23T08:30:00+00:00,186.5505,186.6115,186.2675,186.3485,17258
2026-03-23T09:00:00+00:00,186.3485,186.3785,186.09750000000003,186.1475,15875
2026-03-23T09:30:00+00:00,186.1475,186.18650000000002,185.90650000000002,185.91750000000002,15805
2026-03-23T10:00:00+00:00,185.91750000000002,185.9445,185.83350000000002,185.8495,12854
2026-03-23T10:30:00+00:00,185.8495,185.9675,185.8035,185.8625,14701
2026-03-23T11:00:00+00:00,185.8625,186.73950000000002,185.6815,186.0705,36557
2026-03-23T11:30:00+00:00,186.0705,186.4325,186.0415,186.19150000000002,41045
2026-03-23T12:00:00+00:00,186.19150000000002,186.33550000000002,186.1185,186.26350000000002,34733
2026-03-23T12:30:00+00:00,186.26350000000002,186.60350000000003,186.1475,186.58350000000002,34410
2026-03-23T13:00:00+00:00,186.58350000000002,186.6125,186.2855,186.31750000000002,28072
2026-03-23T13:30:00+00:00,186.31750000000002,186.4455,186.28150000000002,186.32350000000002,33637
2026-03-23T14:00:00+00:00,186.32350000000002,186.57850000000002,186.16850000000002,186.5455,27765
2026-03-23T14:30:00+00:00,186.5455,186.76450000000003,186.51350000000002,186.54350000000002,28840
2026-03-23T15:00:00+00:00,186.54350000000002,186.6465,186.4395,186.55450000000002,27108
2026-03-23T15:30:00+00:00,186.55450000000002,186.5925,186.3565,186.3975,26190
2026-03-23T16:00:00+00:00,186.3975,186.4495,186.28650000000002,186.4035,20074
2026-03-23T16:30:00+00:00,186.4035,186.5175,186.3915,186.45950000000002,20722
2026-03-23T17:00:00+00:00,186.45950000000002,186.4915,186.4255,186.43550000000002,17819
2026-03-23T17:30:00+00:00,186.43550000000002,186.47250000000003,186.32350000000002,186.34650000000002,11141
2026-03-23T18:00:00+00:00,186.34650000000002,186.3625,186.2545,186.2955,11161
2026-03-23T18:30:00+00:00,186.2955,186.47650000000002,186.2855,186.4395,14572
2026-03-23T19:00:00+00:00,186.4395,186.45850000000002,186.35150000000002,186.3905,8235
2026-03-23T19:30:00+00:00,186.3905,186.51250000000002,186.3845,186.4985,8416
2026-03-23T20:00:00+00:00,186.4985,186.54850000000002,186.47750000000002,186.4935,4173
2026-03-23T20:30:00+00:00,186.4935,186.5505,186.4215,186.4935,2953
2026-03-23T21:00:00+00:00,186.4935,186.49650000000003,186.44750000000002,186.4815,769
2026-03-23T21:30:00+00:00,186.4815,186.4995,186.3445,186.47250000000003,2408
2026-03-23T22:00:00+00:00,186.47250000000003,186.47850000000003,186.37550000000002,186.42350000000002,2645
2026-03-23T22:30:00+00:00,186.42350000000002,186.45850000000002,186.38950000000003,186.4095,2664
2026-03-23T23:00:00+00:00,186.4095,186.4205,186.3425,186.36550000000003,4079
2026-03-23T23:30:00+00:00,186.36550000000003,186.50050000000002,186.3625,186.49050000000003,8204
2026-03-24T00:00:00+00:00,186.49050000000003,186.50750000000002,186.3865,186.42450000000002,13635
2026-03-24T00:30:00+00:00,186.42450000000002,186.42950000000002,186.1605,186.2825,18975
2026-03-24T01:00:00+00:00,186.2825,186.3125,186.2115,186.24450000000002,17092
2026-03-24T01:30:00+00:00,186.24450000000002,186.2775,186.14550000000003,186.23450000000003,14333
2026-03-24T02:00:00+00:00,186.23450000000003,186.3685,186.2175,186.3065,12937
2026-03-24T02:30:00+00:00,186.3065,186.3565,186.23850000000002,186.35150000000002,9972
2026-03-24T03:00:00+00:00,186.35150000000002,186.38750000000002,186.3025,186.37050000000002,7416
2026-03-24T03:30:00+00:00,186.37050000000002,186.38250000000002,186.2475,186.3805,7689
2026-03-24T04:00:00+00:00,186.3805,186.39950000000002,186.30550000000002,186.3315,6780
2026-03-24T04:30:00+00:00,186.3315,186.3855,186.3005,186.36450000000002,5896
2026-03-24T05:00:00+00:00,186.36450000000002,186.3855,186.27450000000002,186.32150000000001,10805
2026-03-24T05:30:00+00:00,186.32150000000001,186.36350000000002,186.2715,186.2725,10485
2026-03-24T06:00:00+00:00,186.2725,186.3325,186.2535,186.3095,12148
2026-03-24T06:30:00+00:00,186.3095,186.3925,186.2775,186.37050000000002,12265
2026-03-24T07:00:00+00:00,186.37050000000002,186.5815,186.3485,186.4935,16828
2026-03-24T07:30:00+00:00,186.4935,186.5635,186.4385,186.51250000000002,15158
2026-03-24T08:00:00+00:00,186.51250000000002,186.51250000000002,186.3065,186.3205,17623
2026-03-24T08:30:00+00:00,186.3205,186.4035,186.19250000000002,186.3735,16194
2026-03-24T09:00:00+00:00,186.3735,186.45950000000002,186.2735,186.4345,15344
2026-03-24T09:30:00+00:00,186.4345,186.5045,186.42450000000002,186.4515,11355
2026-03-24T10:00:00+00:00,186.4515,186.5325,186.4095,186.4325,12028
2026-03-24T10:30:00+00:00,186.4325,186.51850000000002,186.4135,186.47650000000002,12245
2026-03-24T11:00:00+00:00,186.47650000000002,186.5355,186.4375,186.49550000000002,11797
2026-03-24T11:30:00+00:00,186.49550000000002,186.5345,186.3865,186.52450000000002,13528
2026-03-24T12:00:00+00:00,186.52450000000002,186.54850000000002,186.4455,186.51250000000002,13017
2026-03-24T12:30:00+00:00,186.51250000000002,186.63250000000002,186.4675,186.5095,16257
2026-03-24T13:00:00+00:00,186.5095,186.57150000000001,186.3685,186.41150000000002,20810
2026-03-24T13:30:00+00:00,186.41150000000002,186.4575,186.33550000000002,186.3785,18694
2026-03-24T14:00:00+00:00,186.3785,186.51350000000002,186.37550000000002,186.4455,19708
2026-03-24T14:30:00+00:00,186.4455,186.57750000000001,186.37750000000003,186.4735,23267
2026-03-24T15:00:00+00:00,186.4735,186.5095,186.4145,186.4695,20318
2026-03-24T15:30:00+00:00,186.4695,186.50250000000003,186.4035,186.49550000000002,16169
2026-03-24T16:00:00+00:00,186.49550000000002,186.6475,186.48350000000002,186.6225,11841
2026-03-24T16:30:00+00:00,186.6225,186.6305,186.55550000000002,186.59750000000003,10731
2026-03-24T17:00:00+00:00,186.59750000000003,186.63150000000002,186.3845,186.5755,21234
2026-03-24T17:30:00+00:00,186.5755,186.7075,186.56650000000002,186.6695,14141
2026-03-24T18:00:00+00:00,186.6695,186.6885,186.60750000000002,186.63750000000002,13915
2026-03-24T18:30:00+00:00,186.63750000000002,186.68050000000002,186.6065,186.6485,10424
2026-03-24T19:00:00+00:00,186.6485,186.75250000000003,186.64350000000002,186.7425,7885
2026-03-24T19:30:00+00:00,186.7425,186.7435,186.68050000000002,186.7195,7455
2026-03-24T20:00:00+00:00,186.7195,186.76250000000002,186.5885,186.66750000000002,14536
2026-03-24T20:30:00+00:00,186.66750000000002,186.7735,186.6405,186.7075,14380
2026-03-24T21:00:00+00:00,186.7075,186.7435,186.5215,186.5385,804
2026-03-24T21:30:00+00:00,186.5385,186.74450000000002,186.5345,186.70850000000002,1638
2026-03-24T22:00:00+00:00,186.70850000000002,186.85350000000003,186.6605,186.7655,3928
2026-03-24T22:30:00+00:00,186.7655,186.83950000000002,186.75050000000002,186.8205,6314
2026-03-24T23:00:00+00:00,186.8205,186.8505,186.7655,186.8445,6171
2026-03-24T23:30:00+00:00,186.8445,186.88150000000002,186.8035,186.8365,5788
2026-03-25T00:00:00+00:00,186.8365,187.07850000000002,186.8035,187.0225,13241
2026-03-25T00:30:00+00:00,187.0225,187.06550000000001,186.90050000000002,186.9205,14215
2026-03-25T01:00:00+00:00,186.9205,186.95450000000002,186.8245,186.92450000000002,12210
2026-03-25T01:30:00+00:00,186.92450000000002,186.93650000000002,186.8245,186.82950000000002,11630
2026-03-25T02:00:00+00:00,186.82950000000002,186.8365,186.73450000000003,186.7835,9279
2026-03-25T02:30:00+00:00,186.7835,186.86950000000002,186.7665,186.8005,6286
2026-03-25T03:00:00+00:00,186.8005,186.82850000000002,186.73950000000002,186.7725,4652
2026-03-25T03:30:00+00:00,186.7725,186.80550000000002,186.74450000000002,186.7895,4366
2026-03-25T04:00:00+00:00,186.7895,186.9155,186.7665,186.8855,4348
2026-03-25T04:30:00+00:00,186.8855,186.88750000000002,186.79250000000002,186.7945,5344
2026-03-25T05:00:00+00:00,186.7945,186.8425,186.7555,186.8095,4963
2026-03-25T05:30:00+00:00,186.8095,186.88350000000003,186.7915,186.8315,7543
2026-03-25T06:00:00+00:00,186.8315,186.9095,186.7885,186.85250000000002,8981
2026-03-25T06:30:00+00:00,186.85250000000002,186.9375,186.8205,186.9085,7390
2026-03-25T07:00:00+00:00,186.9085,187.02050000000003,186.88150000000002,186.98350000000002,9893
2026-03-25T07:30:00+00:00,186.98350000000002,187.12550000000002,186.9145,187.0805,9164
2026-03-25T08:00:00+00:00,187.0805,187.0985,186.90650000000002,186.9435,15701
2026-03-25T08:30:00+00:00,186.9435,187.00150000000002,186.70850000000002,186.73950000000002,16600
2026-03-25T09:00:00+00:00,186.73950000000002,186.84150000000002,186.71650000000002,186.79950000000002,12406
2026-03-25T09:30:00+00:00,186.79950000000002,186.85950000000003,186.72650000000002,186.82850000000002,11662
2026-03-25T10:00:00+00:00,186.82850000000002,186.9395,186.82750000000001,186.85850000000002,10322
2026-03-25T10:30:00+00:00,186.85850000000002,186.95850000000002,186.84150000000002,186.9075,8174
2026-03-25T11:00:00+00:00,186.9075,186.95350000000002,186.8555,186.8905,8699
2026-03-25T11:30:00+00:00,186.8905,186.89550000000003,186.79950000000002,186.8725,11641
2026-03-25T12:00:00+00:00,186.8725,186.9315,186.7845,186.8735,19207
2026-03-25T12:30:00+00:00,186.8735,186.9035,186.79350000000002,186.8505,16006
2026-03-25T13:00:00+00:00,186.8505,186.9095,186.7255,186.75750000000002,14748
2026-03-25T13:30:00+00:00,186.75750000000002,186.7855,186.65550000000002,186.7015,17578
2026-03-25T14:00:00+00:00,186.7015,186.8365,186.6355,186.80550000000002,19093
2026-03-25T14:30:00+00:00,186.80550000000002,186.82150000000001,186.7185,186.79950000000002,14257
2026-03-25T15:00:00+00:00,186.79950000000002,186.8435,186.6295,186.6665,17945
2026-03-25T15:30:00+00:00,186.6665,186.75050000000002,186.56050000000002,186.7195,14679
2026-03-25T16:00:00+00:00,186.7195,186.7665,186.56150000000002,186.7115,16722
2026-03-25T16:30:00+00:00,186.7115,186.7725,186.6635,186.73350000000002,11405
2026-03-25T17:00:00+00:00,186.73350000000002,186.84050000000002,186.7235,186.8325,10593
2026-03-25T17:30:00+00:00,186.8325,186.93650000000002,186.81650000000002,186.91250000000002,9718
2026-03-25T18:00:00+00:00,186.91250000000002,186.9755,186.88950000000003,186.95950000000002,8115
2026-03-25T18:30:00+00:00,186.95950000000002,186.97250000000003,186.84650000000002,186.9095,8948
2026-03-25T19:00:00+00:00,186.9095,186.9395,186.87750000000003,186.9205,8324
2026-03-25T19:30:00+00:00,186.9205,186.9675,186.89950000000002,186.9085,6641
2026-03-25T20:00:00+00:00,186.9085,186.9105,186.8505,186.85350000000003,2997
2026-03-25T20:30:00+00:00,186.85350000000003,186.85750000000002,186.8185,186.8325,3153
2026-03-25T21:00:00+00:00,186.8325,186.83350000000002,186.7485,186.7895,692
2026-03-25T21:30:00+00:00,186.7895,186.86350000000002,186.76850000000002,186.7795,1937
2026-03-25T22:00:00+00:00,186.7795,186.83950000000002,186.7775,186.8145,1693
2026-03-25T22:30:00+00:00,186.8145,186.84050000000002,186.78150000000002,186.8035,1673
2026-03-25T23:00:00+00:00,186.8035,186.8385,186.7715,186.78750000000002,3441
2026-03-25T23:30:00+00:00,186.78750000000002,186.8135,186.7595,186.79850000000002,3763
2026-03-26T00:00:00+00:00,186.79850000000002,186.89350000000002,186.7555,186.88250000000002,7670
2026-03-26T00:30:00+00:00,186.88250000000002,186.88350000000003,186.73950000000002,186.8435,7673
2026-03-26T01:00:00+00:00,186.8435,186.95950000000002,186.8315,186.90550000000002,8937
2026-03-26T01:30:00+00:00,186.90550000000002,186.97650000000002,186.9025,186.94750000000002,6359
2026-03-26T02:00:00+00:00,186.94750000000002,186.9695,186.88750000000002,186.9095,4892
2026-03-26T02:30:00+00:00,186.9095,186.9195,186.8365,186.9105,6100
2026-03-26T03:00:00+00:00,186.9105,186.97150000000002,186.8625,186.96050000000002,5587
2026-03-26T03:30:00+00:00,186.96050000000002,186.9985,186.9165,186.9865,5743
2026-03-26T04:00:00+00:00,186.9865,186.99650000000003,186.9265,186.94250000000002,3649
2026-03-26T04:30:00+00:00,186.94250000000002,186.99050000000003,186.9375,186.9745,4601
2026-03-26T05:00:00+00:00,186.9745,186.9855,186.87650000000002,186.91750000000002,6089
2026-03-26T05:30:00+00:00,186.91750000000002,186.9285,186.8325,186.85250000000002,5591
2026-03-26T06:00:00+00:00,186.85250000000002,186.86450000000002,186.7895,186.84750000000003,6635
2026-03-26T06:30:00+00:00,186.84750000000003,186.85350000000003,186.70350000000002,186.78650000000002,7845
2026-03-26T07:00:00+00:00,186.78650000000002,186.80550000000002,186.6845,186.76450000000003,10194
2026-03-26T07:30:00+00:00,186.76450000000003,186.8185,186.7135,186.8035,8348
2026-03-26T08:00:00+00:00,186.8035,186.85250000000002,186.7195,186.78750000000002,13058
2026-03-26T08:30:00+00:00,186.78750000000002,186.88250000000002,186.76250000000002,186.8615,10068
2026-03-26T09:00:00+00:00,186.8615,186.93550000000002,186.75650000000002,186.84050000000002,7986
2026-03-26T09:30:00+00:00,186.84050000000002,186.9285,186.7825,186.88850000000002,9051
2026-03-26T10:00:00+00:00,186.88850000000002,186.96550000000002,186.87050000000002,186.8725,7926
2026-03-26T10:30:00+00:00,186.8725,186.90650000000002,186.8265,186.84650000000002,8271
2026-03-26T11:00:00+00:00,186.84650000000002,186.86450000000002,186.6835,186.69050000000001,7637
2026-03-26T11:30:00+00:00,186.69050000000001,186.7125,186.4915,186.51350000000002,7721
2026-03-26T12:00:00+00:00,186.51350000000002,186.61550000000003,186.5045,186.56550000000001,8972
2026-03-26T12:30:00+00:00,186.56550000000001,186.6775,186.5285,186.66150000000002,10882
2026-03-26T13:00:00+00:00,186.66150000000002,186.73450000000003,186.64350000000002,186.69150000000002,11714
2026-03-26T13:30:00+00:00,186.69150000000002,186.7855,186.6405,186.65550000000002,17670
2026-03-26T14:00:00+00:00,186.65550000000002,186.8085,186.63350000000003,186.7795,14986
2026-03-26T14:30:00+00:00,186.7795,186.7915,186.6775,186.7675,16994
2026-03-26T15:00:00+00:00,186.7675,186.83550000000002,186.75250000000003,186.76950000000002,13781
2026-03-26T15:30:00+00:00,186.76950000000002,186.7975,186.67350000000002,186.7855,16394
2026-03-26T16:00:00+00:00,186.7855,186.81550000000001,186.6605,186.68050000000002,11449
2026-03-26T16:30:00+00:00,186.68050000000002,186.7375,186.6715,186.70250000000001,8935
2026-03-26T17:00:00+00:00,186.70250000000001,186.73850000000002,186.65650000000002,186.7195,8062
2026-03-26T17:30:00+00:00,186.7195,186.7475,186.64450000000002,186.66150000000002,7392
2026-03-26T18:00:00+00:00,186.66150000000002,186.76250000000002,186.6525,186.72850000000003,6206
2026-03-26T18:30:00+00:00,186.72850000000003,186.78650000000002,186.7005,186.76250000000002,5439
2026-03-26T19:00:00+00:00,186.76250000000002,186.7675,186.6815,186.6895,6284
2026-03-26T19:30:00+00:00,186.6895,186.72150000000002,186.6695,186.6715,5775
2026-03-26T20:00:00+00:00,186.6715,186.79950000000002,186.6225,186.6935,16257
2026-03-26T20:30:00+00:00,186.6935,186.75250000000003,186.6185,186.69050000000001,7026
2026-03-26T21:00:00+00:00,186.69050000000001,186.7075,186.54450000000003,186.6765,1148.3557163829075
2026-03-26T21:30:00+00:00,186.6765,186.72050000000002,186.63450000000003,186.64550000000003,1842
2026-03-26T22:00:00+00:00,186.64550000000003,186.76950000000002,186.64550000000003,186.7185,1614
2026-03-26T22:30:00+00:00,186.7185,186.76250000000002,186.7125,186.71750000000003,2623
2026-03-26T23:00:00+00:00,186.71750000000003,186.7495,186.69150000000002,186.7375,3907
2026-03-26T23:30:00+00:00,186.7375,186.75250000000003,186.71550000000002,186.74750000000003,3045
2026-03-27T00:00:00+00:00,186.74750000000003,186.75750000000002,186.6115,186.61550000000003,9012
2026-03-27T00:30:00+00:00,186.61550000000003,186.6415,186.37850000000003,186.4935,10745
2026-03-27T01:00:00+00:00,186.4935,186.60350000000003,186.4445,186.59750000000003,9086
2026-03-27T01:30:00+00:00,186.59750000000003,186.65150000000003,186.51950000000002,186.5515,6553
2026-03-27T02:00:00+00:00,186.5515,186.6415,186.5515,186.63950000000003,6425
2026-03-27T02:30:00+00:00,186.63950000000003,186.66350000000003,186.54450000000003,186.5815,5233
2026-03-27T03:00:00+00:00,186.5815,186.6005,186.53150000000002,186.58450000000002,4759
2026-03-27T03:30:00+00:00,186.58450000000002,186.6955,186.58450000000002,186.6895,5051
2026-03-27T04:00:00+00:00,186.6895,186.71450000000002,186.6305,186.64350000000002,4243
2026-03-27T04:30:00+00:00,186.64350000000002,186.76350000000002,186.6305,186.75850000000003,4180
2026-03-27T05:00:00+00:00,186.75850000000003,186.7855,186.71650000000002,186.74550000000002,5324
2026-03-27T05:30:00+00:00,186.74550000000002,186.7835,186.6945,186.73550000000003,6566
2026-03-27T06:00:00+00:00,186.73550000000003,186.77550000000002,186.68650000000002,186.7135,5930
2026-03-27T06:30:00+00:00,186.7135,186.7915,186.66350000000003,186.7715,5237
2026-03-27T07:00:00+00:00,186.7715,186.8505,186.72250000000003,186.83550000000002,9305
2026-03-27T07:30:00+00:00,186.83550000000002,186.85350000000003,186.7305,186.7485,7195
2026-03-27T08:00:00+00:00,186.7485,186.75050000000002,186.65650000000002,186.72950000000003,8702
2026-03-27T08:30:00+00:00,186.72950000000003,186.7495,186.61550000000003,186.65550000000002,7300
2026-03-27T09:00:00+00:00,186.65550000000002,186.71750000000003,186.60150000000002,186.67550000000003,10525
2026-03-27T09:30:00+00:00,186.67550000000003,186.72250000000003,186.62550000000002,186.6655,7099
2026-03-27T10:00:00+00:00,186.6655,186.73550000000003,186.61350000000002,186.7195,8425
2026-03-27T10:30:00+00:00,186.7195,186.72650000000002,186.5875,186.59750000000003,7974
2026-03-27T11:00:00+00:00,186.59750000000003,186.61050000000003,186.5225,186.52450000000002,7942
2026-03-27T11:30:00+00:00,186.52450000000002,186.56050000000002,186.43750000000003,186.46650000000002,7164
2026-03-27T12:00:00+00:00,186.46650000000002,186.53650000000002,186.3745,186.5115,9746
2026-03-27T12:30:00+00:00,186.5115,186.6485,186.49550000000002,186.60750000000002,10574
2026-03-27T13:00:00+00:00,186.60750000000002,186.81750000000002,186.60750000000002,186.8085,11846
2026-03-27T13:30:00+00:00,186.8085,186.9105,186.72350000000003,186.7715,15905
2026-03-27T14:00:00+00:00,186.7715,186.87250000000003,186.74450000000002,186.8315,15685
2026-03-27T14:30:00+00:00,186.8315,186.90750000000003,186.78150000000002,186.8565,13764
2026-03-27T15:00:00+00:00,186.8565,186.9515,186.82250000000002,186.8915,17232
2026-03-27T15:30:00+00:00,186.8915,187.01850000000002,186.8035,187.0115,17178
2026-03-27T16:00:00+00:00,187.0115,187.1705,186.93650000000002,186.98450000000003,13092
2026-03-27T16:30:00+00:00,186.98450000000003,187.0045,186.90550000000002,186.98350000000002,11354
2026-03-27T17:00:00+00:00,186.98350000000002,187.1235,186.9635,187.09850000000003,12674
2026-03-27T17:30:00+00:00,187.09850000000003,187.11550000000003,187.02550000000002,187.09550000000002,7869
2026-03-27T18:00:00+00:00,187.09550000000002,187.1425,187.0535,187.1405,6493
2026-03-27T18:30:00+00:00,187.1405,187.1545,187.00750000000002,187.01250000000002,7551
2026-03-27T19:00:00+00:00,187.01250000000002,187.03150000000002,186.99050000000003,187.02450000000002,5681
2026-03-27T19:30:00+00:00,187.02450000000002,187.03250000000003,186.9505,186.95450000000002,6839
2026-03-27T20:00:00+00:00,186.95450000000002,187.0345,186.92450000000002,187.02550000000002,5441
2026-03-27T20:30:00+00:00,187.02550000000002,187.0535,186.91350000000003,186.96050000000002,4292.743818493966
2026-03-29T21:00:00+00:00,186.96050000000002,186.96050000000002,186.84249999999997,186.84249999999997,239.50375717330593
2026-03-29T21:30:00+00:00,186.84249999999997,187.2535,186.7605,187.17050000000006,953.0630755385745
2026-03-29T22:00:00+00:00,187.17050000000006,187.40150000000006,187.10150000000004,187.22150000000005,5318
2026-03-29T22:30:00+00:00,187.22150000000005,187.28950000000006,187.18350000000007,187.19550000000007,6152
2026-03-29T23:00:00+00:00,187.19550000000007,187.27650000000006,187.16350000000006,187.19650000000004,4876
2026-03-29T23:30:00+00:00,187.19650000000004,187.20350000000005,187.03150000000005,187.04350000000005,8383
2026-03-30T00:00:00+00:00,187.04350000000005,187.05450000000005,186.86850000000007,187.03950000000006,18427
2026-03-30T00:30:00+00:00,187.03950000000006,187.05650000000006,186.86550000000005,186.86950000000004,11442
2026-03-30T01:00:00+00:00,186.86950000000004,186.95250000000004,186.85450000000006,186.91450000000006,8150
2026-03-30T01:30:00+00:00,186.91450000000006,186.97550000000007,186.89150000000006,186.89750000000006,7131
2026-03-30T02:00:00+00:00,186.89750000000006,186.95950000000005,186.79550000000006,186.81950000000006,7424
2026-03-30T02:30:00+00:00,186.81950000000006,186.91750000000005,186.79450000000006,186.90450000000007,7744
2026-03-30T03:00:00+00:00,186.90450000000007,186.93950000000007,186.82750000000004,186.91750000000005,6024
2026-03-30T03:30:00+00:00,186.91750000000005,186.93650000000005,186.87650000000005,186.90950000000007,5090
2026-03-30T04:00:00+00:00,186.90950000000007,186.90950000000007,186.79550000000006,186.87850000000006,6360
2026-03-30T04:30:00+00:00,186.87850000000006,186.92550000000006,186.84750000000005,186.88250000000005,4488
2026-03-30T05:00:00+00:00,186.88250000000005,186.89950000000005,186.80150000000006,186.83250000000007,6346
2026-03-30T05:30:00+00:00,186.83250000000007,186.84950000000006,186.72850000000005,186.84350000000006,7372
2026-03-30T06:00:00+00:00,186.84350000000006,186.86750000000006,186.71550000000005,186.84550000000004,9396
2026-03-30T06:30:00+00:00,186.84550000000004,186.92250000000004,186.76150000000007,186.87950000000006,9412
2026-03-30T07:00:00+00:00,186.87950000000006,186.87950000000006,186.46050000000005,186.51650000000006,10757
2026-03-30T07:30:00+00:00,186.51650000000006,186.61050000000006,186.43950000000007,186.60950000000005,10859
2026-03-30T08:00:00+00:00,186.60950000000005,186.62650000000005,186.46750000000006,186.55550000000005,10034
2026-03-30T08:30:00+00:00,186.55550000000005,186.60250000000005,186.36950000000004,186.47950000000006,10199
2026-03-30T09:00:00+00:00,186.47950000000006,186.50250000000005,186.29850000000005,186.35050000000007,10664
2026-03-30T09:30:00+00:00,186.35050000000007,186.40350000000007,186.24550000000005,186.34950000000006,8599
2026-03-30T10:00:00+00:00,186.34950000000006,186.35150000000004,186.24750000000006,186.29450000000006,8138
2026-03-30T10:30:00+00:00,186.29450000000006,186.33450000000005,186.23250000000004,186.27850000000007,7161
2026-03-30T11:00:00+00:00,186.27850000000007,186.29150000000004,186.17550000000006,186.20750000000007,12600
2026-03-30T11:30:00+00:00,186.20750000000007,186.21750000000006,186.09350000000006,186.10650000000007,12835
2026-03-30T12:00:00+00:00,186.10650000000007,186.10750000000004,185.91450000000006,186.01350000000005,11368
2026-03-30T12:30:00+00:00,186.01350000000005,186.06250000000006,185.88550000000006,185.90850000000006,12569
2026-03-30T13:00:00+00:00,185.90850000000006,185.97950000000006,185.80550000000005,185.82050000000007,13210
2026-03-30T13:30:00+00:00,185.82050000000007,185.90350000000007,185.73750000000007,185.78350000000006,14538
2026-03-30T14:00:00+00:00,185.78350000000006,185.86350000000004,185.69650000000004,185.73550000000006,14677
2026-03-30T14:30:00+00:00,185.73550000000006,185.87950000000006,185.73550000000006,185.80950000000004,18180
2026-03-30T15:00:00+00:00,185.80950000000004,185.83250000000007,185.56450000000007,185.61750000000006,15400
2026-03-30T15:30:00+00:00,185.61750000000006,185.64750000000006,185.51350000000005,185.56750000000005,11314
2026-03-30T16:00:00+00:00,185.56750000000005,185.57950000000005,185.49250000000006,185.49750000000006,7464
2026-03-30T16:30:00+00:00,185.49750000000006,185.63950000000006,185.49150000000006,185.62350000000006,6773
2026-03-30T17:00:00+00:00,185.62350000000006,185.78150000000005,185.61350000000004,185.75250000000005,6379
2026-03-30T17:30:00+00:00,185.75250000000005,185.75650000000005,185.67950000000005,185.72850000000005,6815
2026-03-30T18:00:00+00:00,185.72850000000005,185.78750000000005,185.69550000000007,185.78750000000005,6426
2026-03-30T18:30:00+00:00,185.78750000000005,185.88350000000005,185.78150000000005,185.84850000000006,6140
2026-03-30T19:00:00+00:00,185.84850000000006,185.87650000000008,185.80350000000007,185.83050000000006,6357.616229244778
2026-03-30T19:30:00+00:00,185.83050000000006,185.91750000000008,185.82750000000007,185.90950000000007,5196
2026-03-30T20:00:00+00:00,185.90950000000007,185.92750000000007,185.87450000000007,185.89650000000006,3109
2026-03-30T20:30:00+00:00,185.89650000000006,186.01550000000006,185.89550000000006,185.98550000000006,2914
2026-03-30T21:00:00+00:00,185.98550000000006,186.03250000000006,185.84050000000008,185.84750000000005,1062
2026-03-30T21:30:00+00:00,185.84750000000005,186.04550000000006,185.83950000000007,186.00450000000006,2062.942270000594
2026-03-30T22:00:00+00:00,186.00450000000006,186.05950000000007,185.99250000000006,186.01950000000008,1576
2026-03-30T22:30:00+00:00,186.01950000000008,186.05350000000007,186.01450000000008,186.03450000000007,7308
2026-03-30T23:00:00+00:00,186.03450000000007,186.04050000000007,185.95950000000008,185.97550000000007,4314
2026-03-30T23:30:00+00:00,185.97550000000007,186.04150000000007,185.95350000000008,186.03750000000008,4336
2026-03-31T00:00:00+00:00,186.03750000000008,186.07750000000007,185.95150000000007,186.02350000000007,10891
2026-03-31T00:30:00+00:00,186.02350000000007,186.37550000000007,186.01150000000007,186.36850000000007,21636
2026-03-31T01:00:00+00:00,186.36850000000007,186.48150000000007,186.33850000000007,186.48150000000007,12944
2026-03-31T01:30:00+00:00,186.48150000000007,186.48350000000008,186.22050000000007,186.23950000000008,13041
2026-03-31T02:00:00+00:00,186.23950000000008,186.25650000000007,186.12150000000008,186.16450000000006,8190
2026-03-31T02:30:00+00:00,186.16450000000006,186.17950000000008,186.05250000000007,186.06950000000006,7428
2026-03-31T03:00:00+00:00,186.06950000000006,186.10950000000008,186.04750000000007,186.08750000000006,5766
2026-03-31T03:30:00+00:00,186.08750000000006,186.12650000000008,186.05450000000008,186.11150000000006,4812
2026-03-31T04:00:00+00:00,186.11150000000006,186.13650000000007,186.02250000000006,186.03150000000008,4294
2026-03-31T04:30:00+00:00,186.03150000000008,186.05150000000006,185.98350000000008,185.98650000000006,4613
2026-03-31T05:00:00+00:00,185.98650000000006,186.01350000000008,185.73650000000006,185.93350000000007,6892
2026-03-31T05:30:00+00:00,185.93350000000007,185.97850000000008,185.86050000000006,185.90250000000006,6882
2026-03-31T06:00:00+00:00,185.90250000000006,185.98150000000007,185.84850000000006,185.89050000000006,8746
2026-03-31T06:30:00+00:00,185.89050000000006,186.17550000000006,185.87850000000006,186.14850000000007,8495
2026-03-31T07:00:00+00:00,186.14850000000007,186.17350000000008,186.01650000000006,186.09150000000008,12312
2026-03-31T07:30:00+00:00,186.09150000000008,186.16350000000008,185.99050000000008,186.06150000000008,9847
2026-03-31T08:00:00+00:00,186.06150000000008,186.09250000000006,185.88250000000008,185.96850000000006,10974
2026-03-31T08:30:00+00:00,185.96850000000006,186.06150000000008,185.89350000000007,185.89350000000007,8489
2026-03-31T09:00:00+00:00,185.89350000000007,186.00650000000007,185.79550000000006,186.00650000000007,10385
2026-03-31T09:30:00+00:00,186.00650000000007,186.02650000000008,185.96250000000006,185.99950000000007,7990
2026-03-31T10:00:00+00:00,185.99950000000007,186.03750000000008,185.96250000000006,185.99950000000007,6032
2026-03-31T10:30:00+00:00,185.99950000000007,186.07750000000007,185.94650000000007,185.94950000000006,8940
2026-03-31T11:00:00+00:00,185.94950000000006,186.10550000000006,185.92650000000006,185.98350000000008,18454
2026-03-31T11:30:00+00:00,185.98350000000008,186.11250000000007,185.97650000000007,186.09850000000006,15009
2026-03-31T12:00:00+00:00,186.09850000000006,186.32250000000008,186.09150000000008,186.32250000000008,19899
2026-03-31T12:30:00+00:00,186.32250000000008,186.34050000000008,186.22250000000008,186.22850000000008,12467
2026-03-31T13:00:00+00:00,186.22850000000008,186.33850000000007,186.22050000000007,186.32850000000008,11848
2026-03-31T13:30:00+00:00,186.32850000000008,186.41350000000008,186.16550000000007,186.36550000000008,16815
2026-03-31T14:00:00+00:00,186.36550000000008,186.46350000000007,186.27750000000006,186.46150000000006,15817
2026-03-31T14:30:00+00:00,186.46150000000006,186.55850000000007,186.13750000000007,186.19350000000006,28439
2026-03-31T15:00:00+00:00,186.19350000000006,186.26950000000008,186.08150000000006,186.15950000000007,24488
2026-03-31T15:30:00+00:00,186.15950000000007,186.16550000000007,185.97950000000006,186.12750000000008,16548
2026-03-31T16:00:00+00:00,186.12750000000008,186.33050000000006,186.11550000000008,186.32650000000007,10103
2026-03-31T16:30:00+00:00,186.32650000000007,186.52350000000007,186.28950000000006,186.34950000000006,33637
2026-03-31T17:00:00+00:00,186.34950000000006,186.42250000000007,186.32150000000007,186.34950000000006,18957
2026-03-31T17:30:00+00:00,186.34950000000006,186.46650000000008,186.32850000000008,186.33850000000007,17407
2026-03-31T18:00:00+00:00,186.33850000000007,186.37750000000008,186.31450000000007,186.32950000000008,10976
2026-03-31T18:30:00+00:00,186.32950000000008,186.35450000000006,186.22650000000007,186.32450000000006,10057
2026-03-31T19:00:00+00:00,186.32450000000006,186.40350000000007,186.29650000000007,186.35450000000006,6565
2026-03-31T19:30:00+00:00,186.35450000000006,186.39950000000007,186.30050000000006,186.36250000000007,9373
2026-03-31T20:00:00+00:00,186.36250000000007,186.40050000000008,186.29650000000007,186.35150000000007,5953
2026-03-31T20:30:00+00:00,186.35150000000007,186.39350000000007,186.20550000000006,186.25850000000008,4119
2026-03-31T21:00:00+00:00,186.25850000000008,186.47650000000007,186.25850000000008,186.44550000000007,653.803917721472
2026-03-31T21:30:00+00:00,186.44550000000007,186.46050000000008,186.27250000000006,186.35950000000008,4985
2026-03-31T22:00:00+00:00,186.35950000000008,186.49650000000008,186.35950000000008,186.42850000000007,1973
2026-03-31T22:30:00+00:00,186.42850000000007,186.47750000000008,186.41850000000008,186.46750000000006,3535
2026-03-31T23:00:00+00:00,186.46750000000006,186.51450000000008,186.40250000000006,186.42850000000007,5035
2026-03-31T23:30:00+00:00,186.42850000000007,186.54650000000007,186.42050000000006,186.54050000000007,6154
2026-04-01T00:00:00+00:00,186.54050000000007,186.58050000000006,186.41950000000008,186.53350000000006,8664
2026-04-01T00:30:00+00:00,186.53350000000006,186.84450000000007,186.52150000000006,186.78150000000008,8901
2026-04-01T01:00:00+00:00,186.78150000000008,186.85350000000008,186.56550000000007,186.57150000000007,14103
2026-04-01T01:30:00+00:00,186.57150000000007,186.66750000000008,186.51850000000007,186.54950000000008,9498
2026-04-01T02:00:00+00:00,186.54950000000008,186.58950000000007,186.52850000000007,186.57150000000007,7361
2026-04-01T02:30:00+00:00,186.57150000000007,186.64150000000006,186.54350000000008,186.62050000000008,5395
2026-04-01T03:00:00+00:00,186.62050000000008,186.63350000000008,186.43650000000008,186.48950000000008,6277
2026-04-01T03:30:00+00:00,186.48950000000008,186.65950000000007,186.47450000000006,186.65450000000007,5707
2026-04-01T04:00:00+00:00,186.65450000000007,186.72450000000006,186.62750000000008,186.72150000000008,5065
2026-04-01T04:30:00+00:00,186.72150000000008,186.76150000000007,186.62950000000006,186.63550000000006,4854
2026-04-01T05:00:00+00:00,186.63550000000006,186.80950000000007,186.63550000000006,186.77050000000008,6661
2026-04-01T05:30:00+00:00,186.77050000000008,186.81850000000009,186.54950000000008,186.55150000000006,9010
2026-04-01T06:00:00+00:00,186.55150000000006,186.65150000000008,186.43850000000006,186.57450000000006,15814
2026-04-01T06:30:00+00:00,186.57450000000006,186.60350000000008,186.40450000000007,186.49650000000008,15746
2026-04-01T07:00:00+00:00,186.49650000000008,186.64850000000007,186.40650000000008,186.60650000000007,14024
2026-04-01T07:30:00+00:00,186.60650000000007,186.91050000000007,186.50250000000008,186.88950000000008,21286
2026-04-01T08:00:00+00:00,186.88950000000008,187.02350000000007,186.82450000000006,186.97250000000008,18214
2026-04-01T08:30:00+00:00,186.97250000000008,187.05150000000006,186.82550000000006,186.88950000000008,16956
2026-04-01T09:00:00+00:00,186.88950000000008,186.91050000000007,186.74150000000006,186.79250000000008,15202
2026-04-01T09:30:00+00:00,186.79250000000008,187.06850000000009,186.69450000000006,187.03250000000008,10516
2026-04-01T10:00:00+00:00,187.03250000000008,187.07150000000007,186.96650000000008,186.96950000000007,10877
2026-04-01T10:30:00+00:00,186.96950000000007,187.01450000000008,186.85350000000008,186.87650000000008,11157
2026-04-01T11:00:00+00:00,186.87650000000008,186.94250000000008,186.86350000000007,186.88750000000007,10156
2026-04-01T11:30:00+00:00,186.88750000000007,186.89050000000006,186.79750000000007,186.80150000000006,9695
2026-04-01T12:00:00+00:00,186.80150000000006,186.84950000000006,186.71550000000008,186.81250000000009,13459
2026-04-01T12:30:00+00:00,186.81250000000009,187.04250000000008,186.79850000000008,186.96450000000007,21455
2026-04-01T13:00:00+00:00,186.96450000000007,187.08250000000007,186.92550000000008,187.05150000000006,15470
2026-04-01T13:30:00+00:00,187.05150000000006,187.28850000000008,187.04150000000007,187.19150000000008,22191
2026-04-01T14:00:00+00:00,187.19150000000008,187.28350000000006,187.13250000000008,187.13450000000006,22405
2026-04-01T14:30:00+00:00,187.13450000000006,187.30450000000008,187.07850000000008,187.20450000000008,23608
2026-04-01T15:00:00+00:00,187.20450000000008,187.22650000000007,187.09750000000008,187.10650000000007,13820
2026-04-01T15:30:00+00:00,187.10650000000007,187.25750000000008,187.10550000000006,187.22950000000006,12482
2026-04-01T16:00:00+00:00,187.22950000000006,187.22950000000006,187.15250000000006,187.16250000000008,9939
2026-04-01T16:30:00+00:00,187.16250000000008,187.24850000000006,187.15450000000007,187.21950000000007,9281
2026-04-01T17:00:00+00:00,187.21950000000007,187.22550000000007,187.00550000000007,187.04850000000008,9186
2026-04-01T17:30:00+00:00,187.04850000000008,187.10150000000007,186.99150000000006,187.00750000000008,9656
2026-04-01T18:00:00+00:00,187.00750000000008,187.03950000000006,186.91950000000008,186.92750000000007,11032
2026-04-01T18:30:00+00:00,186.92750000000007,186.97050000000007,186.85950000000008,186.93050000000008,9782
2026-04-01T19:00:00+00:00,186.93050000000008,187.07750000000007,186.92450000000008,187.07550000000006,6622
2026-04-01T19:30:00+00:00,187.07550000000006,187.11850000000007,187.01750000000007,187.05650000000009,7526
2026-04-01T20:00:00+00:00,187.05650000000009,187.09650000000008,187.00450000000006,187.00550000000007,3641
2026-04-01T20:30:00+00:00,187.00550000000007,187.05450000000008,186.94050000000007,187.00950000000006,3430
2026-04-01T21:00:00+00:00,187.00950000000006,187.01850000000005,186.85550000000006,186.87850000000006,1261.41331169164
2026-04-01T21:30:00+00:00,186.87850000000006,186.96650000000005,186.71350000000007,186.90350000000007,4067
2026-04-01T22:00:00+00:00,186.90350000000007,186.97050000000007,186.89150000000006,186.91450000000006,1946
2026-04-01T22:30:00+00:00,186.91450000000006,186.91450000000006,186.79550000000006,186.82050000000007,2137
2026-04-01T23:00:00+00:00,186.82050000000007,186.89350000000007,186.78850000000006,186.87850000000006,4312
2026-04-01T23:30:00+00:00,186.87850000000006,186.93250000000006,186.85250000000005,186.92850000000007,4472
2026-04-02T00:00:00+00:00,186.92850000000007,187.04250000000005,186.84750000000005,186.88150000000007,10922
2026-04-02T00:30:00+00:00,186.88150000000007,186.99650000000005,186.87350000000006,186.96450000000007,9477
2026-04-02T01:00:00+00:00,186.96450000000007,187.06450000000007,186.80750000000006,186.91650000000007,27243
2026-04-02T01:30:00+00:00,186.91650000000007,186.99750000000006,186.78450000000007,186.99150000000006,20707
2026-04-02T02:00:00+00:00,186.99150000000006,187.06850000000006,186.91750000000005,186.95350000000005,17236
2026-04-02T02:30:00+00:00,186.95350000000005,187.11150000000006,186.93850000000006,187.06050000000005,11995
2026-04-02T03:00:00+00:00,187.06050000000005,187.08350000000007,186.96450000000007,186.98850000000007,8365
2026-04-02T03:30:00+00:00,186.98850000000007,187.01950000000005,186.87550000000007,186.89050000000006,8409
2026-04-02T04:00:00+00:00,186.89050000000006,186.91350000000006,186.81950000000006,186.82950000000005,8490
2026-04-02T04:30:00+00:00,186.82950000000005,186.86450000000005,186.79050000000007,186.81350000000006,6692
2026-04-02T05:00:00+00:00,186.81350000000006,186.86950000000007,186.75150000000005,186.77550000000005,6390
2026-04-02T05:30:00+00:00,186.77550000000005,186.85550000000006,186.70550000000006,186.74450000000007,10935
2026-04-02T06:00:00+00:00,186.74450000000007,186.76650000000006,186.50950000000006,186.62150000000005,12349
2026-04-02T06:30:00+00:00,186.62150000000005,186.85550000000006,186.60250000000005,186.82550000000006,14170
2026-04-02T07:00:00+00:00,186.82550000000006,187.16150000000005,186.81250000000006,187.10550000000006,18654
2026-04-02T07:30:00+00:00,187.10550000000006,187.10950000000005,186.84550000000007,187.00850000000005,11589
2026-04-02T08:00:00+00:00,187.00850000000005,187.08450000000005,186.94650000000007,186.98850000000007,10119
2026-04-02T08:30:00+00:00,186.98850000000007,187.06750000000005,186.96550000000005,187.01650000000006,10052
2026-04-02T09:00:00+00:00,187.01650000000006,187.06750000000005,186.96250000000006,186.99750000000006,9339
2026-04-02T09:30:00+00:00,186.99750000000006,187.01950000000005,186.90050000000005,186.90150000000006,8919
2026-04-02T10:00:00+00:00,186.90150000000006,186.90750000000006,186.79150000000007,186.86150000000006,9081
2026-04-02T10:30:00+00:00,186.86150000000006,186.89650000000006,186.77650000000006,186.81050000000005,10287
2026-04-02T11:00:00+00:00,186.81050000000005,186.88450000000006,186.77950000000007,186.84950000000006,9793
2026-04-02T11:30:00+00:00,186.84950000000006,186.96850000000006,186.84450000000007,186.91850000000005,9009
2026-04-02T12:00:00+00:00,186.91850000000005,187.01350000000005,186.90850000000006,186.94850000000005,13071
2026-04-02T12:30:00+00:00,186.94850000000005,186.98750000000007,186.91350000000006,186.94650000000007,10996
2026-04-02T13:00:00+00:00,186.94650000000007,187.00750000000005,186.90950000000007,186.93550000000005,13793
2026-04-02T13:30:00+00:00,186.93550000000005,187.01350000000005,186.82850000000005,186.86750000000006,20148
2026-04-02T14:00:00+00:00,186.86750000000006,186.92050000000006,186.79450000000006,186.80150000000006,18909
2026-04-02T14:30:00+00:00,186.80150000000006,187.17050000000006,186.79150000000007,187.06250000000006,37746
2026-04-02T15:00:00+00:00,187.06250000000006,187.09950000000006,186.92250000000007,186.97550000000007,23788
2026-04-02T15:30:00+00:00,186.97550000000007,186.99950000000007,186.93150000000006,186.94550000000007,15204
2026-04-02T16:00:00+00:00,186.94550000000007,186.96850000000006,186.88850000000005,186.91650000000007,11609
2026-04-02T16:30:00+00:00,186.91650000000007,187.11350000000007,186.89050000000006,187.04550000000006,13038
2026-04-02T17:00:00+00:00,187.04550000000006,187.21650000000005,187.03050000000005,187.17550000000006,9400
2026-04-02T17:30:00+00:00,187.17550000000006,187.19350000000006,187.10350000000005,187.11550000000005,6336
2026-04-02T18:00:00+00:00,187.11550000000005,187.17150000000007,187.11250000000007,187.11750000000006,6774
2026-04-02T18:30:00+00:00,187.11750000000006,187.20750000000007,187.10650000000007,187.14150000000006,7235.232569666263
2026-04-02T19:00:00+00:00,187.14150000000006,187.16850000000005,187.07150000000007,187.12850000000006,7145
2026-04-02T19:30:00+00:00,187.12850000000006,187.17350000000005,187.10350000000005,187.14350000000007,6854
2026-04-02T20:00:00+00:00,187.14350000000007,187.14950000000005,187.07850000000005,187.09450000000007,3344
2026-04-02T20:30:00+00:00,187.09450000000007,187.12250000000006,187.06250000000006,187.06950000000006,2290
2026-04-02T21:00:00+00:00,187.06950000000006,187.14450000000005,186.87249999999997,186.87449999999998,354.1864190963235
2026-04-02T21:30:00+00:00,186.87449999999998,186.97749999999996,186.87249999999997,186.97349999999997,1381.6486959231415
2026-04-02T22:00:00+00:00,186.97349999999997,186.99249999999998,186.92049999999998,186.96149999999997,1009
2026-04-02T22:30:00+00:00,186.96149999999997,186.96649999999997,186.90949999999998,186.93949999999998,2014
2026-04-02T23:00:00+00:00,186.93949999999998,186.95149999999998,186.91449999999998,186.95049999999998,2550
2026-04-02T23:30:00+00:00,186.95049999999998,186.95749999999998,186.91349999999997,186.91949999999997,1801
2026-04-03T00:00:00+00:00,186.91949999999997,186.97349999999997,186.85049999999998,186.96049999999997,3154
2026-04-03T00:30:00+00:00,186.96049999999997,187.03349999999998,186.89849999999998,186.98949999999996,5098
2026-04-03T01:00:00+00:00,186.98949999999996,187.02049999999997,186.95049999999998,187.01649999999998,4492
2026-04-03T01:30:00+00:00,187.01649999999998,187.03649999999996,186.95549999999997,186.99649999999997,2332
2026-04-03T02:00:00+00:00,186.99649999999997,187.03549999999998,186.98049999999998,186.99549999999996,4663
2026-04-03T02:30:00+00:00,186.99549999999996,187.05049999999997,186.98449999999997,187.04149999999998,4167
2026-04-03T03:00:00+00:00,187.04149999999998,187.06249999999997,187.00749999999996,187.01049999999998,1777
2026-04-03T03:30:00+00:00,187.01049999999998,187.04049999999998,186.93049999999997,186.9405,2115
2026-04-03T04:00:00+00:00,186.9405,186.95149999999998,186.86649999999997,186.92249999999999,2245
2026-04-03T04:30:00+00:00,186.92249999999999,186.97449999999998,186.87049999999996,186.94949999999997,4154
2026-04-03T05:00:00+00:00,186.94949999999997,186.95149999999998,186.88349999999997,186.91849999999997,4342
2026-04-03T05:30:00+00:00,186.91849999999997,187.05149999999998,186.91249999999997,187.04849999999996,3967
2026-04-03T06:00:00+00:00,187.04849999999996,187.05849999999998,186.98749999999998,187.05349999999999,2031
2026-04-03T06:30:00+00:00,187.05349999999999,187.06649999999996,186.99849999999998,187.05449999999996,3043
2026-04-03T07:00:00+00:00,187.05449999999996,187.07349999999997,187.03049999999996,187.0715,2475
2026-04-03T07:30:00+00:00,187.0715,187.08649999999997,187.03349999999998,187.04949999999997,2784
2026-04-03T08:00:00+00:00,187.04949999999997,187.09849999999997,187.03149999999997,187.08749999999998,6764
2026-04-03T08:30:00+00:00,187.08749999999998,187.11049999999997,187.03649999999996,187.07849999999996,2247
2026-04-03T09:00:00+00:00,187.07849999999996,187.10649999999998,187.04849999999996,187.08449999999996,2739
2026-04-03T09:30:00+00:00,187.08449999999996,187.08549999999997,187.03349999999998,187.06849999999997,2326
2026-04-03T10:00:00+00:00,187.06849999999997,187.09849999999997,187.06249999999997,187.09349999999998,2873
2026-04-03T10:30:00+00:00,187.09349999999998,187.13549999999998,187.06749999999997,187.09949999999998,3950
2026-04-03T11:00:00+00:00,187.09949999999998,187.10949999999997,187.02149999999997,187.02649999999997,8220
2026-04-03T11:30:00+00:00,187.02649999999997,187.04749999999999,186.99149999999997,187.04149999999998,9477
2026-04-03T12:00:00+00:00,187.04149999999998,187.07049999999998,186.97849999999997,186.98149999999998,5232
2026-04-03T12:30:00+00:00,186.98149999999998,186.98549999999997,186.80249999999998,186.90749999999997,13407
2026-04-03T13:00:00+00:00,186.90749999999997,186.95049999999998,186.83049999999997,186.8335,5347
2026-04-03T13:30:00+00:00,186.8335,186.86649999999997,186.75449999999998,186.84149999999997,5215
2026-04-03T14:00:00+00:00,186.84149999999997,186.87249999999997,186.74549999999996,186.75849999999997,4349
2026-04-03T14:30:00+00:00,186.75849999999997,186.78049999999996,186.7205,186.72449999999998,3192
2026-04-03T15:00:00+00:00,186.72449999999998,186.80249999999998,186.71849999999998,186.73949999999996,5430
2026-04-03T15:30:00+00:00,186.73949999999996,186.79949999999997,186.72749999999996,186.78449999999998,3745
2026-04-03T16:00:00+00:00,186.78449999999998,186.79349999999997,186.71049999999997,186.73949999999996,4012
2026-04-03T16:30:00+00:00,186.73949999999996,186.76349999999996,186.71049999999997,186.72149999999996,2814
2026-04-03T17:00:00+00:00,186.72149999999996,186.75249999999997,186.71049999999997,186.72549999999998,2995
2026-04-03T17:30:00+00:00,186.72549999999998,186.77549999999997,186.71249999999998,186.7385,3772
2026-04-03T18:00:00+00:00,186.7385,186.76549999999997,186.70149999999998,186.7265,2309
2026-04-03T18:30:00+00:00,186.7265,186.73049999999998,186.63849999999996,186.66649999999998,2101
2026-04-03T19:00:00+00:00,186.66649999999998,186.69749999999996,186.64749999999998,186.66949999999997,1144
2026-04-03T19:30:00+00:00,186.66949999999997,186.68149999999997,186.64149999999998,186.64749999999998,847
2026-04-03T20:00:00+00:00,186.64749999999998,186.79649999999998,186.53249999999997,186.65649999999997,3125
2026-04-03T20:30:00+00:00,186.65649999999997,186.9155,186.5415,186.8955,1034.4722652545802
2026-04-05T21:00:00+00:00,183.91400000000002,183.91400000000002,183.53799999999998,183.539,156.88511932326395
2026-04-05T21:30:00+00:00,183.539,183.79000000000002,183.53199999999998,183.752,491.85558410595627
2026-04-05T22:00:00+00:00,183.752,183.776,183.50300000000001,183.698,7399
2026-04-05T22:30:00+00:00,183.698,183.73700000000002,183.65300000000002,183.70200000000003,11896
2026-04-05T23:00:00+00:00,183.70200000000003,183.786,183.61599999999999,183.773,8966.306698999697
2026-04-05T23:30:00+00:00,183.773,183.774,183.685,183.732,8378
2026-04-06T00:00:00+00:00,183.732,183.82999999999998,183.719,183.80599999999998,9706
2026-04-06T00:30:00+00:00,183.80599999999998,183.813,183.65,183.731,7249
2026-04-06T01:00:00+00:00,183.731,183.731,183.534,183.59799999999998,9221
2026-04-06T01:30:00+00:00,183.59799999999998,183.60399999999998,183.553,183.588,5779
2026-04-06T02:00:00+00:00,183.588,183.75799999999998,183.571,183.726,11892
2026-04-06T02:30:00+00:00,183.726,183.748,183.648,183.65099999999998,7901
2026-04-06T03:00:00+00:00,183.65099999999998,183.70499999999998,183.594,183.694,7262
2026-04-06T03:30:00+00:00,183.694,183.716,183.666,183.706,5136
2026-04-06T04:00:00+00:00,183.706,183.715,183.647,183.672,4776
2026-04-06T04:30:00+00:00,183.672,183.72799999999998,183.66899999999998,183.725,4130
2026-04-06T05:00:00+00:00,183.725,183.79,183.706,183.75799999999998,4377
2026-04-06T05:30:00+00:00,183.75799999999998,183.771,183.73,183.74599999999998,4770
2026-04-06T06:00:00+00:00,183.74599999999998,183.766,183.689,183.69899999999998,5217
2026-04-06T06:30:00+00:00,183.69899999999998,183.947,183.683,183.91,9022
2026-04-06T07:00:00+00:00,183.91,184.017,183.861,184.007,8755
2026-04-06T07:30:00+00:00,184.007,184.268,184.005,184.149,14411
2026-04-06T08:00:00+00:00,184.149,184.209,184.007,184.034,13192
2026-04-06T08:30:00+00:00,184.034,184.061,183.999,184.00799999999998,7109
2026-04-06T09:00:00+00:00,184.00799999999998,184.07399999999998,184.004,184.053,7447
2026-04-06T09:30:00+00:00,184.053,184.066,183.96,183.986,9184
2026-04-06T10:00:00+00:00,183.986,184.03199999999998,183.96,183.975,7197
2026-04-06T10:30:00+00:00,183.975,184.021,183.914,183.97899999999998,8758
2026-04-06T11:00:00+00:00,183.97899999999998,184.036,183.977,184.03199999999998,7332
2026-04-06T11:30:00+00:00,184.03199999999998,184.073,184.011,184.053,5350
2026-04-06T12:00:00+00:00,184.053,184.065,183.983,184.015,6057
2026-04-06T12:30:00+00:00,184.015,184.06799999999998,183.96,184.005,7733
2026-04-06T13:00:00+00:00,184.005,184.112,183.977,184.101,7496
2026-04-06T13:30:00+00:00,184.101,184.213,184.077,184.177,10371
2026-04-06T14:00:00+00:00,184.177,184.255,184.118,184.242,12269
2026-04-06T14:30:00+00:00,184.242,184.293,184.12,184.19,23379
2026-04-06T15:00:00+00:00,184.19,184.24099999999999,184.158,184.177,12634
2026-04-06T15:30:00+00:00,184.177,184.22,184.142,184.203,6121
2026-04-06T16:00:00+00:00,184.203,184.219,184.165,184.21099999999998,5782
2026-04-06T16:30:00+00:00,184.21099999999998,184.212,184.146,184.182,5982
2026-04-06T17:00:00+00:00,184.182,184.262,184.129,184.249,7641
2026-04-06T17:30:00+00:00,184.249,184.283,184.216,184.233,5371
2026-04-06T18:00:00+00:00,184.233,184.275,184.18699999999998,184.215,8651
2026-04-06T18:30:00+00:00,184.215,184.22199999999998,184.176,184.206,6444
2026-04-06T19:00:00+00:00,184.206,184.21699999999998,184.178,184.191,3624
2026-04-06T19:30:00+00:00,184.191,184.209,184.13899999999998,184.166,3902
2026-04-06T20:00:00+00:00,184.166,184.191,184.14499999999998,184.173,2186
2026-04-06T20:30:00+00:00,184.173,184.183,184.09699999999998,184.101,1896
2026-04-06T21:00:00+00:00,184.101,184.206,184.058,184.102,748.0296089961828
2026-04-06T21:30:00+00:00,184.102,184.13,184.049,184.09,2169
2026-04-06T22:00:00+00:00,184.09,184.134,184.083,184.131,2156
2026-04-06T22:30:00+00:00,184.131,184.144,184.117,184.131,4827
2026-04-06T23:00:00+00:00,184.131,184.159,184.11499999999998,184.128,4478
2026-04-06T23:30:00+00:00,184.128,184.147,184.09699999999998,184.134,2729
2026-04-07T00:00:00+00:00,184.134,184.207,184.123,184.166,10022
2026-04-07T00:30:00+00:00,184.166,184.248,184.148,184.23399999999998,7644
2026-04-07T01:00:00+00:00,184.23399999999998,184.268,184.173,184.18099999999998,8277
2026-04-07T01:30:00+00:00,184.18099999999998,184.19899999999998,184.147,184.18,7595
2026-04-07T02:00:00+00:00,184.18,184.198,184.113,184.132,5145
2026-04-07T02:30:00+00:00,184.132,184.185,184.118,184.162,2866
2026-04-07T03:00:00+00:00,184.162,184.192,184.146,184.16299999999998,3219
2026-04-07T03:30:00+00:00,184.16299999999998,184.21,184.16,184.188,3095
2026-04-07T04:00:00+00:00,184.188,184.197,184.131,184.141,3940
2026-04-07T04:30:00+00:00,184.141,184.162,184.107,184.143,4661
2026-04-07T05:00:00+00:00,184.143,184.184,184.124,184.16899999999998,4597
2026-04-07T05:30:00+00:00,184.16899999999998,184.19299999999998,184.096,184.13299999999998,7460
2026-04-07T06:00:00+00:00,184.13299999999998,184.19299999999998,184.106,184.16,6387
2026-04-07T06:30:00+00:00,184.16,184.308,184.153,184.296,8533
2026-04-07T07:00:00+00:00,184.296,184.341,184.244,184.302,10061
2026-04-07T07:30:00+00:00,184.302,184.376,184.285,184.35299999999998,7192
2026-04-07T08:00:00+00:00,184.35299999999998,184.482,184.339,184.381,23979
2026-04-07T08:30:00+00:00,184.381,184.453,184.319,184.418,15392
2026-04-07T09:00:00+00:00,184.418,184.452,184.38899999999998,184.427,12408
2026-04-07T09:30:00+00:00,184.427,184.468,184.374,184.417,7725
2026-04-07T10:00:00+00:00,184.417,184.428,184.26399999999998,184.38899999999998,19290
2026-04-07T10:30:00+00:00,184.38899999999998,184.454,184.302,184.452,16370
2026-04-07T11:00:00+00:00,184.452,184.523,184.376,184.487,8342
2026-04-07T11:30:00+00:00,184.487,184.6,184.466,184.59699999999998,8607
2026-04-07T12:00:00+00:00,184.59699999999998,184.652,184.533,184.6,15164
2026-04-07T12:30:00+00:00,184.6,184.643,184.53,184.54399999999998,8417
2026-04-07T13:00:00+00:00,184.54399999999998,184.63299999999998,184.519,184.554,13438
2026-04-07T13:30:00+00:00,184.554,184.732,184.527,184.72199999999998,15131
2026-04-07T14:00:00+00:00,184.72199999999998,184.832,184.682,184.822,16156
2026-04-07T14:30:00+00:00,184.822,184.976,184.79399999999998,184.929,18552
2026-04-07T15:00:00+00:00,184.929,184.987,184.894,184.908,17848
2026-04-07T15:30:00+00:00,184.908,184.932,184.84799999999998,184.85399999999998,11180
2026-04-07T16:00:00+00:00,184.85399999999998,184.89,184.81799999999998,184.857,16265
2026-04-07T16:30:00+00:00,184.857,184.879,184.801,184.87,6428
2026-04-07T17:00:00+00:00,184.87,184.875,184.81799999999998,184.83599999999998,7680
2026-04-07T17:30:00+00:00,184.83599999999998,184.84799999999998,184.754,184.821,10963
2026-04-07T18:00:00+00:00,184.821,184.82999999999998,184.778,184.819,6522
2026-04-07T18:30:00+00:00,184.819,184.849,184.791,184.845,7438
2026-04-07T19:00:00+00:00,184.845,184.885,184.833,184.85299999999998,13951
2026-04-07T19:30:00+00:00,184.85299999999998,184.94899999999998,184.838,184.87199999999999,19045
2026-04-07T20:00:00+00:00,184.87199999999999,184.948,184.837,184.93099999999998,8041
2026-04-07T20:30:00+00:00,184.93099999999998,185.005,184.84699999999998,184.84699999999998,8906
2026-04-07T21:00:00+00:00,184.84699999999998,184.963,184.817,184.94899999999998,1152
2026-04-07T21:30:00+00:00,184.94899999999998,184.959,184.813,184.875,2422
2026-04-07T22:00:00+00:00,184.875,185.075,184.849,184.987,7295
2026-04-07T22:30:00+00:00,184.987,185.257,184.849,185.255,36507
2026-04-07T23:00:00+00:00,185.255,185.315,185.083,185.166,23975
2026-04-07T23:30:00+00:00,185.166,185.382,185.11499999999998,185.309,16469
2026-04-08T00:00:00+00:00,185.309,185.317,185.029,185.055,25446
2026-04-08T00:30:00+00:00,185.055,185.11499999999998,184.87699999999998,185.052,18910
2026-04-08T01:00:00+00:00,185.052,185.09799999999998,184.951,184.982,15666
2026-04-08T01:30:00+00:00,184.982,184.982,184.766,184.778,13912
2026-04-08T02:00:00+00:00,184.778,184.882,184.709,184.874,13071
2026-04-08T02:30:00+00:00,184.874,184.906,184.777,184.784,11349
2026-04-08T03:00:00+00:00,184.784,184.807,184.659,184.673,9755
2026-04-08T03:30:00+00:00,184.673,184.75199999999998,184.637,184.748,10030
2026-04-08T04:00:00+00:00,184.748,184.849,184.72199999999998,184.827,10835
2026-04-08T04:30:00+00:00,184.827,184.858,184.71699999999998,184.733,8575
2026-04-08T05:00:00+00:00,184.733,184.887,184.698,184.881,12102
2026-04-08T05:30:00+00:00,184.881,185.01999999999998,184.84799999999998,184.885,15125
2026-04-08T06:00:00+00:00,184.885,184.93699999999998,184.72299999999998,184.843,18020
2026-04-08T06:30:00+00:00,184.843,184.92499999999998,184.72899999999998,184.869,18118
2026-04-08T07:00:00+00:00,184.869,184.88299999999998,184.762,184.868,20014
2026-04-08T07:30:00+00:00,184.868,184.903,184.775,184.873,15632
2026-04-08T08:00:00+00:00,184.873,184.874,184.709,184.84699999999998,15407
2026-04-08T08:30:00+00:00,184.84699999999998,184.915,184.75799999999998,184.835,15988
2026-04-08T09:00:00+00:00,184.835,184.898,184.767,184.856,13432
2026-04-08T09:30:00+00:00,184.856,184.969,184.82399999999998,184.938,15111
2026-04-08T10:00:00+00:00,184.938,185.029,184.921,184.981,11103
2026-04-08T10:30:00+00:00,184.981,185.045,184.944,185.042,10269
2026-04-08T11:00:00+00:00,185.042,185.155,185.011,185.10999999999999,12760
2026-04-08T11:30:00+00:00,185.10999999999999,185.11599999999999,184.968,184.99599999999998,15740
2026-04-08T12:00:00+00:00,184.99599999999998,185.028,184.826,184.945,24816
2026-04-08T12:30:00+00:00,184.945,185.018,184.87,184.928,15304
2026-04-08T13:00:00+00:00,184.928,184.953,184.797,184.845,19326
2026-04-08T13:30:00+00:00,184.845,184.936,184.814,184.92,26021
2026-04-08T14:00:00+00:00,184.92,185.028,184.892,184.998,21157
2026-04-08T14:30:00+00:00,184.998,185.03799999999998,184.926,184.934,24532
2026-04-08T15:00:00+00:00,184.934,185.048,184.891,184.976,18057
2026-04-08T15:30:00+00:00,184.976,185.005,184.92499999999998,184.93,12971
2026-04-08T16:00:00+00:00,184.93,184.946,184.85,184.873,12909
2026-04-08T16:30:00+00:00,184.873,184.954,184.861,184.9,9631
2026-04-08T17:00:00+00:00,184.9,184.939,184.82399999999998,184.878,9530
2026-04-08T17:30:00+00:00,184.878,184.88299999999998,184.791,184.823,8890
2026-04-08T18:00:00+00:00,184.823,184.878,184.743,184.84799999999998,13621
2026-04-08T18:30:00+00:00,184.84799999999998,184.893,184.731,184.766,11256
2026-04-08T19:00:00+00:00,184.766,184.802,184.69899999999998,184.795,11744
2026-04-08T19:30:00+00:00,184.795,184.833,184.778,184.811,9550
2026-04-08T20:00:00+00:00,184.811,184.843,184.76399999999998,184.771,4249
2026-04-08T20:30:00+00:00,184.771,184.81799999999998,184.70499999999998,184.719,4402
2026-04-08T21:00:00+00:00,184.719,184.81899999999993,184.63999999999996,184.64299999999994,616.6209871092808
2026-04-08T21:30:00+00:00,184.64299999999994,184.77299999999994,184.64099999999993,184.71099999999996,3500
2026-04-08T22:00:00+00:00,184.71099999999996,184.76299999999995,184.67799999999994,184.70499999999996,2320
2026-04-08T22:30:00+00:00,184.70499999999996,184.74499999999995,184.70499999999996,184.72499999999994,2640
2026-04-08T23:00:00+00:00,184.72499999999994,184.75899999999996,184.71099999999996,184.75799999999995,2094
2026-04-08T23:30:00+00:00,184.75799999999995,184.80299999999994,184.73699999999994,184.76999999999995,3193
2026-04-09T00:00:00+00:00,184.76999999999995,184.81599999999995,184.71799999999993,184.80499999999995,8875
2026-04-09T00:30:00+00:00,184.80499999999995,184.99299999999994,184.78799999999995,184.98299999999995,8907
2026-04-09T01:00:00+00:00,184.98299999999995,184.99099999999996,184.93099999999995,184.96099999999996,6666
2026-04-09T01:30:00+00:00,184.96099999999996,185.03099999999995,184.93299999999994,185.01999999999995,6527
2026-04-09T02:00:00+00:00,185.01999999999995,185.04699999999994,184.99599999999995,185.02999999999994,4975
2026-04-09T02:30:00+00:00,185.02999999999994,185.03899999999996,184.94699999999995,184.94699999999995,5015
2026-04-09T03:00:00+00:00,184.94699999999995,184.98399999999995,184.90199999999993,184.92499999999993,4938.077735084238
2026-04-09T03:30:00+00:00,184.92499999999993,185.00399999999993,184.91599999999994,184.94699999999992,6139
2026-04-09T04:00:00+00:00,184.94699999999992,185.00099999999992,184.90699999999993,184.93499999999992,5395
2026-04-09T04:30:00+00:00,184.93499999999992,185.01899999999992,184.93199999999993,184.99399999999991,4315
2026-04-09T05:00:00+00:00,184.99399999999991,185.00999999999993,184.95099999999994,184.96599999999992,5117
2026-04-09T05:30:00+00:00,184.96599999999992,185.06099999999992,184.96199999999993,185.02299999999994,4840
2026-04-09T06:00:00+00:00,185.02299999999994,185.0709999999999,184.99899999999994,185.02399999999992,7440
2026-04-09T06:30:00+00:00,185.02399999999992,185.06299999999993,184.93099999999993,185.01199999999992,9933
2026-04-09T07:00:00+00:00,185.01199999999992,185.13799999999992,185.01199999999992,185.1069999999999,10589
2026-04-09T07:30:00+00:00,185.1069999999999,185.20899999999992,185.04599999999994,185.2079999999999,8855
2026-04-09T08:00:00+00:00,185.2079999999999,185.3509999999999,185.16699999999992,185.33699999999993,9462
2026-04-09T08:30:00+00:00,185.33699999999993,185.41199999999992,185.30499999999992,185.38899999999992,8313
2026-04-09T09:00:00+00:00,185.38899999999992,185.4699999999999,185.37099999999992,185.44899999999993,8939
2026-04-09T09:30:00+00:00,185.44899999999993,185.48099999999994,185.37399999999994,185.40999999999994,7476
2026-04-09T10:00:00+00:00,185.40999999999994,185.49199999999993,185.40299999999993,185.48799999999991,7520
2026-04-09T10:30:00+00:00,185.48799999999991,185.52899999999994,185.46599999999992,185.47099999999992,7502
2026-04-09T11:00:00+00:00,185.47099999999992,185.52499999999992,185.44299999999993,185.49499999999992,8599
2026-04-09T11:30:00+00:00,185.49499999999992,185.52699999999993,185.44799999999992,185.52199999999993,8344
2026-04-09T12:00:00+00:00,185.52199999999993,185.62499999999991,185.46699999999993,185.59199999999993,8753
2026-04-09T12:30:00+00:00,185.59199999999993,185.68099999999993,185.57999999999993,185.6069999999999,12741
2026-04-09T13:00:00+00:00,185.6069999999999,185.65799999999993,185.53999999999994,185.64099999999993,9870
2026-04-09T13:30:00+00:00,185.64099999999993,185.68599999999992,185.6069999999999,185.64199999999994,13456
2026-04-09T14:00:00+00:00,185.64199999999994,185.74599999999992,185.58199999999994,185.74599999999992,13489
2026-04-09T14:30:00+00:00,185.74599999999992,185.83999999999992,185.64499999999992,185.80699999999993,14553
2026-04-09T15:00:00+00:00,185.80699999999993,186.02299999999994,185.77399999999992,185.94199999999992,17571
2026-04-09T15:30:00+00:00,185.94199999999992,186.00499999999994,185.7139999999999,185.76499999999993,21667
2026-04-09T16:00:00+00:00,185.76499999999993,185.76699999999994,185.61299999999991,185.62999999999994,12618
2026-04-09T16:30:00+00:00,185.62999999999994,185.72299999999993,185.58499999999992,185.72199999999992,10633
2026-04-09T17:00:00+00:00,185.72199999999992,185.80499999999992,185.7079999999999,185.78099999999992,8308
2026-04-09T17:30:00+00:00,185.78099999999992,185.88999999999993,185.77399999999992,185.78599999999992,8317
2026-04-09T18:00:00+00:00,185.78599999999992,185.81199999999993,185.74399999999991,185.78199999999993,10647
2026-04-09T18:30:00+00:00,185.78199999999993,185.84599999999992,185.76699999999994,185.82999999999993,6887
2026-04-09T19:00:00+00:00,185.82999999999993,185.94799999999992,185.81999999999994,185.92999999999992,5963
2026-04-09T19:30:00+00:00,185.92999999999992,186.03599999999992,185.89799999999994,185.95299999999992,7323
2026-04-09T20:00:00+00:00,185.95299999999992,185.95899999999992,185.82799999999992,185.85299999999992,3781
2026-04-09T20:30:00+00:00,185.85299999999992,185.86699999999993,185.69199999999992,185.7079999999999,3225
2026-04-09T21:00:00+00:00,185.7079999999999,185.79399999999993,185.69899999999993,185.74299999999994,654.7791019800824
2026-04-09T21:30:00+00:00,185.74299999999994,185.83199999999994,185.70399999999992,185.82699999999994,1155
2026-04-09T22:00:00+00:00,185.82699999999994,185.86099999999993,185.80799999999994,185.81899999999993,1753
2026-04-09T22:30:00+00:00,185.81899999999993,185.85499999999993,185.79999999999993,185.83999999999992,3059
2026-04-09T23:00:00+00:00,185.83999999999992,185.86499999999992,185.81399999999994,185.82599999999994,2520
2026-04-09T23:30:00+00:00,185.82599999999994,185.85299999999992,185.80199999999994,185.80699999999993,3204
2026-04-10T00:00:00+00:00,185.80699999999993,185.89999999999992,185.79799999999994,185.88699999999994,6410
2026-04-10T00:30:00+00:00,185.88699999999994,185.91499999999994,185.82299999999992,185.85399999999993,7695
2026-04-10T01:00:00+00:00,185.85399999999993,185.90999999999994,185.80299999999994,185.80699999999993,5204
2026-04-10T01:30:00+00:00,185.80699999999993,185.84899999999993,185.73999999999992,185.74599999999992,6343
2026-04-10T02:00:00+00:00,185.74599999999992,185.86399999999992,185.73899999999992,185.83499999999992,5122
2026-04-10T02:30:00+00:00,185.83499999999992,185.89299999999994,185.81599999999992,185.87599999999992,4241
2026-04-10T03:00:00+00:00,185.87599999999992,185.93499999999995,185.84799999999993,185.93099999999993,3620
2026-04-10T03:30:00+00:00,185.93099999999993,185.95799999999994,185.88899999999992,185.92399999999992,4031
2026-04-10T04:00:00+00:00,185.92399999999992,185.94199999999992,185.89799999999994,185.93399999999994,3656
2026-04-10T04:30:00+00:00,185.93399999999994,185.97199999999992,185.91199999999992,185.92299999999994,4240
2026-04-10T05:00:00+00:00,185.92299999999994,185.96199999999993,185.90599999999992,185.95599999999993,4199
2026-04-10T05:30:00+00:00,185.95599999999993,185.98199999999994,185.93499999999995,185.96599999999992,3816
2026-04-10T06:00:00+00:00,185.96599999999992,186.00599999999994,185.93199999999993,185.98599999999993,6459
2026-04-10T06:30:00+00:00,185.98599999999993,186.01199999999994,185.89699999999993,185.91099999999994,7873
2026-04-10T07:00:00+00:00,185.91099999999994,185.98299999999992,185.86799999999994,185.87999999999994,8187
2026-04-10T07:30:00+00:00,185.87999999999994,185.96599999999992,185.86899999999994,185.90699999999993,6435
2026-04-10T08:00:00+00:00,185.90699999999993,185.94899999999993,185.86199999999994,185.93099999999993,6143
2026-04-10T08:30:00+00:00,185.93099999999993,185.99499999999992,185.92399999999992,185.97899999999993,5428
2026-04-10T09:00:00+00:00,185.97899999999993,186.24199999999993,185.93299999999994,186.11499999999992,15448
2026-04-10T09:30:00+00:00,186.11499999999992,186.32699999999994,186.08999999999992,186.27999999999994,10024
2026-04-10T10:00:00+00:00,186.27999999999994,186.32399999999993,186.25499999999994,186.30199999999994,7431
2026-04-10T10:30:00+00:00,186.30199999999994,186.34999999999994,186.26299999999992,186.26999999999992,6491
2026-04-10T11:00:00+00:00,186.26999999999992,186.35399999999993,186.25999999999993,186.28099999999992,6286
2026-04-10T11:30:00+00:00,186.28099999999992,186.32599999999994,186.22899999999993,186.26399999999992,5727
2026-04-10T12:00:00+00:00,186.26399999999992,186.28899999999993,186.14499999999992,186.14499999999992,8430
2026-04-10T12:30:00+00:00,186.14499999999992,186.35599999999994,186.01999999999992,186.34699999999992,14026
2026-04-10T13:00:00+00:00,186.34699999999992,186.50199999999992,186.32099999999994,186.48399999999992,11998
2026-04-10T13:30:00+00:00,186.48399999999992,186.51999999999992,186.41699999999994,186.46799999999993,14314
2026-04-10T14:00:00+00:00,186.46799999999993,186.59199999999993,186.45699999999994,186.53499999999994,12890
2026-04-10T14:30:00+00:00,186.53499999999994,186.55999999999995,186.42299999999994,186.42599999999993,17377
2026-04-10T15:00:00+00:00,186.42599999999993,186.53099999999992,186.33799999999994,186.49399999999994,12701
2026-04-10T15:30:00+00:00,186.49399999999994,186.51799999999994,186.43199999999993,186.45399999999992,11605
2026-04-10T16:00:00+00:00,186.45399999999992,186.53899999999993,186.42599999999993,186.49599999999992,7165
2026-04-10T16:30:00+00:00,186.49599999999992,186.50499999999994,186.42199999999994,186.46999999999994,8252
2026-04-10T17:00:00+00:00,186.46999999999994,186.55199999999994,186.46899999999994,186.49899999999994,5310
2026-04-10T17:30:00+00:00,186.49899999999994,186.55499999999992,186.47399999999993,186.54999999999993,4681
2026-04-10T18:00:00+00:00,186.54999999999993,186.64599999999993,186.51499999999993,186.63899999999992,7188
2026-04-10T18:30:00+00:00,186.63899999999992,186.68499999999995,186.58999999999992,186.66299999999993,6452
2026-04-10T19:00:00+00:00,186.66299999999993,186.68399999999994,186.60199999999992,186.62099999999992,4881
2026-04-10T19:30:00+00:00,186.62099999999992,186.64399999999992,186.60499999999993,186.61999999999992,3934
2026-04-10T20:00:00+00:00,186.61999999999992,186.66799999999992,186.61499999999992,186.64499999999992,2563
2026-04-10T20:30:00+00:00,186.64499999999992,186.66199999999992,186.47799999999992,186.49599999999992,3328
2026-04-12T21:00:00+00:00,186.49599999999992,186.52399999999992,186.3489999999999,186.48999999999992,864.8902472583188
2026-04-12T21:30:00+00:00,186.48999999999992,186.56299999999993,186.4669999999999,186.4779999999999,886.966429297963
2026-04-12T22:00:00+00:00,186.4779999999999,186.8289999999999,186.4549999999999,186.6899999999999,9702
2026-04-12T22:30:00+00:00,186.6899999999999,186.7839999999999,186.6859999999999,186.7569999999999,8037
2026-04-12T23:00:00+00:00,186.7569999999999,186.7989999999999,186.6699999999999,186.6909999999999,4676
2026-04-12T23:30:00+00:00,186.6909999999999,186.6959999999999,186.5869999999999,186.6549999999999,6187
2026-04-13T00:00:00+00:00,186.6549999999999,186.8549999999999,186.6299999999999,186.8329999999999,11108
2026-04-13T00:30:00+00:00,186.8329999999999,187.0199999999999,186.8279999999999,186.8959999999999,9873
2026-04-13T01:00:00+00:00,186.8959999999999,186.9259999999999,186.8559999999999,186.8859999999999,8826
2026-04-13T01:30:00+00:00,186.8859999999999,186.9069999999999,186.8119999999999,186.8469999999999,6561
2026-04-13T02:00:00+00:00,186.8469999999999,186.9179999999999,186.8289999999999,186.9009999999999,4563
2026-04-13T02:30:00+00:00,186.9009999999999,186.9379999999999,186.8969999999999,186.9159999999999,4530
2026-04-13T03:00:00+00:00,186.9159999999999,186.9349999999999,186.9049999999999,186.9169999999999,4322
2026-04-13T03:30:00+00:00,186.9169999999999,186.9339999999999,186.8699999999999,186.8769999999999,4167
2026-04-13T04:00:00+00:00,186.8769999999999,186.9439999999999,186.8599999999999,186.9399999999999,4027
2026-04-13T04:30:00+00:00,186.9399999999999,186.9629999999999,186.8849999999999,186.8929999999999,4975
2026-04-13T05:00:00+00:00,186.8929999999999,186.9069999999999,186.8509999999999,186.9049999999999,5580
2026-04-13T05:30:00+00:00,186.9049999999999,186.9189999999999,186.8529999999999,186.8659999999999,5016
2026-04-13T06:00:00+00:00,186.8659999999999,186.8999999999999,186.7979999999999,186.8749999999999,10651
2026-04-13T06:30:00+00:00,186.8749999999999,186.9019999999999,186.7169999999999,186.8229999999999,9711
2026-04-13T07:00:00+00:00,186.8229999999999,186.9979999999999,186.8189999999999,186.9969999999999,9670
2026-04-13T07:30:00+00:00,186.9969999999999,187.0209999999999,186.9099999999999,186.9299999999999,9543
2026-04-13T08:00:00+00:00,186.9299999999999,186.9359999999999,186.8159999999999,186.8869999999999,9452
2026-04-13T08:30:00+00:00,186.8869999999999,186.9439999999999,186.8329999999999,186.8719999999999,8583
2026-04-13T09:00:00+00:00,186.8719999999999,186.9199999999999,186.8499999999999,186.9119999999999,7424
2026-04-13T09:30:00+00:00,186.9119999999999,186.9579999999999,186.8719999999999,186.9069999999999,6807
2026-04-13T10:00:00+00:00,186.9069999999999,186.9199999999999,186.8339999999999,186.8529999999999,6667
2026-04-13T10:30:00+00:00,186.8529999999999,186.9839999999999,186.8469999999999,186.9689999999999,6248
2026-04-13T11:00:00+00:00,186.9689999999999,187.0859999999999,186.9639999999999,187.0849999999999,7772
2026-04-13T11:30:00+00:00,187.0849999999999,187.0849999999999,186.9379999999999,186.9619999999999,9836
2026-04-13T12:00:00+00:00,186.9619999999999,187.0419999999999,186.9399999999999,187.0009999999999,8357
2026-04-13T12:30:00+00:00,187.0009999999999,187.11299999999991,186.9459999999999,187.1089999999999,10125
2026-04-13T13:00:00+00:00,187.1089999999999,187.1879999999999,187.0849999999999,187.1509999999999,10320
2026-04-13T13:30:00+00:00,187.1509999999999,187.1669999999999,186.9829999999999,186.9969999999999,18540
2026-04-13T14:00:00+00:00,186.9969999999999,187.1749999999999,186.9689999999999,187.1709999999999,16590
2026-04-13T14:30:00+00:00,187.1709999999999,187.2219999999999,187.0929999999999,187.0999999999999,13953
2026-04-13T15:00:00+00:00,187.0999999999999,187.2289999999999,187.0869999999999,187.2089999999999,13714
2026-04-13T15:30:00+00:00,187.2089999999999,187.3209999999999,187.1669999999999,187.2909999999999,9854
2026-04-13T16:00:00+00:00,187.2909999999999,187.3449999999999,187.2459999999999,187.2829999999999,12608
2026-04-13T16:30:00+00:00,187.2829999999999,187.3129999999999,187.2419999999999,187.2809999999999,17146
2026-04-13T17:00:00+00:00,187.2809999999999,187.3299999999999,187.2289999999999,187.3209999999999,8807
2026-04-13T17:30:00+00:00,187.3209999999999,187.3239999999999,187.2739999999999,187.2839999999999,6623
2026-04-13T18:00:00+00:00,187.2839999999999,187.3229999999999,187.23799999999991,187.3139999999999,6285
2026-04-13T18:30:00+00:00,187.3139999999999,187.6979999999999,187.3099999999999,187.6739999999999,12909
2026-04-13T19:00:00+00:00,187.6739999999999,187.6739999999999,187.5239999999999,187.6029999999999,6913
2026-04-13T19:30:00+00:00,187.6029999999999,187.6899999999999,187.5899999999999,187.6769999999999,6781
2026-04-13T20:00:00+00:00,187.6769999999999,187.7499999999999,187.6759999999999,187.7309999999999,2918
2026-04-13T20:30:00+00:00,187.7309999999999,187.73799999999991,187.6869999999999,187.7109999999999,3194
2026-04-13T21:00:00+00:00,187.7109999999999,187.7109999999999,187.5819999999999,187.6149999999999,804
2026-04-13T21:30:00+00:00,187.6149999999999,187.6219999999999,187.5519999999999,187.5669999999999,1983
2026-04-13T22:00:00+00:00,187.5669999999999,187.7469999999999,187.5669999999999,187.6829999999999,2103
2026-04-13T22:30:00+00:00,187.6829999999999,187.7059999999999,187.6609999999999,187.6839999999999,1533
2026-04-13T23:00:00+00:00,187.6839999999999,187.6839999999999,187.5639999999999,187.5889999999999,3698
2026-04-13T23:30:00+00:00,187.5889999999999,187.6089999999999,187.5579999999999,187.5899999999999,2834
2026-04-14T00:00:00+00:00,187.5899999999999,187.6579999999999,187.4969999999999,187.5849999999999,7925
2026-04-14T00:30:00+00:00,187.5849999999999,187.5919999999999,187.4929999999999,187.5139999999999,7789
2026-04-14T01:00:00+00:00,187.5139999999999,187.5799999999999,187.3929999999999,187.3939999999999,7492
2026-04-14T01:30:00+00:00,187.3939999999999,187.5139999999999,187.3869999999999,187.4689999999999,6553
2026-04-14T02:00:00+00:00,187.4689999999999,187.5119999999999,187.4499999999999,187.4909999999999,5099
2026-04-14T02:30:00+00:00,187.4909999999999,187.4909999999999,187.36299999999991,187.3989999999999,4226
2026-04-14T03:00:00+00:00,187.3989999999999,187.4109999999999,187.3539999999999,187.3889999999999,4429
2026-04-14T03:30:00+00:00,187.3889999999999,187.4539999999999,187.3789999999999,187.4449999999999,4025
2026-04-14T04:00:00+00:00,187.4449999999999,187.4629999999999,187.4079999999999,187.4419999999999,3028
2026-04-14T04:30:00+00:00,187.4419999999999,187.4679999999999,187.3609999999999,187.36299999999991,3793
2026-04-14T05:00:00+00:00,187.36299999999991,187.3939999999999,187.3199999999999,187.3589999999999,5774
2026-04-14T05:30:00+00:00,187.3589999999999,187.4719999999999,187.3579999999999,187.4439999999999,5809
2026-04-14T06:00:00+00:00,187.4439999999999,187.5729999999999,187.4119999999999,187.5439999999999,10119
2026-04-14T06:30:00+00:00,187.5439999999999,187.7139999999999,187.5379999999999,187.6949999999999,9822
2026-04-14T07:00:00+00:00,187.6949999999999,187.7739999999999,187.6139999999999,187.6819999999999,16189
2026-04-14T07:30:00+00:00,187.6819999999999,187.7039999999999,187.6109999999999,187.6199999999999,12066
2026-04-14T08:00:00+00:00,187.6199999999999,187.7019999999999,187.5629999999999,187.6669999999999,10315
2026-04-14T08:30:00+00:00,187.6669999999999,187.7019999999999,187.6099999999999,187.6579999999999,8711
2026-04-14T09:00:00+00:00,187.6579999999999,187.7589999999999,187.4889999999999,187.5229999999999,10012
2026-04-14T09:30:00+00:00,187.5229999999999,187.6509999999999,187.5009999999999,187.6469999999999,7609
2026-04-14T10:00:00+00:00,187.6469999999999,187.7019999999999,187.5619999999999,187.5889999999999,8824
2026-04-14T10:30:00+00:00,187.5889999999999,187.6279999999999,187.5359999999999,187.5969999999999,8783
2026-04-14T11:00:00+00:00,187.5969999999999,187.6359999999999,187.5539999999999,187.6139999999999,7709
2026-04-14T11:30:00+00:00,187.6139999999999,187.6309999999999,187.5409999999999,187.5809999999999,11467
2026-04-14T12:00:00+00:00,187.5809999999999,187.6299999999999,187.5309999999999,187.5839999999999,13523
2026-04-14T12:30:00+00:00,187.5839999999999,187.6019999999999,187.49399999999991,187.5929999999999,11667
2026-04-14T13:00:00+00:00,187.5929999999999,187.6359999999999,187.5419999999999,187.5979999999999,12918
2026-04-14T13:30:00+00:00,187.5979999999999,187.7039999999999,187.5949999999999,187.6799999999999,14660
2026-04-14T14:00:00+00:00,187.6799999999999,187.6849999999999,187.4209999999999,187.5189999999999,16175
2026-04-14T14:30:00+00:00,187.5189999999999,187.6989999999999,187.4929999999999,187.6939999999999,13540
2026-04-14T15:00:00+00:00,187.6939999999999,187.7089999999999,187.5629999999999,187.5969999999999,13991
2026-04-14T15:30:00+00:00,187.5969999999999,187.6199999999999,187.4909999999999,187.5999999999999,11871
2026-04-14T16:00:00+00:00,187.5999999999999,187.6219999999999,187.5429999999999,187.5839999999999,6778
2026-04-14T16:30:00+00:00,187.5839999999999,187.6099999999999,187.5559999999999,187.5699999999999,4669
2026-04-14T17:00:00+00:00,187.5699999999999,187.6159999999999,187.5389999999999,187.5519999999999,4980
2026-04-14T17:30:00+00:00,187.5519999999999,187.5549999999999,187.4619999999999,187.4739999999999,4741
2026-04-14T18:00:00+00:00,187.4739999999999,187.5129999999999,187.4249999999999,187.4979999999999,6260
2026-04-14T18:30:00+00:00,187.4979999999999,187.5439999999999,187.48799999999991,187.5259999999999,6344
2026-04-14T19:00:00+00:00,187.5259999999999,187.5929999999999,187.5159999999999,187.5799999999999,4401
2026-04-14T19:30:00+00:00,187.5799999999999,187.6079999999999,187.5469999999999,187.5669999999999,4202
2026-04-14T20:00:00+00:00,187.5669999999999,187.61299999999991,187.5379999999999,187.5559999999999,2439
2026-04-14T20:30:00+00:00,187.5559999999999,187.5739999999999,187.4949999999999,187.4959999999999,2071
2026-04-14T21:00:00+00:00,187.4959999999999,187.5259999999999,187.4619999999999,187.4909999999999,2154
2026-04-14T21:30:00+00:00,187.4909999999999,187.4999999999999,187.4269999999999,187.4789999999999,9559
2026-04-14T22:00:00+00:00,187.4789999999999,187.5799999999999,187.4789999999999,187.5499999999999,1695
2026-04-14T22:30:00+00:00,187.5499999999999,187.5889999999999,187.5399999999999,187.5859999999999,1198
2026-04-14T23:00:00+00:00,187.5859999999999,187.6339999999999,187.5839999999999,187.6239999999999,1852
2026-04-14T23:30:00+00:00,187.6239999999999,187.6439999999999,187.5859999999999,187.5979999999999,5338
2026-04-15T00:00:00+00:00,187.5979999999999,187.6059999999999,187.5159999999999,187.5799999999999,6387
2026-04-15T00:30:00+00:00,187.5799999999999,187.5829999999999,187.4549999999999,187.5439999999999,7564
2026-04-15T01:00:00+00:00,187.5439999999999,187.6879999999999,187.5439999999999,187.6169999999999,8882
2026-04-15T01:30:00+00:00,187.6169999999999,187.6799999999999,187.5959999999999,187.6029999999999,6519
2026-04-15T02:00:00+00:00,187.6029999999999,187.6399999999999,187.5289999999999,187.5509999999999,4212
2026-04-15T02:30:00+00:00,187.5509999999999,187.6519999999999,187.5449999999999,187.6389999999999,5378
2026-04-15T03:00:00+00:00,187.6389999999999,187.6409999999999,187.5789999999999,187.6239999999999,4403
2026-04-15T03:30:00+00:00,187.6239999999999,187.6869999999999,187.5989999999999,187.6319999999999,3361
2026-04-15T04:00:00+00:00,187.6319999999999,187.6589999999999,187.6159999999999,187.6389999999999,3605
2026-04-15T04:30:00+00:00,187.6389999999999,187.6809999999999,187.6239999999999,187.6569999999999,2621
2026-04-15T05:00:00+00:00,187.6569999999999,187.7349999999999,187.6459999999999,187.6459999999999,6106
2026-04-15T05:30:00+00:00,187.6459999999999,187.6919999999999,187.61299999999991,187.6819999999999,5673
2026-04-15T06:00:00+00:00,187.6819999999999,187.7029999999999,187.5979999999999,187.6559999999999,8002
2026-04-15T06:30:00+00:00,187.6559999999999,187.6939999999999,187.5779999999999,187.6279999999999,8077
2026-04-15T07:00:00+00:00,187.6279999999999,187.6509999999999,187.49399999999991,187.6019999999999,9506
2026-04-15T07:30:00+00:00,187.6019999999999,187.6089999999999,187.5379999999999,187.5449999999999,8275
2026-04-15T08:00:00+00:00,187.5449999999999,187.5629999999999,187.3369999999999,187.4349999999999,11097
2026-04-15T08:30:00+00:00,187.4349999999999,187.4839999999999,187.3699999999999,187.4219999999999,6648
2026-04-15T09:00:00+00:00,187.4219999999999,187.5039999999999,187.3409999999999,187.4209999999999,14978
2026-04-15T09:30:00+00:00,187.4209999999999,187.4549999999999,187.3479999999999,187.4399999999999,8304
2026-04-15T10:00:00+00:00,187.4399999999999,187.5039999999999,187.3849999999999,187.4709999999999,11137
2026-04-15T10:30:00+00:00,187.4709999999999,187.5189999999999,187.4369999999999,187.4599999999999,10778
2026-04-15T11:00:00+00:00,187.4599999999999,187.4889999999999,187.4189999999999,187.4709999999999,8035
2026-04-15T11:30:00+00:00,187.4709999999999,187.6359999999999,187.4449999999999,187.61899999999991,10889
2026-04-15T12:00:00+00:00,187.61899999999991,187.7409999999999,187.6169999999999,187.7189999999999,9440
2026-04-15T12:30:00+00:00,187.7189999999999,187.8299999999999,187.6709999999999,187.7909999999999,8157
2026-04-15T13:00:00+00:00,187.7909999999999,187.8269999999999,187.7349999999999,187.7789999999999,9342
2026-04-15T13:30:00+00:00,187.7789999999999,187.7979999999999,187.6709999999999,187.6939999999999,13375
2026-04-15T14:00:00+00:00,187.6939999999999,187.7879999999999,187.6639999999999,187.7649999999999,11593
2026-04-15T14:30:00+00:00,187.7649999999999,187.8189999999999,187.7389999999999,187.7879999999999,12265
2026-04-15T15:00:00+00:00,187.7879999999999,187.8769999999999,187.7449999999999,187.7979999999999,12956
2026-04-15T15:30:00+00:00,187.7979999999999,187.8759999999999,187.7629999999999,187.8569999999999,10299
2026-04-15T16:00:00+00:00,187.8569999999999,187.8739999999999,187.5659999999999,187.5989999999999,10817
2026-04-15T16:30:00+00:00,187.5989999999999,187.7579999999999,187.5949999999999,187.7309999999999,7159
2026-04-15T17:00:00+00:00,187.7309999999999,187.8449999999999,187.7239999999999,187.8259999999999,5330
2026-04-15T17:30:00+00:00,187.8259999999999,187.9019999999999,187.7869999999999,187.8949999999999,4807
2026-04-15T18:00:00+00:00,187.8949999999999,187.9339999999999,187.8709999999999,187.8979999999999,8011
2026-04-15T18:30:00+00:00,187.8979999999999,187.9159999999999,187.8469999999999,187.8899999999999,5843
2026-04-15T19:00:00+00:00,187.8899999999999,187.9079999999999,187.8479999999999,187.8659999999999,4274
2026-04-15T19:30:00+00:00,187.8659999999999,187.8819999999999,187.8149999999999,187.8249999999999,4061
2026-04-15T20:00:00+00:00,187.8249999999999,187.8289999999999,187.7719999999999,187.7749999999999,2950
2026-04-15T20:30:00+00:00,187.7749999999999,187.8419999999999,187.7469999999999,187.8079999999999,3500
2026-04-15T21:00:00+00:00,187.8079999999999,187.81599999999992,187.7319999999999,187.75599999999991,1022.0861047054777
2026-04-15T21:30:00+00:00,187.75599999999991,187.81199999999993,187.67299999999992,187.69699999999992,3350.175102715284
2026-04-15T22:00:00+00:00,187.69699999999992,187.75599999999991,187.67499999999993,187.73799999999991,1599
2026-04-15T22:30:00+00:00,187.73799999999991,187.7489999999999,187.6879999999999,187.7129999999999,1629
2026-04-15T23:00:00+00:00,187.7129999999999,187.72099999999995,187.6539999999999,187.70999999999995,3096.825137551582
2026-04-15T23:30:00+00:00,187.70999999999995,187.74799999999993,187.70399999999995,187.72499999999994,2222
2026-04-16T00:00:00+00:00,187.72499999999994,187.72999999999993,187.59399999999994,187.64599999999996,7021
2026-04-16T00:30:00+00:00,187.64599999999996,187.66199999999995,187.59799999999996,187.62899999999993,6410
2026-04-16T01:00:00+00:00,187.62899999999993,187.63599999999994,187.56299999999996,187.60199999999995,6011
2026-04-16T01:30:00+00:00,187.60199999999995,187.64099999999993,187.53399999999993,187.58099999999996,7511
2026-04-16T02:00:00+00:00,187.58099999999996,187.66699999999994,187.55899999999994,187.65799999999996,5432
2026-04-16T02:30:00+00:00,187.65799999999996,187.74799999999993,187.52099999999996,187.52699999999996,8986
2026-04-16T03:00:00+00:00,187.52699999999996,187.52699999999996,187.30799999999994,187.47399999999993,11661
2026-04-16T03:30:00+00:00,187.47399999999993,187.65299999999993,187.45999999999995,187.64899999999994,7343
2026-04-16T04:00:00+00:00,187.64899999999994,187.69499999999994,187.60899999999995,187.63699999999994,6992
2026-04-16T04:30:00+00:00,187.63699999999994,187.66299999999995,187.61199999999994,187.64099999999993,4485
2026-04-16T05:00:00+00:00,187.64099999999993,187.66499999999994,187.57899999999995,187.65099999999995,4189
2026-04-16T05:30:00+00:00,187.65099999999995,187.74399999999994,187.64899999999994,187.71899999999994,5986
2026-04-16T06:00:00+00:00,187.71899999999994,187.74999999999994,187.62599999999995,187.65099999999995,6614
2026-04-16T06:30:00+00:00,187.65099999999995,187.69199999999995,187.57099999999994,187.63499999999993,7042
2026-04-16T07:00:00+00:00,187.63499999999993,187.65399999999994,187.53299999999996,187.55699999999996,10059
2026-04-16T07:30:00+00:00,187.55699999999996,187.58199999999994,187.49899999999994,187.53499999999994,9892
2026-04-16T08:00:00+00:00,187.53499999999994,187.59499999999994,187.49999999999994,187.56699999999995,12025
2026-04-16T08:30:00+00:00,187.56699999999995,187.59999999999994,187.52499999999995,187.58799999999994,9765
2026-04-16T09:00:00+00:00,187.58799999999994,187.61399999999995,187.50999999999993,187.51399999999995,6706
2026-04-16T09:30:00+00:00,187.51399999999995,187.60799999999995,187.50099999999995,187.54699999999994,7165
2026-04-16T10:00:00+00:00,187.54699999999994,187.55899999999994,187.48999999999995,187.55099999999996,6614
2026-04-16T10:30:00+00:00,187.55099999999996,187.56999999999994,187.50299999999996,187.53299999999996,6281
2026-04-16T11:00:00+00:00,187.53299999999996,187.57099999999994,187.48099999999994,187.55099999999996,8609
2026-04-16T11:30:00+00:00,187.55099999999996,187.55399999999995,187.47899999999996,187.52999999999994,8704
2026-04-16T12:00:00+00:00,187.52999999999994,187.61599999999996,187.47399999999993,187.56799999999996,12026
2026-04-16T12:30:00+00:00,187.56799999999996,187.68399999999994,187.55599999999995,187.66799999999995,7191
2026-04-16T13:00:00+00:00,187.66799999999995,187.68399999999994,187.52899999999994,187.55999999999995,8014
2026-04-16T13:30:00+00:00,187.55999999999995,187.68399999999994,187.50899999999996,187.65199999999996,17040
2026-04-16T14:00:00+00:00,187.65199999999996,187.68699999999995,187.56299999999996,187.66099999999994,15783
2026-04-16T14:30:00+00:00,187.66099999999994,187.72699999999995,187.63699999999994,187.68599999999995,12681
2026-04-16T15:00:00+00:00,187.68599999999995,187.73299999999995,187.62899999999993,187.62999999999994,12161
2026-04-16T15:30:00+00:00,187.62999999999994,187.68399999999994,187.60399999999996,187.63399999999996,12186
2026-04-16T16:00:00+00:00,187.63399999999996,187.67299999999994,187.61499999999995,187.63499999999993,7523
2026-04-16T16:30:00+00:00,187.63499999999993,187.67799999999994,187.61399999999995,187.64399999999995,11415
2026-04-16T17:00:00+00:00,187.64399999999995,187.72399999999993,187.61299999999994,187.69999999999996,6882
2026-04-16T17:30:00+00:00,187.69999999999996,187.73899999999995,187.68399999999994,187.71399999999994,4959
2026-04-16T18:00:00+00:00,187.71399999999994,187.75599999999994,187.67499999999995,187.74099999999996,7539
2026-04-16T18:30:00+00:00,187.74099999999996,187.78099999999995,187.73299999999995,187.76199999999994,4932
2026-04-16T19:00:00+00:00,187.76199999999994,187.78199999999995,187.73499999999996,187.74099999999996,4653
2026-04-16T19:30:00+00:00,187.74099999999996,187.75299999999996,187.67699999999994,187.73599999999993,4875
2026-04-16T20:00:00+00:00,187.73599999999993,187.74699999999996,187.69699999999995,187.71499999999995,2509
2026-04-16T20:30:00+00:00,187.71499999999995,187.77699999999996,187.59599999999995,187.63099999999994,2086
2026-04-16T21:00:00+00:00,187.63099999999994,187.69799999999995,187.58399999999995,187.66299999999995,556.7726043270291
2026-04-16T21:30:00+00:00,187.66299999999995,187.66299999999995,187.60899999999995,187.64399999999995,866.5442565508836
2026-04-16T22:00:00+00:00,187.64399999999995,187.71499999999995,187.62699999999995,187.68399999999994,1668
2026-04-16T22:30:00+00:00,187.68399999999994,187.75299999999996,187.68399999999994,187.72699999999995,1131
2026-04-16T23:00:00+00:00,187.72699999999995,187.76899999999995,187.70399999999995,187.74099999999996,2110
2026-04-16T23:30:00+00:00,187.74099999999996,187.79199999999994,187.73799999999994,187.76999999999995,2446
2026-04-17T00:00:00+00:00,187.76999999999995,187.82099999999994,187.73099999999994,187.81199999999995,7633
2026-04-17T00:30:00+00:00,187.81199999999995,187.92899999999995,187.79999999999995,187.88299999999995,7127
2026-04-17T01:00:00+00:00,187.88299999999995,187.95199999999994,187.81699999999995,187.81999999999994,7705
2026-04-17T01:30:00+00:00,187.81999999999994,187.88799999999995,187.81499999999994,187.87399999999994,5187
2026-04-17T02:00:00+00:00,187.87399999999994,187.94799999999995,187.86399999999995,187.90099999999995,4380
2026-04-17T02:30:00+00:00,187.90099999999995,187.93399999999994,187.88699999999994,187.90999999999994,3854
2026-04-17T03:00:00+00:00,187.90999999999994,187.96299999999994,187.89299999999994,187.95399999999995,3943
2026-04-17T03:30:00+00:00,187.95399999999995,188.04199999999994,187.95399999999995,188.02499999999995,3804
2026-04-17T04:00:00+00:00,188.02499999999995,188.06699999999995,188.00799999999995,188.05799999999994,3964
2026-04-17T04:30:00+00:00,188.05799999999994,188.11699999999993,188.04399999999995,188.10499999999993,3495
2026-04-17T05:00:00+00:00,188.10499999999993,188.15999999999994,188.08199999999994,188.14299999999994,6539
2026-04-17T05:30:00+00:00,188.14299999999994,188.14699999999993,188.08799999999994,188.08899999999994,4795
2026-04-17T06:00:00+00:00,188.08899999999994,188.12799999999996,188.00899999999996,188.01299999999995,8850
2026-04-17T06:30:00+00:00,188.01299999999995,188.01899999999995,187.87999999999994,187.91099999999994,8791
2026-04-17T07:00:00+00:00,187.91099999999994,187.94599999999994,187.83999999999995,187.93199999999996,10654
2026-04-17T07:30:00+00:00,187.93199999999996,187.96999999999994,187.87299999999993,187.87399999999994,9328
2026-04-17T08:00:00+00:00,187.87399999999994,187.90599999999995,187.78299999999996,187.86299999999994,9470
2026-04-17T08:30:00+00:00,187.86299999999994,187.94899999999996,187.82399999999996,187.89799999999994,8672
2026-04-17T09:00:00+00:00,187.89799999999994,187.97399999999993,187.88099999999994,187.94699999999995,8422
2026-04-17T09:30:00+00:00,187.94699999999995,187.94899999999996,187.73099999999994,187.77399999999994,9196
2026-04-17T10:00:00+00:00,187.77399999999994,187.83599999999996,187.74999999999994,187.82899999999995,6710
2026-04-17T10:30:00+00:00,187.82899999999995,187.94399999999996,187.79299999999995,187.93899999999994,7268
2026-04-17T11:00:00+00:00,187.93899999999994,188.00499999999994,187.91199999999995,187.97999999999993,5439
2026-04-17T11:30:00+00:00,187.97999999999993,188.03499999999994,187.93399999999994,187.93999999999994,8065
2026-04-17T12:00:00+00:00,187.93999999999994,187.96099999999996,187.87799999999996,187.94099999999995,12655
2026-04-17T12:30:00+00:00,187.94099999999995,187.95499999999996,187.65899999999993,187.69299999999996,33325
2026-04-17T13:00:00+00:00,187.69299999999996,187.75199999999995,187.59399999999994,187.73999999999995,29749
2026-04-17T13:30:00+00:00,187.73999999999995,187.74899999999994,187.34099999999995,187.40499999999994,29359
2026-04-17T14:00:00+00:00,187.40499999999994,187.43399999999994,186.85899999999995,186.95699999999994,23348
2026-04-17T14:30:00+00:00,186.95699999999994,186.97399999999993,186.52299999999994,186.68999999999994,27197
2026-04-17T15:00:00+00:00,186.68999999999994,186.84199999999996,186.65399999999994,186.81699999999995,21592
2026-04-17T15:30:00+00:00,186.81699999999995,186.88999999999996,186.75699999999995,186.77799999999993,18735
2026-04-17T16:00:00+00:00,186.77799999999993,186.79999999999995,186.66299999999995,186.73099999999994,11149
2026-04-17T16:30:00+00:00,186.73099999999994,186.73599999999993,186.63599999999994,186.67899999999995,9624
2026-04-17T17:00:00+00:00,186.67899999999995,186.76099999999994,186.66599999999994,186.75499999999994,15198
2026-04-17T17:30:00+00:00,186.75499999999994,186.81999999999994,186.71499999999995,186.77099999999996,7524
2026-04-17T18:00:00+00:00,186.77099999999996,186.82799999999995,186.74999999999994,186.79299999999995,6503
2026-04-17T18:30:00+00:00,186.79299999999995,186.85099999999994,186.75499999999994,186.84699999999995,10546
2026-04-17T19:00:00+00:00,186.84699999999995,186.87599999999995,186.79299999999995,186.82699999999994,8674
2026-04-17T19:30:00+00:00,186.82699999999994,186.85799999999995,186.79799999999994,186.82299999999995,7863
2026-04-17T20:00:00+00:00,186.82299999999995,186.88899999999995,186.81799999999996,186.83399999999995,3625
2026-04-17T20:30:00+00:00,186.83399999999995,186.86299999999994,186.69499999999994,186.77099999999996,4444
2026-04-19T21:00:00+00:00,186.77099999999996,186.85499999999996,186.77099999999996,186.84099999999998,870.5705276883194
2026-04-19T21:30:00+00:00,186.84099999999998,186.87199999999999,186.695,186.831,938
2026-04-19T22:00:00+00:00,186.831,187.04999999999998,186.82299999999998,186.993,7003
2026-04-19T22:30:00+00:00,186.993,187.146,186.98199999999997,187.136,3614
2026-04-19T23:00:00+00:00,187.136,187.284,187.10699999999997,187.272,5739
2026-04-19T23:30:00+00:00,187.272,187.32999999999998,187.24999999999997,187.29199999999997,6691
2026-04-20T00:00:00+00:00,187.29199999999997,187.51199999999997,187.283,187.44299999999998,11575
2026-04-20T00:30:00+00:00,187.44299999999998,187.45299999999997,187.23899999999998,187.35999999999999,9106
2026-04-20T01:00:00+00:00,187.35999999999999,187.38199999999998,187.25599999999997,187.31799999999998,9118
2026-04-20T01:30:00+00:00,187.31799999999998,187.32299999999998,187.22299999999998,187.22699999999998,8089
2026-04-20T02:00:00+00:00,187.22699999999998,187.295,187.214,187.26299999999998,5369
2026-04-20T02:30:00+00:00,187.26299999999998,187.27999999999997,187.201,187.255,5100
2026-04-20T03:00:00+00:00,187.255,187.291,187.24099999999999,187.248,4457
2026-04-20T03:30:00+00:00,187.248,187.32399999999998,187.208,187.308,4116
2026-04-20T04:00:00+00:00,187.308,187.32399999999998,187.27599999999998,187.309,3636
2026-04-20T04:30:00+00:00,187.309,187.36299999999997,187.29399999999998,187.313,4330
2026-04-20T05:00:00+00:00,187.313,187.38799999999998,187.285,187.302,5229
2026-04-20T05:30:00+00:00,187.302,187.32299999999998,187.24599999999998,187.27399999999997,7569
2026-04-20T06:00:00+00:00,187.27399999999997,187.296,187.214,187.253,10147
2026-04-20T06:30:00+00:00,187.253,187.445,187.25199999999998,187.37599999999998,13561
2026-04-20T07:00:00+00:00,187.37599999999998,187.403,187.26,187.33999999999997,14708
2026-04-20T07:30:00+00:00,187.33999999999997,187.44099999999997,187.30599999999998,187.396,13854
2026-04-20T08:00:00+00:00,187.396,187.49399999999997,187.36999999999998,187.47299999999998,11157
2026-04-20T08:30:00+00:00,187.47299999999998,187.541,187.41,187.44199999999998,7823
2026-04-20T09:00:00+00:00,187.44199999999998,187.48899999999998,187.31199999999998,187.319,11191
2026-04-20T09:30:00+00:00,187.319,187.464,187.31099999999998,187.44199999999998,7835
2026-04-20T10:00:00+00:00,187.44199999999998,187.46499999999997,187.373,187.39399999999998,8352
2026-04-20T10:30:00+00:00,187.39399999999998,187.539,187.38699999999997,187.51,6450
2026-04-20T11:00:00+00:00,187.51,187.553,187.48399999999998,187.51199999999997,6892
2026-04-20T11:30:00+00:00,187.51199999999997,187.51799999999997,187.345,187.36899999999997,9819
2026-04-20T12:00:00+00:00,187.36899999999997,187.38199999999998,187.301,187.332,10700
2026-04-20T12:30:00+00:00,187.332,187.43699999999998,187.321,187.38299999999998,9160
2026-04-20T13:00:00+00:00,187.38299999999998,187.41899999999998,187.218,187.23299999999998,15716
2026-04-20T13:30:00+00:00,187.23299999999998,187.32899999999998,187.22299999999998,187.25699999999998,15145
2026-04-20T14:00:00+00:00,187.25699999999998,187.36899999999997,187.224,187.32999999999998,13506
2026-04-20T14:30:00+00:00,187.32999999999998,187.379,187.27499999999998,187.309,19942
2026-04-20T15:00:00+00:00,187.309,187.445,187.289,187.343,17735
2026-04-20T15:30:00+00:00,187.343,187.47299999999998,187.31099999999998,187.439,12332
2026-04-20T16:00:00+00:00,187.439,187.504,187.402,187.458,7835
2026-04-20T16:30:00+00:00,187.458,187.48199999999997,187.402,187.44899999999998,6899
2026-04-20T17:00:00+00:00,187.44899999999998,187.52599999999998,187.44199999999998,187.51399999999998,5426
2026-04-20T17:30:00+00:00,187.51399999999998,187.539,187.46099999999998,187.539,6028
2026-04-20T18:00:00+00:00,187.539,187.565,187.504,187.533,7445
2026-04-20T18:30:00+00:00,187.533,187.672,187.533,187.65499999999997,7707
2026-04-20T19:00:00+00:00,187.65499999999997,187.67499999999998,187.60299999999998,187.652,4348
2026-04-20T19:30:00+00:00,187.652,187.702,187.64,187.67299999999997,5018
2026-04-20T20:00:00+00:00,187.67299999999997,187.742,187.66,187.69099999999997,2777
2026-04-20T20:30:00+00:00,187.69099999999997,187.755,187.62499999999997,187.63099999999997,3680
2026-04-20T21:00:00+00:00,187.63099999999997,187.634,187.55199999999994,187.55199999999994,307.66120232312215
2026-04-20T21:30:00+00:00,187.55199999999994,187.63699999999994,187.53399999999993,187.56099999999995,3044
2026-04-20T22:00:00+00:00,187.56099999999995,187.66099999999994,187.55899999999994,187.62699999999995,1176
2026-04-20T22:30:00+00:00,187.62699999999995,187.66399999999993,187.62099999999995,187.65799999999993,3390
2026-04-20T23:00:00+00:00,187.65799999999993,187.66999999999993,187.61499999999995,187.64499999999995,2086
2026-04-20T23:30:00+00:00,187.64499999999995,187.65899999999993,187.62399999999994,187.64899999999994,2411
2026-04-21T00:00:00+00:00,187.64899999999994,187.75199999999995,187.63799999999995,187.73799999999994,5600
2026-04-21T00:30:00+00:00,187.73799999999994,187.79399999999995,187.71699999999996,187.74799999999993,7279
2026-04-21T01:00:00+00:00,187.74799999999993,187.76699999999994,187.73199999999994,187.75899999999993,5002
2026-04-21T01:30:00+00:00,187.75899999999993,187.77899999999994,187.69899999999996,187.70799999999994,4113
2026-04-21T02:00:00+00:00,187.70799999999994,187.75299999999993,187.70599999999993,187.72799999999995,3297
2026-04-21T02:30:00+00:00,187.72799999999995,187.72999999999993,187.64799999999994,187.69299999999996,3318
2026-04-21T03:00:00+00:00,187.69299999999996,187.69699999999995,187.65099999999995,187.67099999999994,3523
2026-04-21T03:30:00+00:00,187.67099999999994,187.68299999999994,187.62299999999993,187.67399999999995,3291
2026-04-21T04:00:00+00:00,187.67399999999995,187.68299999999994,187.64199999999994,187.66699999999994,2186
2026-04-21T04:30:00+00:00,187.66699999999994,187.68399999999994,187.62599999999995,187.63799999999995,2790
2026-04-21T05:00:00+00:00,187.63799999999995,187.66299999999995,187.59599999999995,187.65199999999993,5210
2026-04-21T05:30:00+00:00,187.65199999999993,187.66199999999995,187.59399999999994,187.62199999999993,4048
2026-04-21T06:00:00+00:00,187.62199999999993,187.64499999999995,187.48199999999994,187.53799999999995,8337
2026-04-21T06:30:00+00:00,187.53799999999995,187.54899999999995,187.45099999999994,187.45899999999995,8161
2026-04-21T07:00:00+00:00,187.45899999999995,187.61599999999993,187.45199999999994,187.57599999999994,10476
2026-04-21T07:30:00+00:00,187.57599999999994,187.59599999999995,187.49299999999994,187.53399999999993,9702
2026-04-21T08:00:00+00:00,187.53399999999993,187.76499999999993,187.51499999999993,187.73299999999995,13323
2026-04-21T08:30:00+00:00,187.73299999999995,187.76399999999995,187.66199999999995,187.72799999999995,7254
2026-04-21T09:00:00+00:00,187.72799999999995,187.76099999999994,187.59799999999993,187.61499999999995,9120
2026-04-21T09:30:00+00:00,187.61499999999995,187.68199999999993,187.58699999999993,187.66799999999995,7212
2026-04-21T10:00:00+00:00,187.66799999999995,187.71199999999993,187.63099999999994,187.64699999999993,6467
2026-04-21T10:30:00+00:00,187.64699999999993,187.69199999999995,187.64099999999993,187.68399999999994,5512
2026-04-21T11:00:00+00:00,187.68399999999994,187.77199999999993,187.66399999999993,187.75199999999995,8366
2026-04-21T11:30:00+00:00,187.75199999999995,187.75499999999994,187.60299999999995,187.61099999999993,5746
2026-04-21T12:00:00+00:00,187.61099999999993,187.63999999999993,187.54899999999995,187.60199999999995,8446
2026-04-21T12:30:00+00:00,187.60199999999995,187.69499999999994,187.58499999999995,187.64299999999994,12199
2026-04-21T13:00:00+00:00,187.64299999999994,187.69299999999996,187.59599999999995,187.63899999999995,10384
2026-04-21T13:30:00+00:00,187.63899999999995,187.69399999999993,187.59399999999994,187.63999999999993,12271
2026-04-21T14:00:00+00:00,187.63999999999993,187.72399999999993,187.63799999999995,187.71499999999995,11187
2026-04-21T14:30:00+00:00,187.71499999999995,187.79399999999995,187.68899999999994,187.76499999999993,19111
2026-04-21T15:00:00+00:00,187.76499999999993,187.80999999999995,187.69799999999995,187.72499999999994,16099
2026-04-21T15:30:00+00:00,187.72499999999994,187.80999999999995,187.64299999999994,187.77399999999994,11448
2026-04-21T16:00:00+00:00,187.77399999999994,187.82499999999993,187.72999999999993,187.73999999999995,9409
2026-04-21T16:30:00+00:00,187.73999999999995,187.77499999999995,187.68299999999994,187.69799999999995,7148
2026-04-21T17:00:00+00:00,187.69799999999995,187.72499999999994,187.51099999999994,187.58099999999993,12160
2026-04-21T17:30:00+00:00,187.58099999999993,187.71499999999995,187.52099999999993,187.55399999999995,16726
2026-04-21T18:00:00+00:00,187.55399999999995,187.59699999999995,187.49599999999995,187.51999999999995,11641
2026-04-21T18:30:00+00:00,187.51999999999995,187.59099999999995,187.51899999999995,187.57699999999994,8261
2026-04-21T19:00:00+00:00,187.57699999999994,187.62999999999994,187.53699999999995,187.56699999999995,12544
2026-04-21T19:30:00+00:00,187.56699999999995,187.64099999999993,187.48499999999993,187.61099999999993,17234
2026-04-21T20:00:00+00:00,187.61099999999993,187.74399999999994,187.58699999999993,187.66099999999994,15854
2026-04-21T20:30:00+00:00,187.66099999999994,187.66699999999994,187.54199999999994,187.54199999999994,5203
2026-04-21T21:00:00+00:00,187.54199999999994,187.68399999999994,187.47499999999994,187.48799999999994,3440
2026-04-21T21:30:00+00:00,187.48799999999994,187.62599999999995,187.47499999999994,187.59399999999994,1677.3323632130384
2026-04-21T22:00:00+00:00,187.59399999999994,187.65799999999993,187.57499999999993,187.61099999999993,1635
2026-04-21T22:30:00+00:00,187.61099999999993,187.62699999999992,187.59099999999995,187.61199999999994,4066
2026-04-21T23:00:00+00:00,187.61199999999994,187.66099999999994,187.59699999999995,187.64199999999994,2569
2026-04-21T23:30:00+00:00,187.64199999999994,187.69799999999995,187.62299999999993,187.65999999999994,3120
2026-04-22T00:00:00+00:00,187.65999999999994,187.67699999999994,187.60899999999995,187.64299999999994,9292
2026-04-22T00:30:00+00:00,187.64299999999994,187.64599999999993,187.46999999999994,187.55099999999993,11453
2026-04-22T01:00:00+00:00,187.55099999999993,187.56299999999993,187.49699999999993,187.53099999999995,7496
2026-04-22T01:30:00+00:00,187.53099999999995,187.55099999999993,187.50299999999993,187.52199999999993,4686
2026-04-22T02:00:00+00:00,187.52199999999993,187.59999999999994,187.52099999999993,187.54599999999994,4375
2026-04-22T02:30:00+00:00,187.54599999999994,187.59999999999994,187.54399999999993,187.57499999999993,4700
2026-04-22T03:00:00+00:00,187.57499999999993,187.61699999999993,187.56099999999995,187.60699999999994,4755
2026-04-22T03:30:00+00:00,187.60699999999994,187.63599999999994,187.57399999999993,187.58999999999995,4309
2026-04-22T04:00:00+00:00,187.58999999999995,187.60099999999994,187.53699999999995,187.54299999999995,3211
2026-04-22T04:30:00+00:00,187.54299999999995,187.56899999999993,187.51699999999994,187.54399999999993,4130
2026-04-22T05:00:00+00:00,187.54399999999993,187.63799999999995,187.52899999999994,187.58499999999995,11521
2026-04-22T05:30:00+00:00,187.58499999999995,187.60099999999994,187.53699999999995,187.59099999999995,6011
2026-04-22T06:00:00+00:00,187.59099999999995,187.61199999999994,187.51899999999995,187.57599999999994,8846
2026-04-22T06:30:00+00:00,187.57599999999994,187.59399999999994,187.44699999999995,187.45199999999994,8453
2026-04-22T07:00:00+00:00,187.45199999999994,187.58599999999993,187.43999999999994,187.56999999999994,9842
2026-04-22T07:30:00+00:00,187.56999999999994,187.68899999999994,187.55999999999995,187.65199999999993,9388
2026-04-22T08:00:00+00:00,187.65199999999993,187.75499999999994,187.60499999999993,187.72399999999993,12228
2026-04-22T08:30:00+00:00,187.72399999999993,187.79199999999994,187.65599999999995,187.78399999999993,8493
2026-04-22T09:00:00+00:00,187.78399999999993,187.80899999999994,187.71099999999993,187.73999999999995,9886
2026-04-22T09:30:00+00:00,187.73999999999995,187.76199999999994,187.65699999999993,187.67199999999994,8354
2026-04-22T10:00:00+00:00,187.67199999999994,187.70499999999993,187.62899999999993,187.67299999999994,8947
2026-04-22T10:30:00+00:00,187.67299999999994,187.68499999999995,187.58999999999995,187.60199999999995,7212
2026-04-22T11:00:00+00:00,187.60199999999995,187.60199999999995,187.47399999999993,187.49199999999993,9215
2026-04-22T11:30:00+00:00,187.49199999999993,187.50299999999993,187.33399999999995,187.35999999999993,11928
2026-04-22T12:00:00+00:00,187.35999999999993,187.36999999999995,187.25199999999992,187.25999999999993,10030
2026-04-22T12:30:00+00:00,187.25999999999993,187.39699999999993,187.23899999999995,187.36999999999995,10726
2026-04-22T13:00:00+00:00,187.36999999999995,187.38899999999992,187.29299999999995,187.33399999999995,14992
2026-04-22T13:30:00+00:00,187.33399999999995,187.37499999999994,187.21299999999994,187.36499999999995,17146
2026-04-22T14:00:00+00:00,187.36499999999995,187.37399999999994,187.26199999999994,187.28699999999995,13420
2026-04-22T14:30:00+00:00,187.28699999999995,187.32699999999994,187.24599999999992,187.26799999999994,17047
2026-04-22T15:00:00+00:00,187.26799999999994,187.33699999999993,187.23399999999995,187.32299999999995,12136
2026-04-22T15:30:00+00:00,187.32299999999995,187.38999999999993,187.27799999999993,187.30599999999993,11013
2026-04-22T16:00:00+00:00,187.30599999999993,187.31399999999994,187.26599999999993,187.28799999999993,7446
2026-04-22T16:30:00+00:00,187.28799999999993,187.32999999999993,187.26399999999992,187.30799999999994,6817
2026-04-22T17:00:00+00:00,187.30799999999994,187.31799999999993,187.26499999999993,187.29399999999993,6748
2026-04-22T17:30:00+00:00,187.29399999999993,187.30799999999994,187.19399999999993,187.19699999999995,5160
2026-04-22T18:00:00+00:00,187.19699999999995,187.25199999999992,187.17999999999995,187.20199999999994,5148
2026-04-22T18:30:00+00:00,187.20199999999994,187.24499999999995,187.18599999999995,187.21599999999992,3458.967896174863
2026-04-22T19:00:00+00:00,187.21599999999992,187.23999999999992,187.18499999999995,187.22299999999993,4329
2026-04-22T19:30:00+00:00,187.22299999999993,187.24499999999992,187.19299999999993,187.23999999999992,4034
2026-04-22T20:00:00+00:00,187.23999999999992,187.25399999999993,187.17999999999992,187.19499999999994,3016
2026-04-22T20:30:00+00:00,187.19499999999994,187.21899999999994,187.10899999999992,187.10899999999992,3416
2026-04-22T21:00:00+00:00,187.10899999999992,187.15099999999993,187.05099999999993,187.11099999999993,496.252810528713
2026-04-22T21:30:00+00:00,187.11099999999993,187.1539999999999,187.0459999999999,187.1539999999999,2631.6808519423203
2026-04-22T22:00:00+00:00,187.1539999999999,187.18099999999993,187.13899999999992,187.16799999999992,910
2026-04-22T22:30:00+00:00,187.16799999999992,187.19799999999992,187.16399999999993,187.18199999999993,831
2026-04-22T23:00:00+00:00,187.18199999999993,187.19399999999993,187.1359999999999,187.16299999999993,1967
2026-04-22T23:30:00+00:00,187.16299999999993,187.2019999999999,187.1539999999999,187.18099999999993,2390
2026-04-23T00:00:00+00:00,187.18099999999993,187.25099999999992,187.13099999999991,187.16799999999992,18859
2026-04-23T00:30:00+00:00,187.16799999999992,187.20999999999992,187.05499999999992,187.0889999999999,12510
2026-04-23T01:00:00+00:00,187.0889999999999,187.14399999999992,187.06799999999993,187.12499999999991,7832
2026-04-23T01:30:00+00:00,187.12499999999991,187.16699999999992,187.08699999999993,187.1119999999999,8407
2026-04-23T02:00:00+00:00,187.1119999999999,187.19199999999992,187.10499999999993,187.17999999999992,7973
2026-04-23T02:30:00+00:00,187.17999999999992,187.19399999999993,187.09899999999993,187.1069999999999,6705
2026-04-23T03:00:00+00:00,187.1069999999999,187.13199999999992,187.06299999999993,187.0999999999999,7876
2026-04-23T03:30:00+00:00,187.0999999999999,187.1059999999999,187.05999999999992,187.08699999999993,5753
2026-04-23T04:00:00+00:00,187.08699999999993,187.16299999999993,187.08399999999992,187.1059999999999,4964
2026-04-23T04:30:00+00:00,187.1059999999999,187.19099999999992,187.10399999999993,187.16199999999992,3584
2026-04-23T05:00:00+00:00,187.16199999999992,187.25099999999992,187.15199999999993,187.2309999999999,3615
2026-04-23T05:30:00+00:00,187.2309999999999,187.2669999999999,187.19299999999993,187.25799999999992,4621
2026-04-23T06:00:00+00:00,187.25799999999992,187.30499999999992,187.23299999999992,187.29799999999992,6200
2026-04-23T06:30:00+00:00,187.29799999999992,187.3979999999999,187.28299999999993,187.3439999999999,6050
2026-04-23T07:00:00+00:00,187.3439999999999,187.45599999999993,187.3029999999999,187.31799999999993,11282
2026-04-23T07:30:00+00:00,187.31799999999993,187.31799999999993,187.19999999999993,187.25899999999993,10427
2026-04-23T08:00:00+00:00,187.25899999999993,187.34599999999992,187.2549999999999,187.33099999999993,10125
2026-04-23T08:30:00+00:00,187.33099999999993,187.3739999999999,187.25799999999992,187.35799999999992,10113
2026-04-23T09:00:00+00:00,187.35799999999992,187.36599999999993,187.26399999999992,187.27499999999992,9818
2026-04-23T09:30:00+00:00,187.27499999999992,187.30999999999992,187.21699999999993,187.27599999999993,9417
2026-04-23T10:00:00+00:00,187.27599999999993,187.31599999999992,187.12499999999991,187.16199999999992,9507
2026-04-23T10:30:00+00:00,187.16199999999992,187.17499999999993,187.0459999999999,187.07299999999992,11065
2026-04-23T11:00:00+00:00,187.07299999999992,187.10499999999993,187.03899999999993,187.06199999999993,9047
2026-04-23T11:30:00+00:00,187.06199999999993,187.08499999999992,187.00599999999991,187.01999999999992,14462
2026-04-23T12:00:00+00:00,187.01999999999992,187.04199999999992,186.93099999999993,186.94899999999993,16078
2026-04-23T12:30:00+00:00,186.94899999999993,187.07399999999993,186.92399999999992,186.98399999999992,18016
2026-04-23T13:00:00+00:00,186.98399999999992,187.02999999999992,186.9579999999999,186.96499999999992,12654
2026-04-23T13:30:00+00:00,186.96499999999992,187.12199999999993,186.94099999999992,187.04899999999992,13737
2026-04-23T14:00:00+00:00,187.04899999999992,187.2189999999999,187.00699999999992,187.19899999999993,15577
2026-04-23T14:30:00+00:00,187.19899999999993,187.2429999999999,187.1289999999999,187.1589999999999,15747
2026-04-23T15:00:00+00:00,187.1589999999999,187.1829999999999,187.09599999999992,187.13299999999992,12939
2026-04-23T15:30:00+00:00,187.13299999999992,187.14999999999992,187.0709999999999,187.08999999999992,11227
2026-04-23T16:00:00+00:00,187.08999999999992,187.10999999999993,187.0159999999999,187.10399999999993,7937
2026-04-23T16:30:00+00:00,187.10399999999993,187.12599999999992,187.06599999999992,187.08999999999992,6392
2026-04-23T17:00:00+00:00,187.08999999999992,187.1359999999999,187.03899999999993,187.11899999999991,19929
2026-04-23T17:30:00+00:00,187.11899999999991,187.1529999999999,187.00899999999993,187.05999999999992,25981
2026-04-23T18:00:00+00:00,187.05999999999992,187.08399999999992,187.02699999999993,187.0649999999999,15399
2026-04-23T18:30:00+00:00,187.0649999999999,187.09099999999992,187.03699999999992,187.0819999999999,8454
2026-04-23T19:00:00+00:00,187.0819999999999,187.11899999999991,187.06099999999992,187.1119999999999,6896
2026-04-23T19:30:00+00:00,187.1119999999999,187.13299999999992,187.07899999999992,187.11999999999992,8057
2026-04-23T20:00:00+00:00,187.11999999999992,187.14399999999992,187.07299999999992,187.0939999999999,4135
2026-04-23T20:30:00+00:00,187.0939999999999,187.12099999999992,187.03599999999992,187.03899999999993,2402
2026-04-23T21:00:00+00:00,187.03899999999993,187.1419999999999,186.90699999999993,187.03199999999993,2546.1908148954726
2026-04-23T21:30:00+00:00,187.03199999999993,187.13099999999991,187.02099999999993,187.0829999999999,1662
2026-04-23T22:00:00+00:00,187.0829999999999,187.17399999999992,187.0829999999999,187.13099999999991,1187
2026-04-23T22:30:00+00:00,187.13099999999991,187.18599999999992,187.1239999999999,187.1659999999999,1085
2026-04-23T23:00:00+00:00,187.1659999999999,187.17499999999993,187.13099999999991,187.15699999999993,1767
2026-04-23T23:30:00+00:00,187.15699999999993,187.22299999999993,187.14999999999992,187.18699999999993,2967
2026-04-24T00:00:00+00:00,187.18699999999993,187.25099999999992,187.1659999999999,187.17899999999992,6515
2026-04-24T00:30:00+00:00,187.17899999999992,187.26199999999992,187.15699999999993,187.25699999999992,7952
2026-04-24T01:00:00+00:00,187.25699999999992,187.2779999999999,187.22699999999992,187.2489999999999,5165
2026-04-24T01:30:00+00:00,187.2489999999999,187.28099999999992,187.20999999999992,187.26899999999992,6074
2026-04-24T02:00:00+00:00,187.26899999999992,187.2899999999999,187.1769999999999,187.1769999999999,4784
2026-04-24T02:30:00+00:00,187.1769999999999,187.2019999999999,187.11999999999992,187.13299999999992,4234
2026-04-24T03:00:00+00:00,187.13299999999992,187.16999999999993,187.12599999999992,187.13999999999993,4718
2026-04-24T03:30:00+00:00,187.13999999999993,187.16399999999993,187.11499999999992,187.1419999999999,4219
2026-04-24T04:00:00+00:00,187.1419999999999,187.1649999999999,187.1069999999999,187.12199999999993,4021
2026-04-24T04:30:00+00:00,187.12199999999993,187.1469999999999,187.07999999999993,187.1409999999999,4194
2026-04-24T05:00:00+00:00,187.1409999999999,187.1769999999999,187.1179999999999,187.16299999999993,4695
2026-04-24T05:30:00+00:00,187.16299999999993,187.19299999999993,187.14899999999992,187.17999999999992,4099
2026-04-24T06:00:00+00:00,187.17999999999992,187.18699999999993,187.1109999999999,187.1649999999999,6278
2026-04-24T06:30:00+00:00,187.1649999999999,187.1709999999999,186.9989999999999,187.0289999999999,9201
2026-04-24T07:00:00+00:00,187.0289999999999,187.07899999999992,186.9739999999999,187.0579999999999,7985
2026-04-24T07:30:00+00:00,187.0579999999999,187.24099999999993,187.0229999999999,187.19899999999993,8165
2026-04-24T08:00:00+00:00,187.19899999999993,187.29299999999992,187.1289999999999,187.2899999999999,12285
2026-04-24T08:30:00+00:00,187.2899999999999,187.3009999999999,187.2179999999999,187.24499999999992,9379
2026-04-24T09:00:00+00:00,187.24499999999992,187.2549999999999,187.17299999999992,187.19899999999993,8003
2026-04-24T09:30:00+00:00,187.19899999999993,187.25599999999991,187.1949999999999,187.22299999999993,6072
2026-04-24T10:00:00+00:00,187.22299999999993,187.3439999999999,187.21499999999992,187.3429999999999,6516
2026-04-24T10:30:00+00:00,187.3429999999999,187.40199999999993,187.31099999999992,187.38399999999993,7376
2026-04-24T11:00:00+00:00,187.38399999999993,187.41899999999993,187.2419999999999,187.2599999999999,23012
2026-04-24T11:30:00+00:00,187.2599999999999,187.38699999999992,187.22199999999992,187.3029999999999,14069
2026-04-24T12:00:00+00:00,187.3029999999999,187.3609999999999,187.24599999999992,187.33599999999993,12535
2026-04-24T12:30:00+00:00,187.33599999999993,187.38699999999992,187.3139999999999,187.3509999999999,11895
2026-04-24T13:00:00+00:00,187.3509999999999,187.35799999999992,187.27699999999993,187.31799999999993,11766
2026-04-24T13:30:00+00:00,187.31799999999993,187.38999999999993,187.26799999999992,187.36399999999992,14217
2026-04-24T14:00:00+00:00,187.36399999999992,187.38999999999993,187.2239999999999,187.28599999999992,20558
2026-04-24T14:30:00+00:00,187.28599999999992,187.31099999999992,187.20999999999992,187.26399999999992,14994
2026-04-24T15:00:00+00:00,187.26399999999992,187.3259999999999,187.22699999999992,187.28899999999993,11105
2026-04-24T15:30:00+00:00,187.28899999999993,187.30499999999992,187.2139999999999,187.2609999999999,17226
2026-04-24T16:00:00+00:00,187.2609999999999,187.3069999999999,187.2249999999999,187.24099999999993,9204
2026-04-24T16:30:00+00:00,187.24099999999993,187.3069999999999,187.2369999999999,187.28699999999992,7790
2026-04-24T17:00:00+00:00,187.28699999999992,187.31099999999992,187.25599999999991,187.28799999999993,7200
2026-04-24T17:30:00+00:00,187.28799999999993,187.2899999999999,187.2429999999999,187.26499999999993,6410
2026-04-24T18:00:00+00:00,187.26499999999993,187.3149999999999,187.2599999999999,187.28799999999993,5211
2026-04-24T18:30:00+00:00,187.28799999999993,187.36499999999992,187.28199999999993,187.34599999999992,5021
2026-04-24T19:00:00+00:00,187.34599999999992,187.37599999999992,187.3309999999999,187.3429999999999,4309
2026-04-24T19:30:00+00:00,187.3429999999999,187.3619999999999,187.30599999999993,187.3549999999999,5332
2026-04-24T20:00:00+00:00,187.3549999999999,187.36599999999993,187.32199999999992,187.3439999999999,2944
2026-04-24T20:30:00+00:00,187.3439999999999,187.3789999999999,187.2079999999999,187.2309999999999,2593
2026-04-26T21:00:00+00:00,187.2309999999999,187.23099999999994,187.06699999999995,187.18099999999993,266.32348586686606
2026-04-26T21:30:00+00:00,187.18099999999993,187.30299999999994,187.17499999999993,187.25099999999992,536.0656994689577
2026-04-26T22:00:00+00:00,187.25099999999992,187.3189999999999,187.2299999999999,187.2939999999999,1873
2026-04-26T22:30:00+00:00,187.2939999999999,187.3429999999999,187.2829999999999,187.29899999999992,1138
2026-04-26T23:00:00+00:00,187.29899999999992,187.3089999999999,187.2599999999999,187.3029999999999,2498
2026-04-26T23:30:00+00:00,187.3029999999999,187.3319999999999,187.28699999999992,187.2969999999999,2112
2026-04-27T00:00:00+00:00,187.2969999999999,187.3189999999999,187.2609999999999,187.31099999999992,4022
2026-04-27T00:30:00+00:00,187.31099999999992,187.3659999999999,187.2889999999999,187.3489999999999,4216
2026-04-27T01:00:00+00:00,187.3489999999999,187.3859999999999,187.2819999999999,187.3379999999999,12603
2026-04-27T01:30:00+00:00,187.3379999999999,187.37099999999992,187.2479999999999,187.3069999999999,6758
2026-04-27T02:00:00+00:00,187.3069999999999,187.3379999999999,187.2589999999999,187.3089999999999,5982
2026-04-27T02:30:00+00:00,187.3089999999999,187.3239999999999,187.2789999999999,187.30499999999992,5642
2026-04-27T03:00:00+00:00,187.30499999999992,187.3249999999999,187.2789999999999,187.3249999999999,5282
2026-04-27T03:30:00+00:00,187.3249999999999,187.32799999999992,187.2489999999999,187.2709999999999,5218
2026-04-27T04:00:00+00:00,187.2709999999999,187.2709999999999,187.19099999999992,187.2129999999999,4367
2026-04-27T04:30:00+00:00,187.2129999999999,187.25599999999991,187.2069999999999,187.2359999999999,4971
2026-04-27T05:00:00+00:00,187.2359999999999,187.28099999999992,187.22099999999992,187.2709999999999,4953
2026-04-27T05:30:00+00:00,187.2709999999999,187.3919999999999,187.2649999999999,187.3739999999999,6402
2026-04-27T06:00:00+00:00,187.3739999999999,187.4009999999999,187.29799999999992,187.30399999999992,9681
2026-04-27T06:30:00+00:00,187.30399999999992,187.33999999999992,187.2669999999999,187.3149999999999,8774
2026-04-27T07:00:00+00:00,187.3149999999999,187.4029999999999,187.2889999999999,187.30499999999992,9286
2026-04-27T07:30:00+00:00,187.30499999999992,187.5079999999999,187.2529999999999,187.4979999999999,10066
2026-04-27T08:00:00+00:00,187.4979999999999,187.52399999999992,187.4019999999999,187.4379999999999,13252
2026-04-27T08:30:00+00:00,187.4379999999999,187.49999999999991,187.3829999999999,187.47699999999992,9169
2026-04-27T09:00:00+00:00,187.47699999999992,187.48999999999992,187.39399999999992,187.4219999999999,7908
2026-04-27T09:30:00+00:00,187.4219999999999,187.4979999999999,187.3959999999999,187.4669999999999,7885
2026-04-27T10:00:00+00:00,187.4669999999999,187.49599999999992,187.4159999999999,187.4519999999999,6173
2026-04-27T10:30:00+00:00,187.4519999999999,187.4629999999999,187.37699999999992,187.44099999999992,7516
2026-04-27T11:00:00+00:00,187.44099999999992,187.4569999999999,187.3539999999999,187.3909999999999,7699
2026-04-27T11:30:00+00:00,187.3909999999999,187.42299999999992,187.35299999999992,187.4189999999999,7301
2026-04-27T12:00:00+00:00,187.4189999999999,187.5759999999999,187.4029999999999,187.45899999999992,10762
2026-04-27T12:30:00+00:00,187.45899999999992,187.5139999999999,187.42899999999992,187.50699999999992,10483
2026-04-27T13:00:00+00:00,187.50699999999992,187.60199999999992,187.48899999999992,187.5109999999999,12170
2026-04-27T13:30:00+00:00,187.5109999999999,187.56099999999992,187.4329999999999,187.47199999999992,13644
2026-04-27T14:00:00+00:00,187.47199999999992,187.48999999999992,187.4199999999999,187.42299999999992,11097
2026-04-27T14:30:00+00:00,187.42299999999992,187.44699999999992,187.29899999999992,187.36299999999991,14046
2026-04-27T15:00:00+00:00,187.36299999999991,187.39899999999992,187.3299999999999,187.3739999999999,11129
2026-04-27T15:30:00+00:00,187.3739999999999,187.4139999999999,187.3499999999999,187.36899999999991,9254
2026-04-27T16:00:00+00:00,187.36899999999991,187.41699999999992,187.3509999999999,187.3839999999999,6156
2026-04-27T16:30:00+00:00,187.3839999999999,187.45899999999992,187.38099999999991,187.4009999999999,5621
2026-04-27T17:00:00+00:00,187.4009999999999,187.4249999999999,187.35899999999992,187.39299999999992,6512
2026-04-27T17:30:00+00:00,187.39299999999992,187.4249999999999,187.33999999999992,187.3549999999999,4624
2026-04-27T18:00:00+00:00,187.3549999999999,187.39999999999992,187.35299999999992,187.3659999999999,3814
2026-04-27T18:30:00+00:00,187.3659999999999,187.37699999999992,187.33399999999992,187.37099999999992,3781
2026-04-27T19:00:00+00:00,187.37099999999992,187.39399999999992,187.34599999999992,187.3779999999999,2768
2026-04-27T19:30:00+00:00,187.3779999999999,187.3969999999999,187.34699999999992,187.35899999999992,4121
2026-04-27T20:00:00+00:00,187.35899999999992,187.37599999999992,187.3369999999999,187.35299999999992,2040
2026-04-27T20:30:00+00:00,187.35299999999992,187.39299999999992,187.3129999999999,187.32299999999992,2156
2026-04-27T21:00:00+00:00,187.32299999999992,187.47399999999988,187.30499999999992,187.46899999999988,153.64414726602996
2026-04-27T21:30:00+00:00,187.46899999999988,187.4779999999999,187.3919999999999,187.45199999999988,1485.8274500245952
2026-04-27T22:00:00+00:00,187.45199999999988,187.5329999999999,187.4409999999999,187.51699999999988,1994
2026-04-27T22:30:00+00:00,187.51699999999988,187.5309999999999,187.4999999999999,187.51599999999988,980
2026-04-27T23:00:00+00:00,187.51599999999988,187.5619999999999,187.4829999999999,187.5259999999999,2139
2026-04-27T23:30:00+00:00,187.5259999999999,187.54699999999988,187.44599999999988,187.47399999999988,1675
2026-04-28T00:00:00+00:00,187.47399999999988,187.49899999999988,187.4189999999999,187.4289999999999,6614
2026-04-28T00:30:00+00:00,187.4289999999999,187.5369999999999,187.4239999999999,187.5249999999999,6696
2026-04-28T01:00:00+00:00,187.5249999999999,187.5559999999999,187.46799999999988,187.5009999999999,7361
2026-04-28T01:30:00+00:00,187.5009999999999,187.54699999999988,187.4729999999999,187.5249999999999,5302
2026-04-28T02:00:00+00:00,187.5249999999999,187.5449999999999,187.4609999999999,187.4669999999999,5003
2026-04-28T02:30:00+00:00,187.4669999999999,187.48599999999988,187.4079999999999,187.4119999999999,3166
2026-04-28T03:00:00+00:00,187.4119999999999,187.46899999999988,187.07499999999987,187.0979999999999,10930
2026-04-28T03:30:00+00:00,187.0979999999999,187.09999999999988,186.92099999999988,186.98099999999988,7085
2026-04-28T04:00:00+00:00,186.98099999999988,186.9829999999999,186.89199999999988,186.9599999999999,6054
2026-04-28T04:30:00+00:00,186.9599999999999,186.9959999999999,186.8819999999999,186.9719999999999,5701
2026-04-28T05:00:00+00:00,186.9719999999999,187.0269999999999,186.9419999999999,186.9599999999999,5165
2026-04-28T05:30:00+00:00,186.9599999999999,187.0269999999999,186.95099999999988,187.00499999999988,6396
2026-04-28T06:00:00+00:00,187.00499999999988,187.02199999999988,186.9309999999999,186.9779999999999,8835
2026-04-28T06:30:00+00:00,186.9779999999999,186.99899999999988,186.7509999999999,186.8879999999999,13505
2026-04-28T07:00:00+00:00,186.8879999999999,187.14199999999988,186.84399999999988,187.0969999999999,12745
2026-04-28T07:30:00+00:00,187.0969999999999,187.2829999999999,187.01099999999988,187.2499999999999,7664
2026-04-28T08:00:00+00:00,187.2499999999999,187.4969999999999,187.2499999999999,187.3719999999999,11273
2026-04-28T08:30:00+00:00,187.3719999999999,187.3749999999999,187.26599999999988,187.2679999999999,8284
2026-04-28T09:00:00+00:00,187.2679999999999,187.3169999999999,187.1549999999999,187.18399999999988,9378
2026-04-28T09:30:00+00:00,187.18399999999988,187.2689999999999,187.14099999999988,187.22499999999988,9503
2026-04-28T10:00:00+00:00,187.22499999999988,187.3009999999999,187.1919999999999,187.2859999999999,7624
2026-04-28T10:30:00+00:00,187.2859999999999,187.3299999999999,187.27299999999988,187.3129999999999,8756
2026-04-28T11:00:00+00:00,187.3129999999999,187.4589999999999,187.3059999999999,187.4109999999999,10762
2026-04-28T11:30:00+00:00,187.4109999999999,187.4249999999999,187.28999999999988,187.2939999999999,12431
2026-04-28T12:00:00+00:00,187.2939999999999,187.3049999999999,187.19999999999987,187.2739999999999,17200
2026-04-28T12:30:00+00:00,187.2739999999999,187.35499999999988,187.1259999999999,187.1699999999999,13742
2026-04-28T13:00:00+00:00,187.1699999999999,187.2579999999999,187.13599999999988,187.1809999999999,14014
2026-04-28T13:30:00+00:00,187.1809999999999,187.3529999999999,187.1519999999999,187.23199999999989,19221
2026-04-28T14:00:00+00:00,187.23199999999989,187.3829999999999,187.20099999999988,187.35699999999989,17012
2026-04-28T14:30:00+00:00,187.35699999999989,187.5389999999999,187.34999999999988,187.5359999999999,20937
2026-04-28T15:00:00+00:00,187.5359999999999,187.5779999999999,187.4899999999999,187.53399999999988,16647
2026-04-28T15:30:00+00:00,187.53399999999988,187.59299999999988,187.4899999999999,187.53399999999988,10703
2026-04-28T16:00:00+00:00,187.53399999999988,187.5659999999999,187.46299999999988,187.4659999999999,8694
2026-04-28T16:30:00+00:00,187.4659999999999,187.5089999999999,187.45699999999988,187.49899999999988,7218
2026-04-28T17:00:00+00:00,187.49899999999988,187.5269999999999,187.4709999999999,187.51599999999988,6053
2026-04-28T17:30:00+00:00,187.51599999999988,187.56399999999988,187.50399999999988,187.5319999999999,5520
2026-04-28T18:00:00+00:00,187.5319999999999,187.5739999999999,187.5209999999999,187.5449999999999,6182
2026-04-28T18:30:00+00:00,187.5449999999999,187.6269999999999,187.5389999999999,187.59399999999988,4436
2026-04-28T19:00:00+00:00,187.59399999999988,187.60699999999989,187.54599999999988,187.58699999999988,3998
2026-04-28T19:30:00+00:00,187.58699999999988,187.6139999999999,187.5679999999999,187.60499999999988,4090
2026-04-28T20:00:00+00:00,187.60499999999988,187.6219999999999,187.56999999999988,187.6079999999999,3121
2026-04-28T20:30:00+00:00,187.6079999999999,187.62899999999988,187.57099999999988,187.57099999999988,2198
2026-04-28T21:00:00+00:00,187.57099999999988,187.57099999999988,187.4079999999999,187.5389999999999,1444.6757431614672
2026-04-28T21:30:00+00:00,187.5389999999999,187.5789999999999,187.4879999999999,187.4929999999999,683
2026-04-28T22:00:00+00:00,187.4929999999999,187.6189999999999,187.4929999999999,187.5739999999999,1582
2026-04-28T22:30:00+00:00,187.5739999999999,187.5879999999999,187.5429999999999,187.5669999999999,1726
2026-04-28T23:00:00+00:00,187.5669999999999,187.5839999999999,187.5319999999999,187.5569999999999,2211
2026-04-28T23:30:00+00:00,187.5569999999999,187.59499999999989,187.5569999999999,187.5809999999999,2725
2026-04-29T00:00:00+00:00,187.5809999999999,187.6149999999999,187.5629999999999,187.5719999999999,6111
2026-04-29T00:30:00+00:00,187.5719999999999,187.5729999999999,187.5119999999999,187.5389999999999,6011
2026-04-29T01:00:00+00:00,187.5389999999999,187.5559999999999,187.5059999999999,187.5479999999999,11857
2026-04-29T01:30:00+00:00,187.5479999999999,187.5879999999999,187.5199999999999,187.5569999999999,10955
2026-04-29T02:00:00+00:00,187.5569999999999,187.5929999999999,187.5459999999999,187.5549999999999,7438
2026-04-29T02:30:00+00:00,187.5549999999999,187.5609999999999,187.4929999999999,187.5009999999999,6417
2026-04-29T03:00:00+00:00,187.5009999999999,187.5269999999999,187.4949999999999,187.5179999999999,5135
2026-04-29T03:30:00+00:00,187.5179999999999,187.5319999999999,187.4589999999999,187.4689999999999,3284
2026-04-29T04:00:00+00:00,187.4689999999999,187.5069999999999,187.4669999999999,187.4959999999999,2726
2026-04-29T04:30:00+00:00,187.4959999999999,187.5159999999999,187.4569999999999,187.48199999999989,3630
2026-04-29T05:00:00+00:00,187.48199999999989,187.5119999999999,187.4409999999999,187.4439999999999,5225
2026-04-29T05:30:00+00:00,187.4439999999999,187.4979999999999,187.4039999999999,187.4879999999999,6378
2026-04-29T06:00:00+00:00,187.4879999999999,187.5229999999999,187.4469999999999,187.4669999999999,8522
2026-04-29T06:30:00+00:00,187.4669999999999,187.4889999999999,187.3649999999999,187.4159999999999,8598
2026-04-29T07:00:00+00:00,187.4159999999999,187.5509999999999,187.3859999999999,187.4839999999999,11751
2026-04-29T07:30:00+00:00,187.4839999999999,187.5619999999999,187.4549999999999,187.5239999999999,12435
2026-04-29T08:00:00+00:00,187.5239999999999,187.5439999999999,187.3819999999999,187.5019999999999,17905
2026-04-29T08:30:00+00:00,187.5019999999999,187.5759999999999,187.4809999999999,187.5669999999999,10846
2026-04-29T09:00:00+00:00,187.5669999999999,187.6059999999999,187.5179999999999,187.5939999999999,9965
2026-04-29T09:30:00+00:00,187.5939999999999,187.6489999999999,187.5599999999999,187.5849999999999,11421
2026-04-29T10:00:00+00:00,187.5849999999999,187.6279999999999,187.5529999999999,187.5859999999999,9958
2026-04-29T10:30:00+00:00,187.5859999999999,187.6819999999999,187.5389999999999,187.6799999999999,8280
2026-04-29T11:00:00+00:00,187.6799999999999,187.7279999999999,187.6429999999999,187.7159999999999,10398
2026-04-29T11:30:00+00:00,187.7159999999999,187.7309999999999,187.6379999999999,187.6449999999999,7986
2026-04-29T12:00:00+00:00,187.6449999999999,187.7529999999999,187.6339999999999,187.6979999999999,12115
2026-04-29T12:30:00+00:00,187.6979999999999,187.7769999999999,187.6569999999999,187.7769999999999,11069
2026-04-29T13:00:00+00:00,187.7769999999999,187.8199999999999,187.6969999999999,187.7469999999999,13716
2026-04-29T13:30:00+00:00,187.7469999999999,187.8549999999999,187.6679999999999,187.8489999999999,13597
2026-04-29T14:00:00+00:00,187.8489999999999,187.85699999999989,187.7589999999999,187.7929999999999,13389
2026-04-29T14:30:00+00:00,187.7929999999999,187.9609999999999,187.7879999999999,187.9539999999999,15340
2026-04-29T15:00:00+00:00,187.9539999999999,187.9919999999999,187.9109999999999,187.95799999999988,13362
2026-04-29T15:30:00+00:00,187.95799999999988,188.1039999999999,187.9309999999999,188.0039999999999,18926
2026-04-29T16:00:00+00:00,188.0039999999999,188.0129999999999,187.9169999999999,187.9459999999999,7781
2026-04-29T16:30:00+00:00,187.9459999999999,187.96399999999988,187.9019999999999,187.9369999999999,10782
2026-04-29T17:00:00+00:00,187.9369999999999,187.9429999999999,187.8959999999999,187.9079999999999,10605
2026-04-29T17:30:00+00:00,187.9079999999999,187.9469999999999,187.7959999999999,187.8049999999999,11171
2026-04-29T18:00:00+00:00,187.8049999999999,187.8889999999999,187.7559999999999,187.7589999999999,16719
2026-04-29T18:30:00+00:00,187.7589999999999,187.83299999999988,187.6889999999999,187.7859999999999,18673
2026-04-29T19:00:00+00:00,187.7859999999999,187.8489999999999,187.7269999999999,187.8309999999999,13525
2026-04-29T19:30:00+00:00,187.8309999999999,187.9139999999999,187.7929999999999,187.8859999999999,11116
2026-04-29T20:00:00+00:00,187.8859999999999,187.9259999999999,187.8409999999999,187.9049999999999,7211
2026-04-29T20:30:00+00:00,187.9049999999999,187.9379999999999,187.8719999999999,187.9249999999999,4992
2026-04-29T21:00:00+00:00,187.9249999999999,187.9809999999999,187.8769999999999,187.9589999999999,590.357647465069
2026-04-29T21:30:00+00:00,187.9589999999999,187.9779999999999,187.8839999999999,187.9509999999999,3307.9817497707263
2026-04-29T22:00:00+00:00,187.9509999999999,188.0339999999999,187.9369999999999,187.9899999999999,2471
2026-04-29T22:30:00+00:00,187.9899999999999,188.0219999999999,187.97699999999992,187.9779999999999,1217
2026-04-29T23:00:00+00:00,187.9779999999999,187.99499999999992,187.91499999999994,187.9339999999999,2897.678845825508
2026-04-29T23:30:00+00:00,187.9339999999999,187.97299999999993,187.8979999999999,187.93299999999994,3839
2026-04-30T00:00:00+00:00,187.93299999999994,187.94799999999992,187.83099999999993,187.88699999999992,8876
2026-04-30T00:30:00+00:00,187.88699999999992,188.01399999999992,187.87499999999991,187.96099999999993,10511
2026-04-30T01:00:00+00:00,187.96099999999993,187.97899999999993,187.88499999999993,187.89699999999993,8882
2026-04-30T01:30:00+00:00,187.89699999999993,187.92899999999992,187.8029999999999,187.81299999999993,11038
2026-04-30T02:00:00+00:00,187.81299999999993,187.88399999999993,187.79799999999992,187.84799999999993,6804
2026-04-30T02:30:00+00:00,187.84799999999993,187.85599999999994,187.77499999999992,187.82299999999992,10432
2026-04-30T03:00:00+00:00,187.82299999999992,187.9219999999999,187.81899999999993,187.89599999999993,7522
2026-04-30T03:30:00+00:00,187.89599999999993,187.90499999999992,187.8569999999999,187.89999999999992,5091
2026-04-30T04:00:00+00:00,187.89999999999992,187.90699999999993,187.80499999999992,187.84199999999993,7367
2026-04-30T04:30:00+00:00,187.84199999999993,187.95599999999993,187.84199999999993,187.93899999999994,7254
2026-04-30T05:00:00+00:00,187.93899999999994,187.99499999999992,187.90799999999993,187.97299999999993,5829
2026-04-30T05:30:00+00:00,187.97299999999993,188.0649999999999,187.95999999999992,188.0649999999999,9072
2026-04-30T06:00:00+00:00,188.0649999999999,188.1779999999999,188.01399999999992,188.12799999999993,12148
2026-04-30T06:30:00+00:00,188.12799999999993,188.19699999999992,188.0829999999999,188.19199999999992,11495
2026-04-30T07:00:00+00:00,188.19199999999992,188.22399999999993,188.12799999999993,188.20399999999992,12299
2026-04-30T07:30:00+00:00,188.20399999999992,188.29399999999993,187.42299999999992,187.77199999999993,13625
2026-04-30T08:00:00+00:00,187.77199999999993,187.95899999999992,187.6359999999999,187.64999999999992,22192
2026-04-30T08:30:00+00:00,187.64999999999992,187.6899999999999,186.96199999999993,187.14899999999992,21298
2026-04-30T09:00:00+00:00,187.14899999999992,187.15799999999993,186.80599999999993,187.00199999999992,20071
2026-04-30T09:30:00+00:00,187.00199999999992,187.20599999999993,186.93699999999993,187.0889999999999,16402
2026-04-30T10:00:00+00:00,187.0889999999999,187.10499999999993,185.94199999999992,186.2079999999999,18689
2026-04-30T10:30:00+00:00,186.2079999999999,186.26399999999992,184.5889999999999,184.86199999999994,52073
2026-04-30T11:00:00+00:00,184.86199999999994,185.07899999999992,183.98999999999992,184.11899999999991,37087
2026-04-30T11:30:00+00:00,184.11899999999991,184.34699999999992,183.00799999999992,183.78399999999993,35335
2026-04-30T12:00:00+00:00,183.78399999999993,184.22999999999993,183.70399999999992,184.04399999999993,23986
2026-04-30T12:30:00+00:00,184.04399999999993,184.41199999999992,184.03399999999993,184.11799999999994,26175
2026-04-30T13:00:00+00:00,184.11799999999994,184.22399999999993,183.47699999999992,183.7969999999999,30319
2026-04-30T13:30:00+00:00,183.7969999999999,184.26799999999992,183.77799999999993,184.19199999999992,24583
2026-04-30T14:00:00+00:00,184.19199999999992,184.31899999999993,184.04899999999992,184.2909999999999,29234
2026-04-30T14:30:00+00:00,184.2909999999999,184.60999999999993,184.1299999999999,184.49599999999992,29594
2026-04-30T15:00:00+00:00,184.49599999999992,184.6539999999999,184.49399999999991,184.5529999999999,23926
2026-04-30T15:30:00+00:00,184.5529999999999,184.58799999999994,184.46099999999993,184.49699999999993,13036
2026-04-30T16:00:00+00:00,184.49699999999993,184.5349999999999,184.38499999999993,184.5049999999999,10084
2026-04-30T16:30:00+00:00,184.5049999999999,184.51999999999992,184.31799999999993,184.34599999999992,6570
2026-04-30T17:00:00+00:00,184.34599999999992,184.48999999999992,184.31599999999992,184.32199999999992,11437
2026-04-30T17:30:00+00:00,184.32199999999992,184.32299999999992,184.22999999999993,184.23299999999992,9738
2026-04-30T18:00:00+00:00,184.23299999999992,184.24599999999992,184.15199999999993,184.1959999999999,10308
2026-04-30T18:30:00+00:00,184.1959999999999,184.38199999999992,184.17999999999992,184.32499999999993,9718
2026-04-30T19:00:00+00:00,184.32499999999993,184.4219999999999,184.26499999999993,184.38299999999992,11106
2026-04-30T19:30:00+00:00,184.38299999999992,184.49699999999993,184.34599999999992,184.46299999999994,10121
2026-04-30T20:00:00+00:00,184.46299999999994,184.49099999999993,184.41899999999993,184.4399999999999,6260
2026-04-30T20:30:00+00:00,184.4399999999999,184.50299999999993,184.41699999999992,184.43599999999992,3756
2026-04-30T21:00:00+00:00,184.43599999999992,184.43599999999992,184.33399999999992,184.40299999999993,397.41602200446965
2026-04-30T21:30:00+00:00,184.40299999999993,184.50099999999992,184.40299999999993,184.42399999999992,1702
2026-04-30T22:00:00+00:00,184.42399999999992,184.57899999999992,184.42399999999992,184.55399999999992,1478
2026-04-30T22:30:00+00:00,184.55399999999992,184.61699999999993,184.5229999999999,184.53599999999992,1823
2026-04-30T23:00:00+00:00,184.53599999999992,184.68799999999993,184.52799999999993,184.59799999999993,3434
2026-04-30T23:30:00+00:00,184.59799999999993,184.9399999999999,184.59799999999993,184.88699999999992,8080
2026-05-01T00:00:00+00:00,184.88699999999992,185.2319999999999,184.86599999999993,185.20499999999993,10767
2026-05-01T00:30:00+00:00,185.20499999999993,185.23399999999992,184.88799999999992,184.98299999999992,10239
2026-05-01T01:00:00+00:00,184.98299999999992,185.18799999999993,184.92699999999994,185.12699999999992,9927
2026-05-01T01:30:00+00:00,185.12699999999992,185.20999999999992,185.0349999999999,185.17399999999992,9691
2026-05-01T02:00:00+00:00,185.17399999999992,185.20299999999992,185.1009999999999,185.17699999999994,6793
2026-05-01T02:30:00+00:00,185.17699999999994,185.31399999999994,185.14399999999992,185.2549999999999,6823
2026-05-01T03:00:00+00:00,185.2549999999999,185.31899999999993,185.17599999999993,185.20499999999993,5659
2026-05-01T03:30:00+00:00,185.20499999999993,185.22499999999994,184.9989999999999,185.15899999999993,7353
2026-05-01T04:00:00+00:00,185.15899999999993,185.16399999999993,185.04799999999992,185.11599999999993,6495
2026-05-01T04:30:00+00:00,185.11599999999993,185.20699999999994,185.09699999999992,185.15799999999993,4777
2026-05-01T05:00:00+00:00,185.15799999999993,185.18799999999993,185.1009999999999,185.16999999999993,5176
2026-05-01T05:30:00+00:00,185.16999999999993,185.1719999999999,185.07599999999994,185.13499999999993,5420
2026-05-01T06:00:00+00:00,185.13499999999993,185.15099999999993,185.03899999999993,185.07799999999992,9376
2026-05-01T06:30:00+00:00,185.07799999999992,185.07999999999993,183.38499999999993,183.78799999999993,14249
2026-05-01T07:00:00+00:00,183.78799999999993,184.41799999999992,183.7259999999999,184.26599999999993,18376
2026-05-01T07:30:00+00:00,184.26599999999993,184.63399999999993,184.2019999999999,184.5469999999999,11064
2026-05-01T08:00:00+00:00,184.5469999999999,184.6239999999999,184.29799999999992,184.37599999999992,13923
2026-05-01T08:30:00+00:00,184.37599999999992,184.58399999999992,184.37299999999993,184.51599999999993,11107
2026-05-01T09:00:00+00:00,184.51599999999993,184.65099999999993,184.38399999999993,184.6419999999999,11021
2026-05-01T09:30:00+00:00,184.6419999999999,184.7019999999999,184.43699999999993,184.44899999999993,8761
2026-05-01T10:00:00+00:00,184.44899999999993,184.60399999999993,184.43899999999994,184.56599999999992,7686
2026-05-01T10:30:00+00:00,184.56599999999992,184.68099999999993,184.5349999999999,184.66999999999993,7636
2026-05-01T11:00:00+00:00,184.66999999999993,184.77599999999993,184.63699999999992,184.74999999999991,9561
2026-05-01T11:30:00+00:00,184.74999999999991,184.76799999999992,184.68199999999993,184.76299999999992,8221
2026-05-01T12:00:00+00:00,184.76299999999992,184.88699999999992,184.72999999999993,184.83399999999992,18239
2026-05-01T12:30:00+00:00,184.83399999999992,184.91399999999993,184.83099999999993,184.87899999999993,9231
2026-05-01T13:00:00+00:00,184.87899999999993,184.95599999999993,184.84899999999993,184.85299999999992,8414
2026-05-01T13:30:00+00:00,184.85299999999992,184.89599999999993,184.50899999999993,184.8029999999999,18917
2026-05-01T14:00:00+00:00,184.8029999999999,185.11499999999992,184.78699999999992,185.09899999999993,23190
2026-05-01T14:30:00+00:00,185.09899999999993,185.18799999999993,184.96499999999992,185.08499999999992,18408
2026-05-01T15:00:00+00:00,185.08499999999992,185.18599999999992,185.06299999999993,185.14399999999992,15131
2026-05-01T15:30:00+00:00,185.14399999999992,185.18299999999994,185.03099999999992,185.03399999999993,15134
2026-05-01T16:00:00+00:00,185.03399999999993,185.0589999999999,184.91799999999992,185.0529999999999,11646
2026-05-01T16:30:00+00:00,185.0529999999999,185.05599999999993,184.94899999999993,184.98499999999993,9458
2026-05-01T17:00:00+00:00,184.98499999999993,184.98899999999992,184.90799999999993,184.96299999999994,7775
2026-05-01T17:30:00+00:00,184.96299999999994,184.97899999999993,184.8569999999999,184.89299999999992,8030
2026-05-01T18:00:00+00:00,184.89299999999992,184.96699999999993,184.84299999999993,184.87199999999993,6433
2026-05-01T18:30:00+00:00,184.87199999999993,184.9279999999999,184.74299999999994,184.89699999999993,7536
2026-05-01T19:00:00+00:00,184.89699999999993,184.92099999999994,184.85499999999993,184.85799999999992,3257
2026-05-01T19:30:00+00:00,184.85799999999992,184.86699999999993,184.80699999999993,184.82899999999992,3164
2026-05-01T20:00:00+00:00,184.82899999999992,184.86799999999994,184.74499999999992,184.74999999999991,2866
2026-05-01T20:30:00+00:00,184.74999999999991,184.86099999999993,184.07399999999998,184.07999999999998,3777
2026-05-03T21:00:00+00:00,184.07999999999998,184.10199999999995,183.92,183.98399999999998,618.7910182359898
2026-05-03T21:30:00+00:00,183.98399999999998,184.00199999999995,183.85299999999995,183.86699999999996,585.8444923714044
2026-05-03T22:00:00+00:00,183.86699999999996,183.98699999999997,183.84099999999995,183.97899999999996,4235
2026-05-03T22:30:00+00:00,183.97899999999996,184.00399999999996,183.92899999999995,183.96099999999996,2416
2026-05-03T23:00:00+00:00,183.96099999999996,183.96699999999996,183.90399999999997,183.92899999999995,2992
2026-05-03T23:30:00+00:00,183.92899999999995,183.94299999999996,183.86199999999997,183.92399999999995,4024
2026-05-04T00:00:00+00:00,183.92399999999995,183.99099999999996,183.90299999999996,183.96999999999994,10278
2026-05-04T00:30:00+00:00,183.96999999999994,183.97999999999996,183.92299999999994,183.94799999999995,6825
2026-05-04T01:00:00+00:00,183.94799999999995,184.02999999999994,183.60699999999994,183.98599999999996,12659
2026-05-04T01:30:00+00:00,183.98599999999996,184.10499999999996,183.95799999999994,184.07599999999996,9168
2026-05-04T02:00:00+00:00,184.07599999999996,184.20799999999994,184.06399999999996,184.17999999999995,8658
2026-05-04T02:30:00+00:00,184.17999999999995,184.27799999999996,184.14499999999995,184.21099999999996,6481
2026-05-04T03:00:00+00:00,184.21099999999996,184.32999999999996,184.20299999999995,184.31799999999996,5815
2026-05-04T03:30:00+00:00,184.31799999999996,184.32499999999996,182.70299999999995,183.28399999999996,26225
2026-05-04T04:00:00+00:00,183.28399999999996,183.75399999999996,183.21299999999997,183.72399999999996,12687
2026-05-04T04:30:00+00:00,183.72399999999996,183.83399999999995,183.65599999999995,183.76899999999995,6244
2026-05-04T05:00:00+00:00,183.76899999999995,183.86999999999995,183.55999999999995,183.80499999999995,9014
2026-05-04T05:30:00+00:00,183.80499999999995,183.88499999999996,183.58099999999996,183.85599999999997,6072
2026-05-04T06:00:00+00:00,183.85599999999997,184.00099999999995,183.81499999999994,183.94999999999996,8021
2026-05-04T06:30:00+00:00,183.94999999999996,184.00099999999995,183.87699999999995,183.99299999999997,8558
2026-05-04T07:00:00+00:00,183.99299999999997,184.03399999999996,183.84699999999995,183.85599999999997,8358
2026-05-04T07:30:00+00:00,183.85599999999997,183.89199999999997,183.72599999999994,183.78199999999995,10691
2026-05-04T08:00:00+00:00,183.78199999999995,183.84699999999995,183.72899999999996,183.82099999999994,11466
2026-05-04T08:30:00+00:00,183.82099999999994,183.93399999999997,183.80299999999997,183.87699999999995,9283
2026-05-04T09:00:00+00:00,183.87699999999995,183.93199999999996,183.86299999999994,183.89299999999994,11207
2026-05-04T09:30:00+00:00,183.89299999999994,183.94899999999996,183.81099999999995,183.86799999999997,8310
2026-05-04T10:00:00+00:00,183.86799999999997,183.91899999999995,183.66699999999994,183.75999999999996,27401
2026-05-04T10:30:00+00:00,183.75999999999996,183.87899999999996,183.74199999999996,183.84799999999996,17095
2026-05-04T11:00:00+00:00,183.84799999999996,183.85399999999996,183.74099999999996,183.77399999999994,14520
2026-05-04T11:30:00+00:00,183.77399999999994,183.82799999999995,183.72399999999996,183.72799999999995,14205
2026-05-04T12:00:00+00:00,183.72799999999995,183.87399999999997,183.70899999999995,183.86599999999996,17075
2026-05-04T12:30:00+00:00,183.86599999999996,183.96199999999996,183.81499999999994,183.94099999999995,14035
2026-05-04T13:00:00+00:00,183.94099999999995,183.94299999999996,183.79599999999996,183.83199999999997,19474
2026-05-04T13:30:00+00:00,183.83199999999997,183.93599999999995,183.81899999999996,183.88599999999997,17042
2026-05-04T14:00:00+00:00,183.88599999999997,183.94999999999996,183.87299999999996,183.92599999999996,15987
2026-05-04T14:30:00+00:00,183.92599999999996,183.95099999999996,183.76499999999996,183.85499999999996,14992
2026-05-04T15:00:00+00:00,183.85499999999996,183.92499999999995,183.74799999999996,183.80799999999996,20271
2026-05-04T15:30:00+00:00,183.80799999999996,183.89999999999995,183.78699999999995,183.81899999999996,17323
2026-05-04T16:00:00+00:00,183.81899999999996,183.88199999999995,183.72099999999995,183.77199999999996,19208
2026-05-04T16:30:00+00:00,183.77199999999996,183.79199999999994,183.65599999999995,183.66699999999994,12512
2026-05-04T17:00:00+00:00,183.66699999999994,183.79199999999994,183.66699999999994,183.76899999999995,12955
2026-05-04T17:30:00+00:00,183.76899999999995,183.82799999999995,183.75999999999996,183.79699999999997,7546
2026-05-04T18:00:00+00:00,183.79699999999997,183.82899999999995,183.75099999999995,183.78099999999995,8110
2026-05-04T18:30:00+00:00,183.78099999999995,183.78699999999995,183.05099999999996,183.27099999999996,10400
2026-05-04T19:00:00+00:00,183.27099999999996,183.71799999999996,183.27099999999996,183.68699999999995,12790
2026-05-04T19:30:00+00:00,183.68699999999995,183.74599999999995,183.63099999999994,183.66799999999995,7434
2026-05-04T20:00:00+00:00,183.66799999999995,183.77099999999996,183.64099999999996,183.71899999999997,5053
2026-05-04T20:30:00+00:00,183.71899999999997,183.79199999999994,183.70899999999995,183.72199999999995,3634
2026-05-04T21:00:00+00:00,183.72199999999995,183.77299999999994,183.59299999999996,183.67199999999997,492.30323341367875
2026-05-04T21:30:00+00:00,183.67199999999997,183.68599999999998,183.55899999999997,183.59599999999998,770
2026-05-04T22:00:00+00:00,183.59599999999998,183.74999999999997,183.59599999999998,183.70199999999997,1316
2026-05-04T22:30:00+00:00,183.70199999999997,183.73299999999998,183.68399999999997,183.71499999999997,772
2026-05-04T23:00:00+00:00,183.71499999999997,183.73699999999997,183.66699999999997,183.70399999999998,1761
2026-05-04T23:30:00+00:00,183.70399999999998,183.72799999999998,183.67399999999998,183.71999999999997,2691
2026-05-05T00:00:00+00:00,183.71999999999997,183.74899999999997,183.66199999999998,183.67499999999998,6875
2026-05-05T00:30:00+00:00,183.67499999999998,183.682,183.62099999999998,183.635,5197
2026-05-05T01:00:00+00:00,183.635,183.65599999999998,183.58199999999997,183.61599999999999,4918
2026-05-05T01:30:00+00:00,183.61599999999999,183.69199999999998,183.60999999999999,183.63899999999998,6469
2026-05-05T02:00:00+00:00,183.63899999999998,183.69199999999998,183.623,183.68699999999998,4056
2026-05-05T02:30:00+00:00,183.68699999999998,183.712,183.659,183.66499999999996,3871
2026-05-05T03:00:00+00:00,183.66499999999996,183.68399999999997,183.62699999999998,183.659,2980
2026-05-05T03:30:00+00:00,183.659,183.66899999999998,183.63799999999998,183.65699999999998,2444
2026-05-05T04:00:00+00:00,183.65699999999998,183.694,183.64999999999998,183.68699999999998,2451
2026-05-05T04:30:00+00:00,183.68699999999998,183.70999999999998,183.57999999999998,183.587,4461
2026-05-05T05:00:00+00:00,183.587,183.61799999999997,183.569,183.57699999999997,6232
2026-05-05T05:30:00+00:00,183.57699999999997,183.66299999999998,183.56399999999996,183.66099999999997,7547
2026-05-05T06:00:00+00:00,183.66099999999997,183.718,183.60999999999999,183.65699999999998,9783
2026-05-05T06:30:00+00:00,183.65699999999998,183.71399999999997,183.61799999999997,183.646,9128
2026-05-05T07:00:00+00:00,183.646,183.68599999999998,183.59399999999997,183.67699999999996,11099
2026-05-05T07:30:00+00:00,183.67699999999996,183.724,183.61799999999997,183.70299999999997,12612
2026-05-05T08:00:00+00:00,183.70299999999997,183.84999999999997,183.69099999999997,183.82599999999996,8361
2026-05-05T08:30:00+00:00,183.82599999999996,183.83299999999997,183.68499999999997,183.75099999999998,9709
2026-05-05T09:00:00+00:00,183.75099999999998,184.38899999999998,183.748,184.05499999999998,17604
2026-05-05T09:30:00+00:00,184.05499999999998,184.13899999999998,183.57599999999996,184.04099999999997,12942
2026-05-05T10:00:00+00:00,184.04099999999997,184.20699999999997,184.01899999999998,184.17,8563
2026-05-05T10:30:00+00:00,184.17,184.20899999999997,184.093,184.15499999999997,8422
2026-05-05T11:00:00+00:00,184.15499999999997,184.283,184.141,184.278,9499
2026-05-05T11:30:00+00:00,184.278,184.32599999999996,184.23199999999997,184.29799999999997,7723
2026-05-05T12:00:00+00:00,184.29799999999997,184.378,184.18599999999998,184.34999999999997,17126
2026-05-05T12:30:00+00:00,184.34999999999997,184.41899999999998,184.33399999999997,184.37599999999998,10580
2026-05-05T13:00:00+00:00,184.37599999999998,184.49299999999997,184.36599999999999,184.46999999999997,12494
2026-05-05T13:30:00+00:00,184.46999999999997,184.51399999999998,184.42499999999998,184.43399999999997,13568
2026-05-05T14:00:00+00:00,184.43399999999997,184.55299999999997,184.41599999999997,184.534,18208
2026-05-05T14:30:00+00:00,184.534,184.54399999999998,184.43299999999996,184.486,15619
2026-05-05T15:00:00+00:00,184.486,184.52499999999998,184.44799999999998,184.51999999999998,12283
2026-05-05T15:30:00+00:00,184.51999999999998,184.57599999999996,184.44299999999998,184.50099999999998,11800
2026-05-05T16:00:00+00:00,184.50099999999998,184.50499999999997,184.42499999999998,184.456,6897
2026-05-05T16:30:00+00:00,184.456,184.55599999999998,184.45499999999998,184.51199999999997,5639
2026-05-05T17:00:00+00:00,184.51199999999997,184.60799999999998,184.509,184.57699999999997,6228
2026-05-05T17:30:00+00:00,184.57699999999997,184.61899999999997,184.56199999999998,184.57399999999998,6665
2026-05-05T18:00:00+00:00,184.57399999999998,184.63899999999998,184.56499999999997,184.617,3789
2026-05-05T18:30:00+00:00,184.617,184.65699999999998,184.611,184.62099999999998,4104
2026-05-05T19:00:00+00:00,184.62099999999998,184.63799999999998,184.58499999999998,184.59499999999997,3722
2026-05-05T19:30:00+00:00,184.59499999999997,184.60299999999998,184.52899999999997,184.557,4694
2026-05-05T20:00:00+00:00,184.557,184.56999999999996,184.51999999999998,184.54199999999997,3474
2026-05-05T20:30:00+00:00,184.54199999999997,184.54899999999998,184.49099999999999,184.49399999999997,2196
2026-05-05T21:00:00+00:00,184.49399999999997,184.503,184.38899999999998,184.49299999999997,362
2026-05-05T21:30:00+00:00,184.49299999999997,184.522,184.474,184.51999999999998,360
2026-05-05T22:00:00+00:00,184.51999999999998,184.59399999999997,184.48,184.48,1285
2026-05-05T22:30:00+00:00,184.48,184.57099999999997,184.403,184.51899999999998,4071.012979292579
2026-05-05T23:00:00+00:00,184.51899999999998,184.67,184.46299999999997,184.66299999999998,8719
2026-05-05T23:30:00+00:00,184.66299999999998,184.69699999999997,184.60899999999998,184.61199999999997,5360
2026-05-06T00:00:00+00:00,184.61199999999997,184.63799999999998,184.53099999999998,184.551,14814
2026-05-06T00:30:00+00:00,184.551,184.61899999999997,184.54799999999997,184.605,13164
2026-05-06T01:00:00+00:00,184.605,184.71899999999997,184.59399999999997,184.69299999999998,11406
2026-05-06T01:30:00+00:00,184.69299999999998,184.75499999999997,184.65099999999998,184.73899999999998,8840
2026-05-06T02:00:00+00:00,184.73899999999998,184.807,184.724,184.79899999999998,8128
2026-05-06T02:30:00+00:00,184.79899999999998,184.82999999999998,184.76799999999997,184.81599999999997,6535
2026-05-06T03:00:00+00:00,184.81599999999997,184.94099999999997,184.81099999999998,184.92499999999998,7248
2026-05-06T03:30:00+00:00,184.92499999999998,184.938,184.75099999999998,184.778,5950
2026-05-06T04:00:00+00:00,184.778,184.837,183.74899999999997,183.87399999999997,10580
2026-05-06T04:30:00+00:00,183.87399999999997,184.039,181.93499999999997,182.90699999999998,56236
2026-05-06T05:00:00+00:00,182.90699999999998,183.35099999999997,182.70399999999998,183.29899999999998,14999
2026-05-06T05:30:00+00:00,183.29899999999998,183.36599999999999,183.25099999999998,183.31099999999998,6849
2026-05-06T06:00:00+00:00,183.31099999999998,183.46399999999997,183.301,183.343,12348
2026-05-06T06:30:00+00:00,183.343,183.41499999999996,183.27999999999997,183.39399999999998,11193
2026-05-06T07:00:00+00:00,183.39399999999998,183.51099999999997,183.35699999999997,183.47499999999997,14243
2026-05-06T07:30:00+00:00,183.47499999999997,183.51299999999998,182.64799999999997,182.78599999999997,19292
2026-05-06T08:00:00+00:00,182.78599999999997,183.30299999999997,182.74499999999998,183.289,17893
2026-05-06T08:30:00+00:00,183.289,183.47599999999997,183.152,183.35899999999998,25389
2026-05-06T09:00:00+00:00,183.35899999999998,183.57899999999998,183.32599999999996,183.55599999999998,16534
2026-05-06T09:30:00+00:00,183.55599999999998,183.57599999999996,183.45699999999997,183.50599999999997,16502
2026-05-06T10:00:00+00:00,183.50599999999997,183.62399999999997,183.378,183.45299999999997,14936
2026-05-06T10:30:00+00:00,183.45299999999997,183.56599999999997,183.41199999999998,183.521,22599
2026-05-06T11:00:00+00:00,183.521,183.69099999999997,183.45199999999997,183.664,23093
2026-05-06T11:30:00+00:00,183.664,183.75199999999998,183.563,183.61199999999997,20204
2026-05-06T12:00:00+00:00,183.61199999999997,183.659,183.45999999999998,183.57299999999998,21356
2026-05-06T12:30:00+00:00,183.57299999999998,183.593,183.486,183.587,15894
2026-05-06T13:00:00+00:00,183.587,183.61499999999998,183.46599999999998,183.49599999999998,19755
2026-05-06T13:30:00+00:00,183.49599999999998,183.49699999999999,183.31499999999997,183.361,18435
2026-05-06T14:00:00+00:00,183.361,183.42699999999996,183.33399999999997,183.39899999999997,17392
2026-05-06T14:30:00+00:00,183.39899999999997,183.646,183.391,183.611,19831
2026-05-06T15:00:00+00:00,183.611,183.77299999999997,183.57299999999998,183.61599999999999,15808
2026-05-06T15:30:00+00:00,183.61599999999999,183.77599999999998,183.59499999999997,183.76,12219
2026-05-06T16:00:00+00:00,183.76,183.80599999999998,183.70799999999997,183.73999999999998,10091
2026-05-06T16:30:00+00:00,183.73999999999998,183.77399999999997,183.57299999999998,183.61199999999997,9701
2026-05-06T17:00:00+00:00,183.61199999999997,183.772,183.58599999999998,183.73999999999998,7208
2026-05-06T17:30:00+00:00,183.73999999999998,183.759,183.69599999999997,183.74399999999997,8192
2026-05-06T18:00:00+00:00,183.74399999999997,183.754,183.61799999999997,183.67899999999997,8124
2026-05-06T18:30:00+00:00,183.67899999999997,183.70699999999997,183.63099999999997,183.66599999999997,6247
2026-05-06T19:00:00+00:00,183.66599999999997,183.72699999999998,183.65399999999997,183.71099999999998,7377
2026-05-06T19:30:00+00:00,183.71099999999998,183.73299999999998,183.64299999999997,183.66299999999998,7678
2026-05-06T20:00:00+00:00,183.66299999999998,183.68699999999998,183.54299999999998,183.59699999999998,5157
2026-05-06T20:30:00+00:00,183.59699999999998,183.63699999999997,183.53999999999996,183.57599999999996,3357
2026-05-06T21:00:00+00:00,183.57599999999996,183.57599999999996,183.41299999999998,183.50499999999997,660.6121303833795
2026-05-06T21:30:00+00:00,183.50499999999997,183.54999999999998,183.43699999999998,183.456,1378.9958192788256
2026-05-06T22:00:00+00:00,183.456,183.617,183.456,183.61599999999999,1577
2026-05-06T22:30:00+00:00,183.61599999999999,183.63299999999998,183.56599999999997,183.6,2525
2026-05-06T23:00:00+00:00,183.6,183.69500000000002,183.537,183.68300000000002,3283.8930788837333
2026-05-06T23:30:00+00:00,183.68300000000002,183.775,183.65200000000002,183.77,4065
2026-05-07T00:00:00+00:00,183.77,183.775,183.50500000000002,183.672,15243
2026-05-07T00:30:00+00:00,183.672,183.732,183.51000000000002,183.548,12898
2026-05-07T01:00:00+00:00,183.548,183.56900000000002,183.389,183.48000000000002,12066
2026-05-07T01:30:00+00:00,183.48000000000002,183.595,183.4,183.583,10609
2026-05-07T02:00:00+00:00,183.583,183.61700000000002,183.52200000000002,183.58700000000002,7770
2026-05-07T02:30:00+00:00,183.58700000000002,183.702,183.537,183.686,7993
2026-05-07T03:00:00+00:00,183.686,183.692,183.61800000000002,183.62300000000002,4403
2026-05-07T03:30:00+00:00,183.62300000000002,183.684,183.58800000000002,183.66,4557
2026-05-07T04:00:00+00:00,183.66,183.67600000000002,183.586,183.64700000000002,5142
2026-05-07T04:30:00+00:00,183.64700000000002,183.65800000000002,183.58,183.622,4934
2026-05-07T05:00:00+00:00,183.622,183.675,183.58800000000002,183.667,4972
2026-05-07T05:30:00+00:00,183.667,183.686,183.613,183.657,5295
2026-05-07T06:00:00+00:00,183.657,183.68,183.609,183.61100000000002,7223
2026-05-07T06:30:00+00:00,183.61100000000002,183.622,183.40300000000002,183.502,14638
2026-05-07T07:00:00+00:00,183.502,183.63500000000002,183.422,183.591,19770
2026-05-07T07:30:00+00:00,183.591,183.77,183.571,183.762,12824
2026-05-07T08:00:00+00:00,183.762,183.803,183.699,183.75500000000002,13824
2026-05-07T08:30:00+00:00,183.75500000000002,183.918,183.738,183.911,9718
2026-05-07T09:00:00+00:00,183.911,183.98100000000002,183.894,183.947,11188
2026-05-07T09:30:00+00:00,183.947,184.025,183.93300000000002,183.949,11017
2026-05-07T10:00:00+00:00,183.949,184.059,183.912,183.953,9895
2026-05-07T10:30:00+00:00,183.953,183.97400000000002,183.89000000000001,183.923,10049
2026-05-07T11:00:00+00:00,183.923,183.935,183.835,183.84400000000002,8178
2026-05-07T11:30:00+00:00,183.84400000000002,183.979,183.823,183.977,8941
2026-05-07T12:00:00+00:00,183.977,183.985,183.875,183.905,10514
2026-05-07T12:30:00+00:00,183.905,183.95100000000002,183.87300000000002,183.882,11507
2026-05-07T13:00:00+00:00,183.882,183.964,183.87800000000001,183.955,13425
2026-05-07T13:30:00+00:00,183.955,183.99,183.876,183.87800000000001,14324
2026-05-07T14:00:00+00:00,183.87800000000001,183.966,183.86200000000002,183.90900000000002,13532
2026-05-07T14:30:00+00:00,183.90900000000002,184.01500000000001,183.80100000000002,183.89000000000001,14454
2026-05-07T15:00:00+00:00,183.89000000000001,184.006,183.89000000000001,183.94400000000002,14828
2026-05-07T15:30:00+00:00,183.94400000000002,184.05200000000002,183.93,183.977,10781
2026-05-07T16:00:00+00:00,183.977,184.078,183.972,184.074,13324
2026-05-07T16:30:00+00:00,184.074,184.116,184.032,184.101,9827
2026-05-07T17:00:00+00:00,184.101,184.132,184.02700000000002,184.031,12057
2026-05-07T17:30:00+00:00,184.031,184.074,183.924,183.966,14903
2026-05-07T18:00:00+00:00,183.966,184.014,183.918,184.012,7331
2026-05-07T18:30:00+00:00,184.012,184.114,184.006,184.07000000000002,12808
2026-05-07T19:00:00+00:00,184.07000000000002,184.089,183.96,183.985,12303
2026-05-07T19:30:00+00:00,183.985,184.02700000000002,183.94400000000002,183.96200000000002,8353
2026-05-07T20:00:00+00:00,183.96200000000002,184.032,183.934,183.98100000000002,7416
2026-05-07T20:30:00+00:00,183.98100000000002,183.988,183.82500000000002,183.851,6797
2026-05-07T21:00:00+00:00,183.851,183.888,183.74699999999999,183.886,485.6141968198523
2026-05-07T21:30:00+00:00,183.886,183.971,183.78799999999998,183.885,2288
2026-05-07T22:00:00+00:00,183.885,184.015,183.853,183.977,3078
2026-05-07T22:30:00+00:00,183.977,184.019,183.91899999999998,183.942,2927
2026-05-07T23:00:00+00:00,183.942,184.005,183.92,184,2182
2026-05-07T23:30:00+00:00,184,184.005,183.944,183.976,2396
2026-05-08T00:00:00+00:00,183.976,184.046,183.96,183.97299999999998,10022
2026-05-08T00:30:00+00:00,183.97299999999998,184.1,183.963,184.058,8715
2026-05-08T01:00:00+00:00,184.058,184.108,184.023,184.057,7830
2026-05-08T01:30:00+00:00,184.057,184.07399999999998,183.999,184.06799999999998,5654
2026-05-08T02:00:00+00:00,184.06799999999998,184.108,184.023,184.05599999999998,5430
2026-05-08T02:30:00+00:00,184.05599999999998,184.061,183.965,183.97299999999998,6699
2026-05-08T03:00:00+00:00,183.97299999999998,183.983,183.917,183.948,4695
2026-05-08T03:30:00+00:00,183.948,183.963,183.909,183.929,4985
2026-05-08T04:00:00+00:00,183.929,183.999,183.92499999999998,183.97899999999998,4802
2026-05-08T04:30:00+00:00,183.97899999999998,184.084,183.975,184.04999999999998,4778
2026-05-08T05:00:00+00:00,184.04999999999998,184.08599999999998,184.02599999999998,184.067,4944
2026-05-08T05:30:00+00:00,184.067,184.09199999999998,184.02599999999998,184.06199999999998,5392
2026-05-08T06:00:00+00:00,184.06199999999998,184.171,184.035,184.13,9219
2026-05-08T06:30:00+00:00,184.13,184.17499999999998,184.083,184.171,8447
2026-05-08T07:00:00+00:00,184.171,184.185,184.091,184.15099999999998,9764
2026-05-08T07:30:00+00:00,184.15099999999998,184.17,184.103,184.15,7357
2026-05-08T08:00:00+00:00,184.15,184.233,184.147,184.22299999999998,9467
2026-05-08T08:30:00+00:00,184.22299999999998,184.328,184.186,184.328,9832
2026-05-08T09:00:00+00:00,184.328,184.41,184.308,184.37,8440
2026-05-08T09:30:00+00:00,184.37,184.406,184.333,184.378,6488
2026-05-08T10:00:00+00:00,184.378,184.454,184.367,184.424,5535
2026-05-08T10:30:00+00:00,184.424,184.478,184.382,184.408,5974
2026-05-08T11:00:00+00:00,184.408,184.458,184.384,184.451,6849
2026-05-08T11:30:00+00:00,184.451,184.478,184.388,184.40699999999998,6999
2026-05-08T12:00:00+00:00,184.40699999999998,184.417,184.311,184.355,9122
2026-05-08T12:30:00+00:00,184.355,184.433,184.257,184.415,17176
2026-05-08T13:00:00+00:00,184.415,184.429,184.25799999999998,184.297,14846
2026-05-08T13:30:00+00:00,184.297,184.41,184.293,184.351,14772
2026-05-08T14:00:00+00:00,184.351,184.409,184.303,184.329,13673
2026-05-08T14:30:00+00:00,184.329,184.429,184.316,184.402,13475
2026-05-08T15:00:00+00:00,184.402,184.442,184.296,184.361,12398
2026-05-08T15:30:00+00:00,184.361,184.477,184.335,184.397,10529
2026-05-08T16:00:00+00:00,184.397,184.46699999999998,184.374,184.441,6378
2026-05-08T16:30:00+00:00,184.441,184.464,184.41299999999998,184.434,5090
2026-05-08T17:00:00+00:00,184.434,184.464,184.38899999999998,184.40099999999998,4899
2026-05-08T17:30:00+00:00,184.40099999999998,184.475,184.384,184.44299999999998,4449
2026-05-08T18:00:00+00:00,184.44299999999998,184.488,184.416,184.469,5997
2026-05-08T18:30:00+00:00,184.469,184.576,184.468,184.545,5471
2026-05-08T19:00:00+00:00,184.545,184.626,184.541,184.617,3973
2026-05-08T19:30:00+00:00,184.617,184.66,184.53799999999998,184.615,5716
2026-05-08T20:00:00+00:00,184.615,184.672,184.601,184.628,3243
2026-05-08T20:30:00+00:00,184.628,184.713,184.56799999999998,184.606,2933
2026-05-10T21:00:00+00:00,184.606,184.96800000000005,184.57500000000002,184.96700000000004,442.90266704187565
2026-05-10T21:30:00+00:00,184.96700000000004,185.27700000000007,184.93800000000005,185.22100000000006,825.0923989518276
2026-05-10T22:00:00+00:00,185.22100000000006,185.49800000000008,185.21900000000005,185.42500000000007,3827
2026-05-10T22:30:00+00:00,185.42500000000007,185.50000000000006,185.41900000000007,185.49500000000006,2342
2026-05-10T23:00:00+00:00,185.49500000000006,185.54500000000007,185.46000000000006,185.53700000000006,2304
2026-05-10T23:30:00+00:00,185.53700000000006,185.54600000000008,185.49700000000007,185.50500000000005,2318
2026-05-11T00:00:00+00:00,185.50500000000005,185.59400000000005,185.49900000000005,185.58300000000006,7993
2026-05-11T00:30:00+00:00,185.58300000000006,185.72400000000007,185.58000000000007,185.62900000000008,9705
2026-05-11T01:00:00+00:00,185.62900000000008,185.68500000000006,185.60100000000006,185.62000000000006,7898
2026-05-11T01:30:00+00:00,185.62000000000006,185.72000000000006,185.59500000000006,185.70800000000006,7169
2026-05-11T02:00:00+00:00,185.70800000000006,185.74000000000007,185.67200000000005,185.71700000000007,5017
2026-05-11T02:30:00+00:00,185.71700000000007,185.79300000000006,185.68900000000005,185.70800000000006,5759
2026-05-11T03:00:00+00:00,185.70800000000006,185.72200000000007,185.67200000000005,185.67600000000007,5111
2026-05-11T03:30:00+00:00,185.67600000000007,185.70300000000006,185.63900000000007,185.68100000000007,3676
2026-05-11T04:00:00+00:00,185.68100000000007,185.68600000000006,185.62400000000005,185.64100000000008,3968
2026-05-11T04:30:00+00:00,185.64100000000008,185.64600000000007,185.52700000000007,185.55000000000007,3283
2026-05-11T05:00:00+00:00,185.55000000000007,185.57700000000006,185.53100000000006,185.54100000000005,3692
2026-05-11T05:30:00+00:00,185.54100000000005,185.57900000000006,185.52200000000008,185.55300000000005,4338
2026-05-11T06:00:00+00:00,185.55300000000005,185.64100000000008,185.54100000000005,185.59100000000007,7740
2026-05-11T06:30:00+00:00,185.59100000000007,185.68900000000005,185.55900000000005,185.66600000000005,6749
2026-05-11T07:00:00+00:00,185.66600000000005,185.83900000000006,185.64600000000007,185.79300000000006,7272
2026-05-11T07:30:00+00:00,185.79300000000006,185.88700000000006,185.75800000000007,185.88300000000007,6057
2026-05-11T08:00:00+00:00,185.88300000000007,185.93900000000005,185.85600000000005,185.91400000000007,8652
2026-05-11T08:30:00+00:00,185.91400000000007,185.93300000000005,185.78400000000008,185.83300000000006,7059
2026-05-11T09:00:00+00:00,185.83300000000006,185.89100000000008,185.82700000000006,185.84700000000007,5690
2026-05-11T09:30:00+00:00,185.84700000000007,185.88800000000006,185.79500000000007,185.83900000000006,4932
2026-05-11T10:00:00+00:00,185.83900000000006,185.85000000000005,185.75600000000006,185.80700000000007,4913
2026-05-11T10:30:00+00:00,185.80700000000007,185.88500000000008,185.79800000000006,185.86300000000006,7644
2026-05-11T11:00:00+00:00,185.86300000000006,185.90200000000007,185.82600000000005,185.88300000000007,6221
2026-05-11T11:30:00+00:00,185.88300000000007,185.89100000000008,185.76200000000006,185.82300000000006,6511
2026-05-11T12:00:00+00:00,185.82300000000006,185.85800000000006,185.76100000000005,185.84500000000006,7552
2026-05-11T12:30:00+00:00,185.84500000000006,185.91500000000008,185.79800000000006,185.91400000000007,9453
2026-05-11T13:00:00+00:00,185.91400000000007,186.04500000000007,185.90800000000007,185.96800000000007,8543
2026-05-11T13:30:00+00:00,185.96800000000007,186.02600000000007,185.94100000000006,185.99200000000008,9634
2026-05-11T14:00:00+00:00,185.99200000000008,186.00500000000005,185.93600000000006,185.99600000000007,8117
2026-05-11T14:30:00+00:00,185.99600000000007,186.03500000000005,185.84400000000005,185.85500000000008,12463
2026-05-11T15:00:00+00:00,185.85500000000008,185.95800000000006,185.85000000000005,185.91200000000006,10446
2026-05-11T15:30:00+00:00,185.91200000000006,185.93500000000006,185.87800000000007,185.91800000000006,8224
2026-05-11T16:00:00+00:00,185.91800000000006,185.95700000000005,185.88900000000007,185.93200000000007,5124
2026-05-11T16:30:00+00:00,185.93200000000007,185.98600000000008,185.91500000000008,185.94400000000007,7039
2026-05-11T17:00:00+00:00,185.94400000000007,186.01300000000006,185.93000000000006,185.96400000000006,6982
2026-05-11T17:30:00+00:00,185.96400000000006,185.98900000000006,185.95000000000007,185.96600000000007,4985
2026-05-11T18:00:00+00:00,185.96600000000007,186.03400000000008,185.95900000000006,186.01300000000006,4064
2026-05-11T18:30:00+00:00,186.01300000000006,186.04800000000006,186.01000000000008,186.03100000000006,4204
2026-05-11T19:00:00+00:00,186.03100000000006,186.09700000000007,186.02400000000006,186.08700000000007,4123
2026-05-11T19:30:00+00:00,186.08700000000007,186.13800000000006,186.08200000000005,186.11000000000007,4172
2026-05-11T20:00:00+00:00,186.11000000000007,186.14700000000008,186.07900000000006,186.13400000000007,3497
2026-05-11T20:30:00+00:00,186.13400000000007,186.17400000000006,186.08600000000007,186.10600000000005,2226
2026-05-11T21:00:00+00:00,186.10600000000005,186.12400000000005,185.98700000000005,186.11000000000007,560
2026-05-11T21:30:00+00:00,186.11000000000007,186.12300000000008,186.03000000000006,186.07100000000005,1722
2026-05-11T22:00:00+00:00,186.07100000000005,186.21700000000007,186.07000000000005,186.21000000000006,1160
2026-05-11T22:30:00+00:00,186.21000000000006,186.21400000000006,186.17100000000008,186.18100000000007,1901
2026-05-11T23:00:00+00:00,186.18100000000007,186.19000000000005,186.14900000000006,186.15200000000007,2201
2026-05-11T23:30:00+00:00,186.15200000000007,186.15800000000007,186.10500000000008,186.12400000000005,2817
2026-05-12T00:00:00+00:00,186.12400000000005,186.13900000000007,186.08500000000006,186.11200000000005,6883
2026-05-12T00:30:00+00:00,186.11200000000005,186.17700000000008,186.10000000000005,186.15600000000006,7774
2026-05-12T01:00:00+00:00,186.15600000000006,186.22500000000005,186.12500000000006,186.22400000000007,9125
2026-05-12T01:30:00+00:00,186.22400000000007,186.25800000000007,186.16700000000006,186.20400000000006,8489
2026-05-12T02:00:00+00:00,186.20400000000006,186.25400000000008,186.19400000000007,186.24200000000008,3807
2026-05-12T02:30:00+00:00,186.24200000000008,186.31400000000005,186.23900000000006,186.28000000000006,4480
2026-05-12T03:00:00+00:00,186.28000000000006,186.28600000000006,186.16700000000006,186.17500000000007,3057
2026-05-12T03:30:00+00:00,186.17500000000007,186.25400000000008,186.17200000000005,186.21500000000006,3398
2026-05-12T04:00:00+00:00,186.21500000000006,186.25100000000006,186.20500000000007,186.23400000000007,4507
2026-05-12T04:30:00+00:00,186.23400000000007,186.26700000000005,186.15600000000006,186.19400000000007,3868
2026-05-12T05:00:00+00:00,186.19400000000007,186.27700000000007,186.19100000000006,186.25600000000006,4480
2026-05-12T05:30:00+00:00,186.25600000000006,186.37800000000007,185.32300000000006,185.93200000000007,11518
2026-05-12T06:00:00+00:00,185.93200000000007,186.02300000000005,185.68700000000007,186.01800000000006,17410
2026-05-12T06:30:00+00:00,186.01800000000006,186.06100000000006,185.86800000000005,185.99900000000005,10344
2026-05-12T07:00:00+00:00,185.99900000000005,186.04100000000005,185.85500000000008,185.93400000000005,11817
2026-05-12T07:30:00+00:00,185.93400000000005,185.97500000000005,185.84800000000007,185.95300000000006,9592
2026-05-12T08:00:00+00:00,185.95300000000006,186.09000000000006,185.89200000000005,186.07800000000006,11329
2026-05-12T08:30:00+00:00,186.07800000000006,186.08900000000006,185.96700000000007,186.03100000000006,9849
2026-05-12T09:00:00+00:00,186.03100000000006,186.12200000000007,186.02200000000008,186.03200000000007,8714
2026-05-12T09:30:00+00:00,186.03200000000007,186.09700000000007,185.99900000000005,186.01100000000005,9164
2026-05-12T10:00:00+00:00,186.01100000000005,186.07700000000006,185.99600000000007,186.01600000000008,5982
2026-05-12T10:30:00+00:00,186.01600000000008,186.02000000000007,185.90100000000007,185.90700000000007,8038
2026-05-12T11:00:00+00:00,185.90700000000007,185.94400000000007,185.84600000000006,185.92500000000007,9704
2026-05-12T11:30:00+00:00,185.92500000000007,185.99200000000008,185.90900000000008,185.97100000000006,8304
2026-05-12T12:00:00+00:00,185.97100000000006,185.99600000000007,185.88100000000006,185.91100000000006,10132
2026-05-12T12:30:00+00:00,185.91100000000006,186.03500000000005,185.87300000000008,186.01100000000005,12825
2026-05-12T13:00:00+00:00,186.01100000000005,186.04300000000006,185.84500000000006,185.91400000000007,14591
2026-05-12T13:30:00+00:00,185.91400000000007,185.96600000000007,185.81200000000007,185.84200000000007,14909
2026-05-12T14:00:00+00:00,185.84200000000007,185.87000000000006,185.78900000000007,185.83900000000006,12004
2026-05-12T14:30:00+00:00,185.83900000000006,185.92100000000008,185.79600000000008,185.90600000000006,13324
2026-05-12T15:00:00+00:00,185.90600000000006,185.93400000000005,185.81900000000007,185.86600000000007,13635
2026-05-12T15:30:00+00:00,185.86600000000007,185.97400000000007,185.86300000000006,185.95800000000006,9133
2026-05-12T16:00:00+00:00,185.95800000000006,186.03400000000008,185.94600000000005,185.99800000000008,5835
2026-05-12T16:30:00+00:00,185.99800000000008,185.99800000000008,185.92600000000007,185.93800000000007,7426
2026-05-12T17:00:00+00:00,185.93800000000007,185.95400000000006,185.89600000000007,185.90800000000007,6590
2026-05-12T17:30:00+00:00,185.90800000000007,185.95000000000007,185.90000000000006,185.94700000000006,4783
2026-05-12T18:00:00+00:00,185.94700000000006,185.96900000000005,185.86900000000006,185.88700000000006,6703
2026-05-12T18:30:00+00:00,185.88700000000006,185.96700000000007,185.88500000000008,185.94700000000006,5827
2026-05-12T19:00:00+00:00,185.94700000000006,185.97300000000007,185.92800000000005,185.93900000000005,4965
2026-05-12T19:30:00+00:00,185.93900000000005,185.99000000000007,185.92400000000006,185.99000000000007,5974
2026-05-12T20:00:00+00:00,185.99000000000007,185.99000000000007,185.93000000000006,185.96700000000007,2691
2026-05-12T20:30:00+00:00,185.96700000000007,185.99500000000006,185.90300000000008,185.90400000000005,3057
2026-05-12T21:00:00+00:00,185.90400000000005,185.91100000000006,185.77400000000006,185.84700000000007,452
2026-05-12T21:30:00+00:00,185.84700000000007,185.93800000000007,185.81600000000006,185.85600000000005,1327
2026-05-12T22:00:00+00:00,185.85600000000005,185.94100000000006,185.85500000000008,185.92600000000007,1026
2026-05-12T22:30:00+00:00,185.92600000000007,185.94600000000005,185.91800000000006,185.93000000000006,731
2026-05-12T23:00:00+00:00,185.93000000000006,185.94400000000007,185.90200000000007,185.92600000000007,1590
2026-05-12T23:30:00+00:00,185.92600000000007,185.96800000000007,185.87700000000007,185.94500000000005,2135
2026-05-13T00:00:00+00:00,185.94500000000005,185.97600000000006,185.92600000000007,185.94700000000006,6773
2026-05-13T00:30:00+00:00,185.94700000000006,186.06800000000007,185.93600000000006,186.04000000000008,8253
2026-05-13T01:00:00+00:00,186.04000000000008,186.07400000000007,185.90700000000007,185.97200000000007,8199
2026-05-13T01:30:00+00:00,185.97200000000007,186.01100000000005,185.92500000000007,185.98300000000006,6849
2026-05-13T02:00:00+00:00,185.98300000000006,186.05000000000007,185.93100000000007,186.00300000000007,5145
2026-05-13T02:30:00+00:00,186.00300000000007,186.02100000000007,185.95400000000006,185.96200000000007,3921
2026-05-13T03:00:00+00:00,185.96200000000007,185.96800000000007,185.90800000000007,185.93200000000007,4549
2026-05-13T03:30:00+00:00,185.93200000000007,185.96000000000006,185.93000000000006,185.94800000000006,3703
2026-05-13T04:00:00+00:00,185.94800000000006,185.97800000000007,185.94300000000007,185.97400000000007,2685
2026-05-13T04:30:00+00:00,185.97400000000007,186.00900000000007,185.97200000000007,185.99600000000007,3384
2026-05-13T05:00:00+00:00,185.99600000000007,186.03900000000007,185.99200000000008,186.01400000000007,3634
2026-05-13T05:30:00+00:00,186.01400000000007,186.02000000000007,185.94300000000007,185.94600000000005,4009
2026-05-13T06:00:00+00:00,185.94600000000005,185.98200000000006,185.85700000000006,185.89100000000008,6385
2026-05-13T06:30:00+00:00,185.89100000000008,185.89300000000006,185.76900000000006,185.82400000000007,6927
2026-05-13T07:00:00+00:00,185.82400000000007,185.83300000000006,185.68100000000007,185.68100000000007,7840
2026-05-13T07:30:00+00:00,185.68100000000007,185.77600000000007,185.65700000000007,185.69600000000005,7757
2026-05-13T08:00:00+00:00,185.69600000000005,185.70700000000005,185.60700000000006,185.67700000000008,7934
2026-05-13T08:30:00+00:00,185.67700000000008,185.70200000000006,185.54600000000008,185.59700000000007,8879
2026-05-13T09:00:00+00:00,185.59700000000007,185.63900000000007,185.55900000000005,185.57700000000006,7815
2026-05-13T09:30:00+00:00,185.57700000000006,185.70100000000005,185.56300000000007,185.68500000000006,7252
2026-05-13T10:00:00+00:00,185.68500000000006,185.69300000000007,185.58200000000005,185.68800000000007,9036
2026-05-13T10:30:00+00:00,185.68800000000007,185.79700000000005,185.67600000000007,185.76100000000005,7031
2026-05-13T11:00:00+00:00,185.76100000000005,185.80000000000007,185.74600000000007,185.75100000000006,6541
2026-05-13T11:30:00+00:00,185.75100000000006,185.78400000000008,185.68900000000005,185.69700000000006,6045
2026-05-13T12:00:00+00:00,185.69700000000006,185.75900000000007,185.62400000000005,185.62400000000005,7496
2026-05-13T12:30:00+00:00,185.62400000000005,185.73500000000007,185.58000000000007,185.62700000000007,11655
2026-05-13T13:00:00+00:00,185.62700000000007,185.68400000000005,185.61000000000007,185.62900000000008,10543
2026-05-13T13:30:00+00:00,185.62900000000008,185.70800000000006,185.61500000000007,185.67900000000006,12021
2026-05-13T14:00:00+00:00,185.67900000000006,185.75900000000007,185.64100000000008,185.73100000000005,11322
2026-05-13T14:30:00+00:00,185.73100000000005,185.77800000000008,185.65000000000006,185.74100000000007,11398
2026-05-13T15:00:00+00:00,185.74100000000007,185.81200000000007,185.72700000000006,185.78800000000007,9096
2026-05-13T15:30:00+00:00,185.78800000000007,185.80100000000007,185.74400000000006,185.76300000000006,9340
2026-05-13T16:00:00+00:00,185.76300000000006,185.79500000000007,185.73800000000006,185.76300000000006,7841
2026-05-13T16:30:00+00:00,185.76300000000006,185.78100000000006,185.73400000000007,185.74500000000006,7558
2026-05-13T17:00:00+00:00,185.74500000000006,185.77200000000008,185.73500000000007,185.75900000000007,4891
2026-05-13T17:30:00+00:00,185.75900000000007,185.77900000000005,185.74900000000005,185.75600000000006,3618
2026-05-13T18:00:00+00:00,185.75600000000006,185.78300000000007,185.75100000000006,185.76100000000005,4791
2026-05-13T18:30:00+00:00,185.76100000000005,185.78800000000007,185.73400000000007,185.77700000000007,5780
2026-05-13T19:00:00+00:00,185.77700000000007,185.81100000000006,185.76600000000008,185.77600000000007,4525
2026-05-13T19:30:00+00:00,185.77600000000007,185.82100000000005,185.76800000000006,185.78200000000007,4756
2026-05-13T20:00:00+00:00,185.78200000000007,185.85500000000008,185.77000000000007,185.82600000000005,3947
2026-05-13T20:30:00+00:00,185.82600000000005,185.86600000000007,185.74200000000008,185.74200000000008,2644
2026-05-13T21:00:00+00:00,185.74200000000008,185.83600000000007,185.62900000000008,185.70000000000007,761.1750866624993
2026-05-13T21:30:00+00:00,185.70000000000007,185.86000000000007,185.65200000000007,185.78500000000005,2388.764489697554
2026-05-13T22:00:00+00:00,185.78500000000005,185.86400000000006,185.77700000000007,185.83300000000006,1262
2026-05-13T22:30:00+00:00,185.83300000000006,185.85000000000005,185.82600000000005,185.84100000000007,699
2026-05-13T23:00:00+00:00,185.84100000000007,185.84500000000006,185.79200000000006,185.81800000000004,1777.9720493618815
2026-05-13T23:30:00+00:00,185.81800000000004,185.86600000000004,185.81400000000005,185.86400000000006,1830
2026-05-14T00:00:00+00:00,185.86400000000006,185.90300000000005,185.81700000000004,185.83100000000005,7139
2026-05-14T00:30:00+00:00,185.83100000000005,185.89000000000004,185.81400000000005,185.87700000000004,6449
2026-05-14T01:00:00+00:00,185.87700000000004,185.90500000000006,185.85700000000006,185.89300000000006,7719
2026-05-14T01:30:00+00:00,185.89300000000006,185.93400000000005,185.88600000000005,185.89500000000004,5784
2026-05-14T02:00:00+00:00,185.89500000000004,185.93800000000005,185.88400000000004,185.91100000000006,6227
2026-05-14T02:30:00+00:00,185.91100000000006,185.92300000000006,185.88100000000006,185.88400000000004,5335
2026-05-14T03:00:00+00:00,185.88400000000004,185.94400000000005,185.88300000000004,185.92900000000006,6099
2026-05-14T03:30:00+00:00,185.92900000000006,185.97100000000006,185.92200000000005,185.94200000000004,4297
2026-05-14T04:00:00+00:00,185.94200000000004,185.94800000000004,185.47100000000006,185.81300000000005,9593
2026-05-14T04:30:00+00:00,185.81300000000005,185.87300000000005,185.80400000000006,185.85400000000004,4638
2026-05-14T05:00:00+00:00,185.85400000000004,185.91900000000004,185.83800000000005,185.91500000000005,5448
2026-05-14T05:30:00+00:00,185.91500000000005,185.91600000000005,185.81300000000005,185.83200000000005,5338
2026-05-14T06:00:00+00:00,185.83200000000005,185.85400000000004,185.76100000000005,185.84200000000004,5487
2026-05-14T06:30:00+00:00,185.84200000000004,185.93900000000005,185.82900000000004,185.88500000000005,8954
2026-05-14T07:00:00+00:00,185.88500000000005,185.93600000000004,185.82800000000006,185.82900000000004,10208
2026-05-14T07:30:00+00:00,185.82900000000004,185.88900000000004,185.78100000000006,185.79800000000006,7659
2026-05-14T08:00:00+00:00,185.79800000000006,185.85000000000005,185.77300000000005,185.80800000000005,7390
2026-05-14T08:30:00+00:00,185.80800000000005,185.85700000000006,185.80600000000004,185.83900000000006,7105
2026-05-14T09:00:00+00:00,185.83900000000006,185.87300000000005,185.81900000000005,185.82000000000005,5943
2026-05-14T09:30:00+00:00,185.82000000000005,185.84000000000006,185.75900000000004,185.79500000000004,7739
2026-05-14T10:00:00+00:00,185.79500000000004,185.84300000000005,185.78600000000006,185.81000000000006,8303
2026-05-14T10:30:00+00:00,185.81000000000006,185.84200000000004,185.77500000000006,185.84100000000004,8060
2026-05-14T11:00:00+00:00,185.84100000000004,185.84400000000005,185.76800000000006,185.77200000000005,7992
2026-05-14T11:30:00+00:00,185.77200000000005,185.78400000000005,185.70500000000004,185.74900000000005,7065
2026-05-14T12:00:00+00:00,185.74900000000005,185.79300000000006,185.72300000000004,185.75200000000004,9800
2026-05-14T12:30:00+00:00,185.75200000000004,185.77300000000005,185.68600000000004,185.70700000000005,7118
2026-05-14T13:00:00+00:00,185.70700000000005,185.73200000000006,185.64200000000005,185.65800000000004,10508
2026-05-14T13:30:00+00:00,185.65800000000004,185.78100000000006,184.94200000000004,185.51200000000006,33292
2026-05-14T14:00:00+00:00,185.51200000000006,185.64500000000004,185.45500000000004,185.61900000000006,15902
2026-05-14T14:30:00+00:00,185.61900000000006,185.67300000000006,185.56600000000006,185.62500000000006,14964
2026-05-14T15:00:00+00:00,185.62500000000006,185.65100000000004,185.51600000000005,185.56000000000006,13587
2026-05-14T15:30:00+00:00,185.56000000000006,185.60300000000004,185.51200000000006,185.52700000000004,7295
2026-05-14T16:00:00+00:00,185.52700000000004,185.62400000000005,185.50900000000004,185.59900000000005,8982
2026-05-14T16:30:00+00:00,185.59900000000005,185.62300000000005,185.55200000000005,185.60500000000005,7429
2026-05-14T17:00:00+00:00,185.60500000000005,185.65100000000004,185.59900000000005,185.62800000000004,6442
2026-05-14T17:30:00+00:00,185.62800000000004,185.68600000000004,185.61600000000004,185.66100000000006,4505
2026-05-14T18:00:00+00:00,185.66100000000006,185.66500000000005,185.61600000000004,185.62600000000006,6965
2026-05-14T18:30:00+00:00,185.62600000000006,185.64600000000004,185.59900000000005,185.64400000000006,4560
2026-05-14T19:00:00+00:00,185.64400000000006,185.74700000000004,185.62800000000004,185.70900000000006,6027
2026-05-14T19:30:00+00:00,185.70900000000006,185.76200000000006,185.68700000000004,185.73800000000006,7501
2026-05-14T20:00:00+00:00,185.73800000000006,185.74900000000005,185.68600000000004,185.70900000000006,3408
2026-05-14T20:30:00+00:00,185.70900000000006,185.76300000000006,185.69000000000005,185.69000000000005,3147
2026-05-14T21:00:00+00:00,185.69000000000005,185.69900000000007,185.60100000000006,185.67900000000006,562.1707268514508
2026-05-14T21:30:00+00:00,185.67900000000006,185.72600000000006,185.66000000000005,185.69000000000005,1355
2026-05-14T22:00:00+00:00,185.69000000000005,185.75600000000006,185.67300000000006,185.74100000000007,1315
2026-05-14T22:30:00+00:00,185.74100000000007,185.76700000000005,185.73100000000005,185.73800000000006,713
2026-05-14T23:00:00+00:00,185.73800000000006,185.74300000000005,185.68800000000007,185.69500000000005,2305
2026-05-14T23:30:00+00:00,185.69500000000005,185.70100000000005,185.56900000000007,185.62600000000006,3444
2026-05-15T00:00:00+00:00,185.62600000000006,185.66100000000006,185.55500000000006,185.59200000000007,12245
2026-05-15T00:30:00+00:00,185.59200000000007,185.64300000000006,185.54900000000006,185.62500000000006,10916
2026-05-15T01:00:00+00:00,185.62500000000006,185.65700000000007,185.57400000000007,185.62700000000007,11071
2026-05-15T01:30:00+00:00,185.62700000000007,185.63100000000006,185.49300000000005,185.56200000000007,13244
2026-05-15T02:00:00+00:00,185.56200000000007,185.62400000000005,185.55800000000008,185.60200000000006,8848
2026-05-15T02:30:00+00:00,185.60200000000006,185.66900000000007,185.57400000000007,185.66300000000007,6987
2026-05-15T03:00:00+00:00,185.66300000000007,185.66800000000006,185.61300000000006,185.62300000000008,6065
2026-05-15T03:30:00+00:00,185.62300000000008,185.63400000000007,185.57100000000005,185.59600000000006,5003
2026-05-15T04:00:00+00:00,185.59600000000006,185.61500000000007,185.57400000000007,185.60200000000006,3748
2026-05-15T04:30:00+00:00,185.60200000000006,185.61700000000008,185.52400000000006,185.55600000000007,5980
2026-05-15T05:00:00+00:00,185.55600000000007,185.59700000000007,185.52300000000005,185.56800000000007,8674
2026-05-15T05:30:00+00:00,185.56800000000007,185.60300000000007,185.40900000000008,185.43200000000007,11355
2026-05-15T06:00:00+00:00,185.43200000000007,185.61700000000008,185.43000000000006,185.49400000000006,15556
2026-05-15T06:30:00+00:00,185.49400000000006,185.50000000000006,185.25400000000008,185.26000000000008,14929
2026-05-15T07:00:00+00:00,185.26000000000008,185.42000000000007,185.24900000000005,185.32300000000006,14696
2026-05-15T07:30:00+00:00,185.32300000000006,185.34300000000007,185.27000000000007,185.30500000000006,10938
2026-05-15T08:00:00+00:00,185.30500000000006,185.32500000000007,185.24200000000008,185.27700000000007,11209
2026-05-15T08:30:00+00:00,185.27700000000007,185.38900000000007,185.19200000000006,185.37800000000007,14592
2026-05-15T09:00:00+00:00,185.37800000000007,185.39800000000005,185.10000000000005,185.19600000000005,14974
2026-05-15T09:30:00+00:00,185.19600000000005,185.24600000000007,185.11700000000008,185.24600000000007,14729
2026-05-15T10:00:00+00:00,185.24600000000007,185.38400000000007,185.23600000000008,185.35600000000005,13418
2026-05-15T10:30:00+00:00,185.35600000000005,185.48500000000007,185.34800000000007,185.41200000000006,18932
2026-05-15T11:00:00+00:00,185.41200000000006,185.46700000000007,185.37500000000006,185.43600000000006,10958
2026-05-15T11:30:00+00:00,185.43600000000006,185.45900000000006,185.33200000000005,185.36800000000005,9601
2026-05-15T12:00:00+00:00,185.36800000000005,185.37500000000006,185.23700000000005,185.28000000000006,9664
2026-05-15T12:30:00+00:00,185.28000000000006,185.32300000000006,185.17300000000006,185.28900000000007,9843
2026-05-15T13:00:00+00:00,185.28900000000007,185.37200000000007,185.23400000000007,185.33800000000005,11225
2026-05-15T13:30:00+00:00,185.33800000000005,185.43200000000007,185.32000000000005,185.37300000000008,15565
2026-05-15T14:00:00+00:00,185.37300000000008,185.52700000000007,185.37200000000007,185.49100000000007,17173
2026-05-15T14:30:00+00:00,185.49100000000007,185.52100000000007,185.35500000000008,185.36100000000008,13228
2026-05-15T15:00:00+00:00,185.36100000000008,185.42600000000007,185.31800000000007,185.35800000000006,13180
2026-05-15T15:30:00+00:00,185.35800000000006,185.44600000000005,185.35000000000005,185.43300000000008,10080
2026-05-15T16:00:00+00:00,185.43300000000008,185.46100000000007,185.39000000000007,185.44900000000007,7627
2026-05-15T16:30:00+00:00,185.44900000000007,185.51300000000006,185.42800000000005,185.50300000000007,6632
2026-05-15T17:00:00+00:00,185.50300000000007,185.52700000000007,185.47700000000006,185.49900000000005,6722
2026-05-15T17:30:00+00:00,185.49900000000005,185.52000000000007,185.46400000000006,185.47900000000007,6596
2026-05-15T18:00:00+00:00,185.47900000000007,185.48100000000005,185.36200000000005,185.36800000000005,8106.62577587933
2026-05-15T18:30:00+00:00,185.36800000000005,185.42100000000005,185.33400000000006,185.36600000000004,7609
2026-05-15T19:00:00+00:00,185.36600000000004,185.39500000000004,185.34700000000004,185.38000000000005,4317
2026-05-15T19:30:00+00:00,185.38000000000005,185.44500000000005,185.36800000000005,185.43700000000004,4809
2026-05-15T20:00:00+00:00,185.43700000000004,185.51300000000006,185.40800000000004,185.46500000000006,3867
2026-05-15T20:30:00+00:00,185.46500000000006,185.52500000000006,185.44400000000005,185.45800000000006,3042
2026-05-17T21:00:00+00:00,185.45800000000006,185.5250000000001,185.35300000000007,185.5250000000001,221.45862144314825
2026-05-17T21:30:00+00:00,185.5250000000001,185.5510000000001,185.22500000000014,185.23700000000014,611.5135446412793
2026-05-17T22:00:00+00:00,185.23700000000014,185.43800000000013,185.2200000000001,185.39900000000011,2247
2026-05-17T22:30:00+00:00,185.39900000000011,185.43000000000012,185.38300000000012,185.41400000000013,1983
2026-05-17T23:00:00+00:00,185.41400000000013,185.42900000000014,185.37500000000014,185.41200000000012,3154
2026-05-17T23:30:00+00:00,185.41200000000012,185.43000000000012,185.33100000000013,185.33900000000014,5800
2026-05-18T00:00:00+00:00,185.33900000000014,185.44700000000014,185.32600000000014,185.33700000000013,11895
2026-05-18T00:30:00+00:00,185.33700000000013,185.40500000000014,185.30900000000014,185.40100000000012,10705
2026-05-18T01:00:00+00:00,185.40100000000012,185.43300000000013,185.33500000000012,185.43300000000013,11145
2026-05-18T01:30:00+00:00,185.43300000000013,185.50200000000012,185.41100000000014,185.49300000000014,9533
2026-05-18T02:00:00+00:00,185.49300000000014,185.50000000000014,185.40800000000013,185.47400000000013,7658
2026-05-18T02:30:00+00:00,185.47400000000013,185.48400000000012,185.43000000000012,185.44100000000014,6996
2026-05-18T03:00:00+00:00,185.44100000000014,185.54100000000014,185.43800000000013,185.53800000000012,4943
2026-05-18T03:30:00+00:00,185.53800000000012,185.69700000000014,185.52000000000012,185.68600000000012,6239
2026-05-18T04:00:00+00:00,185.68600000000012,185.73600000000013,185.49300000000014,185.63800000000012,6432
2026-05-18T04:30:00+00:00,185.63800000000012,185.64100000000013,185.54600000000013,185.60400000000013,4930
2026-05-18T05:00:00+00:00,185.60400000000013,185.61600000000013,185.53800000000012,185.56300000000013,6983
2026-05-18T05:30:00+00:00,185.56300000000013,185.60800000000012,185.52400000000014,185.59800000000013,7956
2026-05-18T06:00:00+00:00,185.59800000000013,185.64800000000014,185.54800000000014,185.64200000000014,9684
2026-05-18T06:30:00+00:00,185.64200000000014,185.74300000000014,185.61900000000014,185.74000000000012,9267
2026-05-18T07:00:00+00:00,185.74000000000012,185.79500000000013,185.69200000000012,185.69200000000012,10127
2026-05-18T07:30:00+00:00,185.69200000000012,185.76000000000013,185.66900000000012,185.71100000000013,12189
2026-05-18T08:00:00+00:00,185.71100000000013,185.73100000000014,185.66300000000012,185.69800000000012,9189
2026-05-18T08:30:00+00:00,185.69800000000012,185.78300000000013,185.67800000000014,185.75100000000012,9196
2026-05-18T09:00:00+00:00,185.75100000000012,185.79600000000013,185.72500000000014,185.76500000000013,8209
2026-05-18T09:30:00+00:00,185.76500000000013,185.78500000000014,185.73800000000014,185.77500000000012,6676
2026-05-18T10:00:00+00:00,185.77500000000012,185.80000000000013,185.71200000000013,185.75700000000012,6409
2026-05-18T10:30:00+00:00,185.75700000000012,185.76900000000012,185.63400000000013,185.64200000000014,6279
2026-05-18T11:00:00+00:00,185.64200000000014,185.73600000000013,185.63200000000012,185.71400000000014,7869
2026-05-18T11:30:00+00:00,185.71400000000014,185.82400000000013,185.69800000000012,185.76500000000013,17561
2026-05-18T12:00:00+00:00,185.76500000000013,185.82800000000015,185.75900000000013,185.82500000000013,10596
2026-05-18T12:30:00+00:00,185.82500000000013,185.88900000000012,185.74700000000013,185.74900000000014,16931
2026-05-18T13:00:00+00:00,185.74900000000014,185.79000000000013,185.73000000000013,185.78400000000013,13541
2026-05-18T13:30:00+00:00,185.78400000000013,185.82800000000015,185.71100000000013,185.81300000000013,16126
2026-05-18T14:00:00+00:00,185.81300000000013,185.87200000000013,185.79400000000012,185.84800000000013,17460
2026-05-18T14:30:00+00:00,185.84800000000013,185.89700000000013,185.77700000000013,185.77700000000013,13924
2026-05-18T15:00:00+00:00,185.77700000000013,185.83400000000015,185.74300000000014,185.78900000000013,15893
2026-05-18T15:30:00+00:00,185.78900000000013,185.91400000000013,185.74900000000014,185.87000000000012,12005
2026-05-18T16:00:00+00:00,185.87000000000012,186.00700000000012,185.81300000000013,186.00000000000014,12970
2026-05-18T16:30:00+00:00,186.00000000000014,186.06700000000012,185.97800000000012,186.03500000000014,9192
2026-05-18T17:00:00+00:00,186.03500000000014,186.05000000000013,185.98900000000012,186.03200000000012,7497
2026-05-18T17:30:00+00:00,186.03200000000012,186.03900000000013,185.96100000000013,185.96100000000013,5173
2026-05-18T18:00:00+00:00,185.96100000000013,185.98900000000012,185.90000000000012,185.91700000000014,7876
2026-05-18T18:30:00+00:00,185.91700000000014,185.93100000000013,185.83500000000012,185.84600000000015,6753
2026-05-18T19:00:00+00:00,185.84600000000015,185.96500000000015,185.84600000000015,185.94300000000013,17521
2026-05-18T19:30:00+00:00,185.94300000000013,185.99800000000013,185.94000000000014,185.97600000000014,8629
2026-05-18T20:00:00+00:00,185.97600000000014,186.05400000000014,185.95600000000013,186.01300000000012,5235
2026-05-18T20:30:00+00:00,186.01300000000012,186.03000000000014,185.92100000000013,185.96900000000014,3920
2026-05-18T21:00:00+00:00,185.96900000000014,185.96900000000014,185.83100000000013,185.83100000000013,303
2026-05-18T21:30:00+00:00,185.83100000000013,185.98400000000012,185.83100000000013,185.93300000000013,1805
2026-05-18T22:00:00+00:00,185.93300000000013,186.01300000000012,185.92500000000013,186.01300000000012,1359
2026-05-18T22:30:00+00:00,186.01300000000012,186.01900000000012,185.99400000000014,186.01100000000014,679
2026-05-18T23:00:00+00:00,186.01100000000014,186.03500000000014,185.97200000000012,185.99500000000012,1437
2026-05-18T23:30:00+00:00,185.99500000000012,186.01900000000012,185.97400000000013,186.01100000000014,2350
2026-05-19T00:00:00+00:00,186.01100000000014,186.06600000000014,185.95200000000014,186.01900000000012,8174
2026-05-19T00:30:00+00:00,186.01900000000012,186.04500000000013,185.95900000000015,186.01400000000012,8046
2026-05-19T01:00:00+00:00,186.01400000000012,186.01800000000014,185.97000000000014,185.99100000000013,6847
2026-05-19T01:30:00+00:00,185.99100000000013,186.02500000000012,185.95900000000015,186.01200000000014,6965
2026-05-19T02:00:00+00:00,186.01200000000014,186.01400000000012,185.94200000000012,185.98400000000012,6414
2026-05-19T02:30:00+00:00,185.98400000000012,185.99500000000012,185.93100000000013,185.94000000000014,5142
2026-05-19T03:00:00+00:00,185.94000000000014,185.95500000000013,185.91500000000013,185.94300000000013,4700
2026-05-19T03:30:00+00:00,185.94300000000013,185.95100000000014,185.89700000000013,185.89800000000014,3803
2026-05-19T04:00:00+00:00,185.89800000000014,185.90400000000014,185.85800000000012,185.88400000000013,3801
2026-05-19T04:30:00+00:00,185.88400000000013,185.91300000000012,185.84200000000013,185.87500000000014,4523
2026-05-19T05:00:00+00:00,185.87500000000014,185.89600000000013,185.82000000000014,185.85800000000015,4851
2026-05-19T05:30:00+00:00,185.85800000000015,186.00200000000012,185.84500000000014,185.97100000000012,5487
2026-05-19T06:00:00+00:00,185.97100000000012,186.04700000000014,185.94100000000012,186.01800000000014,7685
2026-05-19T06:30:00+00:00,186.01800000000014,186.03800000000012,185.93500000000012,185.96500000000012,7387
2026-05-19T07:00:00+00:00,185.96500000000012,186.02500000000012,185.89800000000014,185.92300000000012,10071
2026-05-19T07:30:00+00:00,185.92300000000012,185.93500000000012,185.85300000000012,185.90300000000013,9833
2026-05-19T08:00:00+00:00,185.90300000000013,185.91200000000012,185.78500000000014,185.86800000000014,11786
2026-05-19T08:30:00+00:00,185.86800000000014,185.90300000000016,185.78300000000016,185.84200000000016,9936
2026-05-19T09:00:00+00:00,185.84200000000016,185.84600000000015,185.68200000000016,185.73300000000015,9878
2026-05-19T09:30:00+00:00,185.73300000000015,185.76000000000016,185.69600000000014,185.72700000000015,8759
2026-05-19T10:00:00+00:00,185.72700000000015,185.80300000000014,185.70800000000014,185.79000000000016,8200
2026-05-19T10:30:00+00:00,185.79000000000016,185.80900000000014,185.67200000000014,185.76300000000015,13348
2026-05-19T11:00:00+00:00,185.76300000000015,185.78800000000015,185.72200000000015,185.74000000000015,10034
2026-05-19T11:30:00+00:00,185.74000000000015,185.78400000000013,185.71500000000015,185.71900000000014,7845
2026-05-19T12:00:00+00:00,185.71900000000014,185.80400000000014,185.69600000000014,185.78800000000015,8887
2026-05-19T12:30:00+00:00,185.78800000000015,185.79500000000016,185.23100000000014,185.64600000000016,18633
2026-05-19T13:00:00+00:00,185.64600000000016,185.73200000000014,185.58200000000014,185.60800000000015,15378
2026-05-19T13:30:00+00:00,185.60800000000015,185.61300000000014,185.41400000000016,185.58100000000016,19609
2026-05-19T14:00:00+00:00,185.58100000000016,185.64500000000015,185.49000000000015,185.53900000000016,19158
2026-05-19T14:30:00+00:00,185.53900000000016,185.54800000000014,185.28700000000015,185.31100000000015,19254
2026-05-19T15:00:00+00:00,185.31100000000015,185.42500000000015,185.21800000000016,185.40800000000016,14946
2026-05-19T15:30:00+00:00,185.40800000000016,185.50500000000014,185.39300000000014,185.47100000000015,10711
2026-05-19T16:00:00+00:00,185.47100000000015,185.47600000000014,185.06900000000016,185.26400000000015,17454
2026-05-19T16:30:00+00:00,185.26400000000015,185.27400000000014,185.17300000000014,185.20700000000014,9289
2026-05-19T17:00:00+00:00,185.20700000000014,185.29000000000013,185.20200000000014,185.26000000000013,7156
2026-05-19T17:30:00+00:00,185.26000000000013,185.32600000000014,185.20300000000015,185.31400000000014,7975
2026-05-19T18:00:00+00:00,185.31400000000014,185.46800000000016,185.31100000000015,185.44400000000016,9640
2026-05-19T18:30:00+00:00,185.44400000000016,185.48100000000014,185.40600000000015,185.40600000000015,9230
2026-05-19T19:00:00+00:00,185.40600000000015,185.44800000000015,185.40600000000015,185.43900000000014,6189
2026-05-19T19:30:00+00:00,185.43900000000014,185.46800000000016,185.40300000000013,185.46700000000016,5360
2026-05-19T20:00:00+00:00,185.46700000000016,185.48600000000016,185.44100000000014,185.47500000000014,3157
2026-05-19T20:30:00+00:00,185.47500000000014,185.50600000000014,185.42700000000013,185.42700000000013,3135
2026-05-19T21:00:00+00:00,185.42700000000013,185.50400000000016,185.37000000000015,185.50000000000017,658.783329206248
2026-05-19T21:30:00+00:00,185.50000000000017,185.52300000000017,185.46000000000015,185.49400000000017,1324.9123146747352
2026-05-19T22:00:00+00:00,185.49400000000017,185.56800000000015,185.47200000000015,185.55300000000017,1435
2026-05-19T22:30:00+00:00,185.55300000000017,185.55400000000014,185.51400000000015,185.53500000000017,1143
2026-05-19T23:00:00+00:00,185.53500000000017,185.54100000000017,185.48900000000015,185.52700000000016,1651
2026-05-19T23:30:00+00:00,185.52700000000016,185.53800000000015,185.47600000000017,185.47800000000015,3355
2026-05-20T00:00:00+00:00,185.47800000000015,185.52400000000014,185.46500000000015,185.51400000000015,12473
2026-05-20T00:30:00+00:00,185.51400000000015,185.53000000000014,185.33200000000016,185.34100000000015,11018
2026-05-20T01:00:00+00:00,185.34100000000015,185.38500000000016,185.33200000000016,185.34600000000015,9940
2026-05-20T01:30:00+00:00,185.34600000000015,185.35100000000017,185.27000000000015,185.32000000000016,10330
2026-05-20T02:00:00+00:00,185.32000000000016,185.35000000000016,185.17500000000015,185.26300000000015,7400
2026-05-20T02:30:00+00:00,185.26300000000015,185.26600000000016,185.17500000000015,185.20000000000016,8928
2026-05-20T03:00:00+00:00,185.20000000000016,185.24500000000015,185.16800000000015,185.23600000000016,6658
2026-05-20T03:30:00+00:00,185.23600000000016,185.26200000000014,185.20400000000015,185.21400000000017,7175
2026-05-20T04:00:00+00:00,185.21400000000017,185.26200000000014,185.19900000000015,185.25100000000015,5756
2026-05-20T04:30:00+00:00,185.25100000000015,185.29800000000014,185.20300000000015,185.25900000000016,6647
2026-05-20T05:00:00+00:00,185.25900000000016,185.30100000000016,185.19100000000014,185.19500000000016,6487
2026-05-20T05:30:00+00:00,185.19500000000016,185.23600000000016,185.15500000000014,185.21200000000016,6778
2026-05-20T06:00:00+00:00,185.21200000000016,185.29500000000016,185.19100000000014,185.27400000000014,10478
2026-05-20T06:30:00+00:00,185.27400000000014,185.28800000000015,185.20700000000016,185.24500000000015,9856
2026-05-20T07:00:00+00:00,185.24500000000015,185.29100000000017,185.22400000000016,185.24400000000017,11239
2026-05-20T07:30:00+00:00,185.24400000000017,185.29800000000014,185.22500000000016,185.28600000000014,9959
2026-05-20T08:00:00+00:00,185.28600000000014,185.29800000000014,185.15700000000015,185.22500000000016,12512
2026-05-20T08:30:00+00:00,185.22500000000016,185.29000000000016,185.19100000000014,185.22700000000015,10687
2026-05-20T09:00:00+00:00,185.22700000000015,185.26800000000014,185.20100000000016,185.25800000000015,8075
2026-05-20T09:30:00+00:00,185.25800000000015,185.28000000000014,185.21000000000015,185.21200000000016,6284
2026-05-20T10:00:00+00:00,185.21200000000016,185.32300000000015,185.20100000000016,185.29400000000015,6251
2026-05-20T10:30:00+00:00,185.29400000000015,185.35100000000017,185.28300000000016,185.33300000000017,7876
2026-05-20T11:00:00+00:00,185.33300000000017,185.37500000000017,185.26800000000014,185.37200000000016,6843
2026-05-20T11:30:00+00:00,185.37200000000016,185.38800000000015,185.32900000000015,185.37400000000017,8543
2026-05-20T12:00:00+00:00,185.37400000000017,185.40800000000016,185.29500000000016,185.32500000000016,8805
2026-05-20T12:30:00+00:00,185.32500000000016,185.34400000000016,185.24800000000016,185.26600000000016,8158
2026-05-20T13:00:00+00:00,185.26600000000016,185.28100000000015,185.22300000000016,185.25800000000015,7280
2026-05-20T13:30:00+00:00,185.25800000000015,185.32200000000014,185.23100000000017,185.30000000000015,13034
2026-05-20T14:00:00+00:00,185.30000000000015,185.55800000000016,185.23800000000017,185.46300000000016,26503
2026-05-20T14:30:00+00:00,185.46300000000016,185.57700000000017,185.41700000000014,185.46000000000015,25822
2026-05-20T15:00:00+00:00,185.46000000000015,185.57000000000016,185.39700000000016,185.49700000000016,26727
2026-05-20T15:30:00+00:00,185.49700000000016,185.53100000000015,185.41400000000016,185.44800000000015,16462
2026-05-20T16:00:00+00:00,185.44800000000015,185.56800000000015,185.44200000000015,185.56400000000016,13811
2026-05-20T16:30:00+00:00,185.56400000000016,185.57200000000014,185.51100000000017,185.53600000000014,13338
2026-05-20T17:00:00+00:00,185.53600000000014,185.55300000000017,185.49200000000016,185.54400000000015,10563
2026-05-20T17:30:00+00:00,185.54400000000015,185.60100000000017,185.51500000000016,185.51500000000016,9665
2026-05-20T18:00:00+00:00,185.51500000000016,185.59300000000016,185.51300000000015,185.59200000000016,9019
2026-05-20T18:30:00+00:00,185.59200000000016,185.67000000000016,185.57700000000017,185.63100000000017,7333
2026-05-20T19:00:00+00:00,185.63100000000017,185.66400000000016,185.60400000000016,185.63300000000015,5431
2026-05-20T19:30:00+00:00,185.63300000000015,185.66700000000014,185.59300000000016,185.60100000000017,6891
2026-05-20T20:00:00+00:00,185.60100000000017,185.63500000000016,185.58400000000015,185.61800000000017,4449
2026-05-20T20:30:00+00:00,185.61800000000017,185.64600000000016,185.56700000000015,185.56700000000015,3947
2026-05-20T21:00:00+00:00,185.56700000000015,185.57200000000014,185.45100000000014,185.52400000000014,905.7410104672731
2026-05-20T21:30:00+00:00,185.52400000000014,185.55200000000013,185.50600000000014,185.52100000000016,1563
2026-05-20T22:00:00+00:00,185.52100000000016,185.59400000000014,185.50700000000015,185.58600000000015,1558
2026-05-20T22:30:00+00:00,185.58600000000015,185.58700000000016,185.55600000000015,185.57600000000014,897
2026-05-20T23:00:00+00:00,185.57600000000014,185.59600000000015,185.54900000000015,185.58700000000016,1452
2026-05-20T23:30:00+00:00,185.58700000000016,185.60500000000016,185.57500000000016,185.58700000000016,2132
2026-05-21T00:00:00+00:00,185.58700000000016,185.62700000000015,185.57500000000016,185.60500000000016,7549
2026-05-21T00:30:00+00:00,185.60500000000016,185.63700000000014,185.57300000000015,185.61500000000015,8445
2026-05-21T01:00:00+00:00,185.61500000000015,185.69300000000015,185.61400000000015,185.66000000000014,5426
2026-05-21T01:30:00+00:00,185.66000000000014,185.68100000000015,185.55900000000014,185.60300000000015,9403
2026-05-21T02:00:00+00:00,185.60300000000015,185.63000000000014,185.55100000000016,185.56100000000018,5932
2026-05-21T02:30:00+00:00,185.56100000000018,185.58400000000017,185.50600000000017,185.57200000000017,6168
2026-05-21T03:00:00+00:00,185.57200000000017,185.61300000000017,185.56400000000016,185.56600000000017,3415
2026-05-21T03:30:00+00:00,185.56600000000017,185.61000000000016,185.53400000000016,185.58600000000015,3230
2026-05-21T04:00:00+00:00,185.58600000000015,185.61900000000017,185.57600000000016,185.60300000000018,5599
2026-05-21T04:30:00+00:00,185.60300000000018,185.68200000000016,185.59900000000016,185.67200000000017,3290
2026-05-21T05:00:00+00:00,185.67200000000017,185.69800000000018,185.65300000000016,185.65900000000016,5301
2026-05-21T05:30:00+00:00,185.65900000000016,185.70400000000018,185.63400000000016,185.67600000000016,4668
2026-05-21T06:00:00+00:00,185.67600000000016,185.76300000000018,185.66700000000017,185.76200000000017,5362
2026-05-21T06:30:00+00:00,185.76200000000017,185.76900000000018,185.64500000000015,185.71400000000017,5861
2026-05-21T07:00:00+00:00,185.71400000000017,185.72100000000017,185.28400000000016,185.34200000000016,18247
2026-05-21T07:30:00+00:00,185.34200000000016,185.50600000000017,185.33000000000015,185.46900000000016,17435
2026-05-21T08:00:00+00:00,185.46900000000016,185.82200000000017,185.41100000000017,185.80000000000015,18615
2026-05-21T08:30:00+00:00,185.80000000000015,185.80000000000015,185.60900000000018,185.67500000000015,13565
2026-05-21T09:00:00+00:00,185.67500000000015,185.74600000000018,185.63100000000017,185.74300000000017,10224
2026-05-21T09:30:00+00:00,185.74300000000017,185.76700000000017,185.67200000000017,185.72700000000017,8573
2026-05-21T10:00:00+00:00,185.72700000000017,185.78900000000016,185.53400000000016,185.58900000000017,13279
2026-05-21T10:30:00+00:00,185.58900000000017,185.62500000000017,185.44700000000017,185.58100000000016,16481
2026-05-21T11:00:00+00:00,185.58100000000016,185.63000000000017,185.52900000000017,185.59700000000018,10027
2026-05-21T11:30:00+00:00,185.59700000000018,185.62000000000018,185.43700000000015,185.48400000000018,7215
2026-05-21T12:00:00+00:00,185.48400000000018,185.53900000000016,185.41400000000016,185.43600000000018,9688
2026-05-21T12:30:00+00:00,185.43600000000018,185.58000000000015,185.43600000000018,185.46800000000016,16008
2026-05-21T13:00:00+00:00,185.46800000000016,185.50000000000017,185.38900000000018,185.39600000000016,12671
2026-05-21T13:30:00+00:00,185.39600000000016,185.51800000000017,185.27300000000017,185.46200000000016,17984
2026-05-21T14:00:00+00:00,185.46200000000016,185.52000000000015,185.35700000000017,185.38200000000018,19486
2026-05-21T14:30:00+00:00,185.38200000000018,185.46100000000015,185.32800000000017,185.39900000000017,16827
2026-05-21T15:00:00+00:00,185.39900000000017,185.44500000000016,185.29300000000018,185.30900000000017,17430
2026-05-21T15:30:00+00:00,185.30900000000017,185.35500000000016,185.27400000000017,185.33300000000017,11140
2026-05-21T16:00:00+00:00,185.33300000000017,185.40400000000017,185.28500000000017,185.39300000000017,11417
2026-05-21T16:30:00+00:00,185.39300000000017,185.43500000000017,185.38500000000016,185.41100000000017,6793
2026-05-21T17:00:00+00:00,185.41100000000017,185.56600000000017,185.38100000000017,185.55600000000015,21598
2026-05-21T17:30:00+00:00,185.55600000000015,185.63500000000016,185.49600000000018,185.58500000000018,13938
2026-05-21T18:00:00+00:00,185.58500000000018,185.65200000000016,185.57200000000017,185.63700000000017,12311
2026-05-21T18:30:00+00:00,185.63700000000017,185.65100000000015,185.52400000000017,185.59200000000016,13568
2026-05-21T19:00:00+00:00,185.59200000000016,185.62500000000017,185.57400000000015,185.61400000000017,8517
2026-05-21T19:30:00+00:00,185.61400000000017,185.61800000000017,185.53000000000017,185.56800000000015,9752
2026-05-21T20:00:00+00:00,185.56800000000015,185.59700000000018,185.53500000000017,185.58300000000017,3919
2026-05-21T20:30:00+00:00,185.58300000000017,185.60600000000017,185.53200000000015,185.53900000000016,3464
2026-05-21T21:00:00+00:00,185.53900000000016,185.56000000000017,185.4030000000002,185.5290000000002,729.6720084390694
2026-05-21T21:30:00+00:00,185.5290000000002,185.5520000000002,185.4770000000002,185.4900000000002,1099
2026-05-21T22:00:00+00:00,185.4900000000002,185.5610000000002,185.4890000000002,185.5500000000002,978
2026-05-21T22:30:00+00:00,185.5500000000002,185.5620000000002,185.5330000000002,185.5580000000002,986
2026-05-21T23:00:00+00:00,185.5580000000002,185.5770000000002,185.5180000000002,185.5390000000002,1523
2026-05-21T23:30:00+00:00,185.5390000000002,185.59200000000018,185.5310000000002,185.5820000000002,1720
2026-05-22T00:00:00+00:00,185.5820000000002,185.6000000000002,185.5430000000002,185.5830000000002,6594
2026-05-22T00:30:00+00:00,185.5830000000002,185.62800000000018,185.5330000000002,185.6020000000002,6292
2026-05-22T01:00:00+00:00,185.6020000000002,185.6380000000002,185.5760000000002,185.5930000000002,4957
2026-05-22T01:30:00+00:00,185.5930000000002,185.6020000000002,185.5380000000002,185.5430000000002,4543
2026-05-22T02:00:00+00:00,185.5430000000002,185.5580000000002,185.5220000000002,185.5380000000002,4332
2026-05-22T02:30:00+00:00,185.5380000000002,185.5510000000002,185.4710000000002,185.4930000000002,4219
2026-05-22T03:00:00+00:00,185.4930000000002,185.5040000000002,185.4540000000002,185.4810000000002,4503
2026-05-22T03:30:00+00:00,185.4810000000002,185.5060000000002,185.4800000000002,185.50300000000018,3057
2026-05-22T04:00:00+00:00,185.50300000000018,185.5310000000002,185.4820000000002,185.5300000000002,2595
2026-05-22T04:30:00+00:00,185.5300000000002,185.5960000000002,185.5250000000002,185.5890000000002,3379
2026-05-22T05:00:00+00:00,185.5890000000002,185.6180000000002,185.5840000000002,185.6010000000002,3784
2026-05-22T05:30:00+00:00,185.6010000000002,185.6320000000002,185.5330000000002,185.5730000000002,5377
2026-05-22T06:00:00+00:00,185.5730000000002,185.61000000000018,185.5100000000002,185.5510000000002,6568
2026-05-22T06:30:00+00:00,185.5510000000002,185.5780000000002,185.4770000000002,185.5490000000002,7643
2026-05-22T07:00:00+00:00,185.5490000000002,185.5490000000002,185.4520000000002,185.5430000000002,5359
2026-05-22T07:30:00+00:00,185.5430000000002,185.5670000000002,185.4930000000002,185.5500000000002,6002
2026-05-22T08:00:00+00:00,185.5500000000002,185.5890000000002,185.49700000000018,185.5500000000002,10811
2026-05-22T08:30:00+00:00,185.5500000000002,185.5660000000002,185.4620000000002,185.49700000000018,9345
2026-05-22T09:00:00+00:00,185.49700000000018,185.5120000000002,185.3690000000002,185.4170000000002,7334
2026-05-22T09:30:00+00:00,185.4170000000002,185.4940000000002,185.3850000000002,185.4560000000002,7355
2026-05-22T10:00:00+00:00,185.4560000000002,185.4940000000002,185.4000000000002,185.4000000000002,6779
2026-05-22T10:30:00+00:00,185.4000000000002,185.4190000000002,185.3360000000002,185.37200000000018,6176
2026-05-22T11:00:00+00:00,185.37200000000018,185.3750000000002,185.3200000000002,185.3260000000002,5533
2026-05-22T11:30:00+00:00,185.3260000000002,185.4460000000002,185.3220000000002,185.37200000000018,8675
2026-05-22T12:00:00+00:00,185.37200000000018,185.4760000000002,185.3490000000002,185.3810000000002,15817
2026-05-22T12:30:00+00:00,185.3810000000002,185.4480000000002,185.3680000000002,185.4240000000002,7328
2026-05-22T13:00:00+00:00,185.4240000000002,185.5610000000002,185.4140000000002,185.5170000000002,14384
2026-05-22T13:30:00+00:00,185.5170000000002,185.5200000000002,185.4140000000002,185.4260000000002,13268
2026-05-22T14:00:00+00:00,185.4260000000002,185.4470000000002,185.27700000000019,185.3950000000002,12369
2026-05-22T14:30:00+00:00,185.3950000000002,185.4540000000002,185.3520000000002,185.3520000000002,12467
2026-05-22T15:00:00+00:00,185.3520000000002,185.4890000000002,185.3400000000002,185.4600000000002,10267
2026-05-22T15:30:00+00:00,185.4600000000002,185.5870000000002,185.4380000000002,185.5420000000002,8962
2026-05-22T16:00:00+00:00,185.5420000000002,185.6240000000002,185.5110000000002,185.6080000000002,5756
2026-05-22T16:30:00+00:00,185.6080000000002,185.6550000000002,185.5760000000002,185.6500000000002,4735
2026-05-22T17:00:00+00:00,185.6500000000002,185.6900000000002,185.6060000000002,185.64000000000019,8846
2026-05-22T17:30:00+00:00,185.64000000000019,185.6550000000002,185.5820000000002,185.6310000000002,10241
2026-05-22T18:00:00+00:00,185.6310000000002,185.6510000000002,185.5950000000002,185.6120000000002,6209
2026-05-22T18:30:00+00:00,185.6120000000002,185.64600000000019,185.5910000000002,185.6110000000002,4885
2026-05-22T19:00:00+00:00,185.6110000000002,185.6230000000002,185.5650000000002,185.5680000000002,5234
2026-05-22T19:30:00+00:00,185.5680000000002,185.5730000000002,185.5320000000002,185.5560000000002,4261
2026-05-22T20:00:00+00:00,185.5560000000002,185.5710000000002,185.4980000000002,185.5230000000002,3546
2026-05-22T20:30:00+00:00,185.5230000000002,185.5400000000002,184.691,184.69899999999998,2901
2026-05-24T21:00:00+00:00,184.69899999999998,184.8329999999999,184.69699999999997,184.81299999999987,301.3389709878264
2026-05-24T21:30:00+00:00,184.81299999999987,184.86599999999987,184.6499999999999,184.6859999999999,1357.0159267042272
2026-05-24T22:00:00+00:00,184.6859999999999,184.9469999999999,184.6859999999999,184.9419999999999,5948
2026-05-24T22:30:00+00:00,184.9419999999999,185.0019999999999,184.9169999999999,185.0009999999999,3574
2026-05-24T23:00:00+00:00,185.0009999999999,185.04099999999988,184.9889999999999,185.0299999999999,2296
2026-05-24T23:30:00+00:00,185.0299999999999,185.0859999999999,185.01699999999988,185.0659999999999,3246
2026-05-25T00:00:00+00:00,185.0659999999999,185.0729999999999,184.95699999999988,184.99799999999988,6471
2026-05-25T00:30:00+00:00,184.99799999999988,185.0609999999999,184.91499999999988,184.9239999999999,8061
2026-05-25T01:00:00+00:00,184.9239999999999,184.95099999999988,184.8879999999999,184.9129999999999,8625
2026-05-25T01:30:00+00:00,184.9129999999999,184.9359999999999,184.8529999999999,184.9289999999999,6639
2026-05-25T02:00:00+00:00,184.9289999999999,184.96199999999988,184.91399999999987,184.9409999999999,4710
2026-05-25T02:30:00+00:00,184.9409999999999,184.94999999999987,184.8709999999999,184.8819999999999,3764
2026-05-25T03:00:00+00:00,184.8819999999999,184.91999999999987,184.8639999999999,184.8959999999999,5681
2026-05-25T03:30:00+00:00,184.8959999999999,184.92099999999988,184.8889999999999,184.9129999999999,4866
2026-05-25T04:00:00+00:00,184.9129999999999,184.94499999999988,184.8889999999999,184.9419999999999,3740
2026-05-25T04:30:00+00:00,184.9419999999999,184.9839999999999,184.9239999999999,184.9609999999999,4390
2026-05-25T05:00:00+00:00,184.9609999999999,184.9959999999999,184.93199999999987,184.9839999999999,4965
2026-05-25T05:30:00+00:00,184.9839999999999,185.0059999999999,184.96799999999988,184.9909999999999,5008
2026-05-25T06:00:00+00:00,184.9909999999999,185.0029999999999,184.9479999999999,184.9769999999999,7210
2026-05-25T06:30:00+00:00,184.9769999999999,185.06399999999988,184.9469999999999,184.9949999999999,6592
2026-05-25T07:00:00+00:00,184.9949999999999,185.04099999999988,184.9599999999999,185.0199999999999,9203
2026-05-25T07:30:00+00:00,185.0199999999999,185.03499999999988,184.96199999999988,185.0139999999999,7272
2026-05-25T08:00:00+00:00,185.0139999999999,185.03299999999987,184.9609999999999,185.02199999999988,5822
2026-05-25T08:30:00+00:00,185.02199999999988,185.09899999999988,185.0179999999999,185.0489999999999,6934
2026-05-25T09:00:00+00:00,185.0489999999999,185.0659999999999,185.01599999999988,185.0419999999999,4991
2026-05-25T09:30:00+00:00,185.0419999999999,185.0729999999999,185.0199999999999,185.0249999999999,4191
2026-05-25T10:00:00+00:00,185.0249999999999,185.0839999999999,185.0209999999999,185.0419999999999,4474
2026-05-25T10:30:00+00:00,185.0419999999999,185.07599999999988,185.0359999999999,185.06899999999987,4185
2026-05-25T11:00:00+00:00,185.06899999999987,185.0909999999999,185.03999999999988,185.0839999999999,4815
2026-05-25T11:30:00+00:00,185.0839999999999,185.13499999999988,185.07099999999988,185.07599999999988,7746
2026-05-25T12:00:00+00:00,185.07599999999988,185.08799999999988,185.0419999999999,185.0549999999999,7207
2026-05-25T12:30:00+00:00,185.0549999999999,185.1549999999999,185.05299999999988,185.1089999999999,7076
2026-05-25T13:00:00+00:00,185.1089999999999,185.1269999999999,185.04699999999988,185.0479999999999,6843
2026-05-25T13:30:00+00:00,185.0479999999999,185.0499999999999,184.9709999999999,184.97599999999989,6074
2026-05-25T14:00:00+00:00,184.97599999999989,185.0199999999999,184.96399999999988,185.0029999999999,4581
2026-05-25T14:30:00+00:00,185.0029999999999,185.0799999999999,184.9889999999999,185.0309999999999,7115
2026-05-25T15:00:00+00:00,185.0309999999999,185.10699999999989,185.01099999999988,185.0719999999999,9112
2026-05-25T15:30:00+00:00,185.0719999999999,185.0739999999999,185.0019999999999,185.00399999999988,3996
2026-05-25T16:00:00+00:00,185.00399999999988,185.0239999999999,184.95199999999988,184.96399999999988,4065
2026-05-25T16:30:00+00:00,184.96399999999988,184.9909999999999,184.9359999999999,184.9829999999999,4047
2026-05-25T17:00:00+00:00,184.9829999999999,185.0359999999999,184.96999999999989,185.0309999999999,2327
2026-05-25T17:30:00+00:00,185.0309999999999,185.0309999999999,184.9999999999999,185.0189999999999,1811
2026-05-25T18:00:00+00:00,185.0189999999999,185.0249999999999,184.99899999999988,185.0119999999999,1810
2026-05-25T18:30:00+00:00,185.0119999999999,185.0379999999999,185.0019999999999,185.0309999999999,1231
2026-05-25T19:00:00+00:00,185.0309999999999,185.03499999999988,185.00399999999988,185.02199999999988,1323
2026-05-25T19:30:00+00:00,185.02199999999988,185.0359999999999,185.0079999999999,185.02299999999988,1515
2026-05-25T20:00:00+00:00,185.02299999999988,185.05099999999987,185.0189999999999,185.05099999999987,1715
2026-05-25T20:30:00+00:00,185.05099999999987,185.0549999999999,184.98599999999988,184.98599999999988,2551
2026-05-25T21:00:00+00:00,184.98599999999988,184.98599999999988,184.76599999999985,184.82399999999984,323.767709731796
2026-05-25T21:30:00+00:00,184.82399999999984,184.88299999999987,184.76999999999987,184.83799999999985,2802
2026-05-25T22:00:00+00:00,184.83799999999985,184.94599999999986,184.83799999999985,184.90099999999987,1377
2026-05-25T22:30:00+00:00,184.90099999999987,184.93099999999984,184.89399999999986,184.92099999999985,752
2026-05-25T23:00:00+00:00,184.92099999999985,184.97099999999986,184.91899999999987,184.93899999999985,1655
2026-05-25T23:30:00+00:00,184.93899999999985,184.94999999999985,184.85899999999987,184.87599999999986,2536
2026-05-26T00:00:00+00:00,184.87599999999986,184.94499999999985,184.86199999999985,184.90099999999987,7810
2026-05-26T00:30:00+00:00,184.90099999999987,184.95799999999986,184.85399999999984,184.93999999999986,6058
2026-05-26T01:00:00+00:00,184.93999999999986,184.95699999999985,184.88299999999987,184.88399999999984,7172
2026-05-26T01:30:00+00:00,184.88399999999984,184.89299999999986,184.80999999999986,184.85599999999985,5307
2026-05-26T02:00:00+00:00,184.85599999999985,184.86299999999986,184.81099999999986,184.82199999999986,3577
2026-05-26T02:30:00+00:00,184.82199999999986,184.84999999999985,184.81399999999985,184.83299999999986,4199
2026-05-26T03:00:00+00:00,184.83299999999986,184.85199999999986,184.81499999999986,184.82499999999985,2989
2026-05-26T03:30:00+00:00,184.82499999999985,184.86299999999986,184.81799999999984,184.85799999999986,2951
2026-05-26T04:00:00+00:00,184.85799999999986,184.85899999999987,184.80799999999985,184.81499999999986,2593
2026-05-26T04:30:00+00:00,184.81499999999986,184.85899999999987,184.80299999999986,184.83399999999986,3784
2026-05-26T05:00:00+00:00,184.83399999999986,184.84099999999987,184.79999999999987,184.83299999999986,5049
2026-05-26T05:30:00+00:00,184.83299999999986,184.84599999999986,184.81299999999985,184.83399999999986,3768
2026-05-26T06:00:00+00:00,184.83399999999986,184.96099999999984,184.81899999999985,184.95399999999987,6913
2026-05-26T06:30:00+00:00,184.95399999999987,185.06699999999987,184.95399999999987,185.02599999999987,8893
2026-05-26T07:00:00+00:00,185.02599999999987,185.09599999999986,184.93499999999986,185.09399999999985,8056
2026-05-26T07:30:00+00:00,185.09399999999985,185.19599999999986,185.07599999999985,185.17699999999985,7331
2026-05-26T08:00:00+00:00,185.17699999999985,185.27299999999985,185.16399999999985,185.24199999999985,6128
2026-05-26T08:30:00+00:00,185.24199999999985,185.27599999999987,185.15399999999985,185.18199999999985,5866
2026-05-26T09:00:00+00:00,185.18199999999985,185.23799999999986,185.10699999999986,185.23399999999987,6870
2026-05-26T09:30:00+00:00,185.23399999999987,185.25899999999984,185.20399999999987,185.22299999999984,6396
2026-05-26T10:00:00+00:00,185.22299999999984,185.23499999999984,185.18199999999985,185.19699999999986,6609
2026-05-26T10:30:00+00:00,185.19699999999986,185.21199999999985,185.10499999999985,185.18799999999985,9754
2026-05-26T11:00:00+00:00,185.18799999999985,185.23699999999985,185.16299999999987,185.16899999999987,6250
2026-05-26T11:30:00+00:00,185.16899999999987,185.20299999999986,185.11999999999986,185.13099999999986,9137
2026-05-26T12:00:00+00:00,185.13099999999986,185.16399999999985,185.10399999999984,185.16099999999986,8145
2026-05-26T12:30:00+00:00,185.16099999999986,185.16599999999985,185.10499999999985,185.12999999999985,7249
2026-05-26T13:00:00+00:00,185.12999999999985,185.17199999999985,185.08299999999986,185.08599999999984,6748
2026-05-26T13:30:00+00:00,185.08599999999984,185.15399999999985,184.97499999999985,185.07999999999984,11691
2026-05-26T14:00:00+00:00,185.07999999999984,185.13799999999986,185.00399999999985,185.04999999999987,11211
2026-05-26T14:30:00+00:00,185.04999999999987,185.13799999999986,185.01899999999986,185.12899999999985,11909
2026-05-26T15:00:00+00:00,185.12899999999985,185.14199999999985,185.03899999999985,185.08699999999985,11456
2026-05-26T15:30:00+00:00,185.08699999999985,185.12099999999987,185.01999999999987,185.08599999999984,7453
2026-05-26T16:00:00+00:00,185.08599999999984,185.15699999999987,185.07099999999986,185.15499999999986,4705
2026-05-26T16:30:00+00:00,185.15499999999986,185.17099999999985,185.08299999999986,185.09699999999987,4676
2026-05-26T17:00:00+00:00,185.09699999999987,185.14599999999984,185.06599999999986,185.10999999999984,5177
2026-05-26T17:30:00+00:00,185.10999999999984,185.17099999999985,185.09899999999985,185.16099999999986,4823
2026-05-26T18:00:00+00:00,185.16099999999986,185.17999999999986,185.14999999999986,185.17099999999985,4430
2026-05-26T18:30:00+00:00,185.17099999999985,185.21799999999985,185.15499999999986,185.21399999999986,4744
2026-05-26T19:00:00+00:00,185.21399999999986,185.21999999999986,185.17999999999986,185.21099999999984,2892
2026-05-26T19:30:00+00:00,185.21099999999984,185.23599999999985,185.19499999999985,185.23599999999985,3141
2026-05-26T20:00:00+00:00,185.23599999999985,185.24299999999985,185.19799999999987,185.19899999999984,2065
2026-05-26T20:30:00+00:00,185.19899999999984,185.23799999999986,185.18199999999985,185.18499999999986,2508
2026-05-26T21:00:00+00:00,185.18499999999986,185.18499999999986,185.06499999999986,185.17899999999986,605
2026-05-26T21:30:00+00:00,185.17899999999986,185.19299999999984,185.10899999999987,185.12299999999985,2306
2026-05-26T22:00:00+00:00,185.12299999999985,185.22499999999985,185.11999999999986,185.21599999999987,1608
2026-05-26T22:30:00+00:00,185.21599999999987,185.22199999999987,185.17899999999986,185.18099999999987,487.4027482097929
2026-05-26T23:00:00+00:00,185.18099999999987,185.23099999999985,185.18099999999987,185.22999999999985,1220
2026-05-26T23:30:00+00:00,185.22999999999985,185.24199999999985,185.21699999999987,185.22999999999985,1727
2026-05-27T00:00:00+00:00,185.22999999999985,185.24499999999986,185.18999999999986,185.21599999999987,5120
2026-05-27T00:30:00+00:00,185.21599999999987,185.33899999999986,185.20399999999987,185.28699999999986,7089
2026-05-27T01:00:00+00:00,185.28699999999986,185.30099999999987,185.21199999999985,185.22799999999987,4948
2026-05-27T01:30:00+00:00,185.22799999999987,185.25199999999987,185.19899999999987,185.24499999999986,5959
2026-05-27T02:00:00+00:00,185.24499999999986,185.29199999999986,185.22499999999985,185.25199999999987,6765
2026-05-27T02:30:00+00:00,185.25199999999987,185.25699999999986,185.19999999999985,185.22899999999987,4401
2026-05-27T03:00:00+00:00,185.22899999999987,185.26099999999985,185.19299999999987,185.21099999999987,4510
2026-05-27T03:30:00+00:00,185.21099999999987,185.22899999999987,185.19299999999987,185.21199999999985,3254
2026-05-27T04:00:00+00:00,185.21199999999985,185.25499999999985,185.20699999999985,185.24499999999986,2903
2026-05-27T04:30:00+00:00,185.24499999999986,185.30599999999987,185.23799999999986,185.29699999999985,3704
2026-05-27T05:00:00+00:00,185.29699999999985,185.37099999999987,185.28999999999985,185.36399999999986,4080
2026-05-27T05:30:00+00:00,185.36399999999986,185.41899999999987,185.34199999999987,185.39499999999987,5186
2026-05-27T06:00:00+00:00,185.39499999999987,185.42199999999985,185.37099999999987,185.40099999999987,5702
2026-05-27T06:30:00+00:00,185.40099999999987,185.50399999999985,185.38899999999987,185.49299999999985,4705
2026-05-27T07:00:00+00:00,185.49299999999985,185.54099999999985,185.41999999999987,185.48299999999986,6053
2026-05-27T07:30:00+00:00,185.48299999999986,185.50399999999985,185.41199999999986,185.41899999999987,5794
2026-05-27T08:00:00+00:00,185.41899999999987,185.62599999999986,185.37899999999985,185.61499999999987,7916
2026-05-27T08:30:00+00:00,185.61499999999987,185.61899999999986,185.49499999999986,185.52999999999986,6638
2026-05-27T09:00:00+00:00,185.52999999999986,185.53399999999985,185.43999999999986,185.46999999999986,6527
2026-05-27T09:30:00+00:00,185.46999999999986,185.51499999999987,185.45099999999985,185.48299999999986,4742
2026-05-27T10:00:00+00:00,185.48299999999986,185.48399999999987,185.38299999999987,185.39299999999986,5960
2026-05-27T10:30:00+00:00,185.39299999999986,185.43899999999985,185.36999999999986,185.42499999999987,6177
2026-05-27T11:00:00+00:00,185.42499999999987,185.47599999999986,185.40699999999987,185.44699999999986,6358
2026-05-27T11:30:00+00:00,185.44699999999986,185.49199999999985,185.39799999999985,185.45999999999987,7463
2026-05-27T12:00:00+00:00,185.45999999999987,185.64299999999986,185.42399999999986,185.63299999999987,20718
2026-05-27T12:30:00+00:00,185.63299999999987,185.70499999999987,185.51299999999986,185.53799999999987,15770
2026-05-27T13:00:00+00:00,185.53799999999987,185.58999999999986,185.47899999999987,185.49699999999987,13747
2026-05-27T13:30:00+00:00,185.49699999999987,185.57099999999986,185.41599999999985,185.46099999999987,18257
2026-05-27T14:00:00+00:00,185.46099999999987,185.62199999999987,185.41199999999986,185.59799999999987,14799
2026-05-27T14:30:00+00:00,185.59799999999987,185.66899999999987,185.33599999999987,185.35799999999986,22419
2026-05-27T15:00:00+00:00,185.35799999999986,185.45599999999985,185.32599999999985,185.44399999999985,11613
2026-05-27T15:30:00+00:00,185.44399999999985,185.44799999999987,185.35999999999987,185.38599999999985,9346
2026-05-27T16:00:00+00:00,185.38599999999985,185.44499999999985,185.34099999999987,185.39899999999986,7262
2026-05-27T16:30:00+00:00,185.39899999999986,185.45699999999985,185.38799999999986,185.44799999999987,5135
2026-05-27T17:00:00+00:00,185.44799999999987,185.46799999999985,185.34699999999987,185.39599999999987,6627
2026-05-27T17:30:00+00:00,185.39599999999987,185.41599999999985,185.35499999999985,185.40199999999987,5449
2026-05-27T18:00:00+00:00,185.40199999999987,185.40499999999986,185.34899999999985,185.36799999999985,5595
2026-05-27T18:30:00+00:00,185.36799999999985,185.43299999999985,185.35799999999986,185.41399999999987,4462
2026-05-27T19:00:00+00:00,185.41399999999987,185.47199999999987,185.40699999999987,185.45699999999985,4584
2026-05-27T19:30:00+00:00,185.45699999999985,185.46099999999987,185.41399999999987,185.44299999999987,3712
2026-05-27T20:00:00+00:00,185.44299999999987,185.45299999999986,185.40799999999987,185.41099999999986,2122
2026-05-27T20:30:00+00:00,185.41099999999986,185.43799999999985,185.33399999999986,185.33999999999986,2685
2026-05-27T21:00:00+00:00,185.33999999999986,185.38799999999992,185.30199999999985,185.38099999999991,815.2196046371283
2026-05-27T21:30:00+00:00,185.38099999999991,185.3959999999999,185.3349999999999,185.39299999999992,1914.552669039146
2026-05-27T22:00:00+00:00,185.39299999999992,185.4489999999999,185.3619999999999,185.4179999999999,1530
2026-05-27T22:30:00+00:00,185.4179999999999,185.4419999999999,185.39299999999992,185.3969999999999,838
2026-05-27T23:00:00+00:00,185.3969999999999,185.43799999999993,185.37099999999992,185.37699999999992,2191.6583732057416
2026-05-27T23:30:00+00:00,185.37699999999992,185.38999999999993,185.31099999999995,185.33599999999993,3501
2026-05-28T00:00:00+00:00,185.33599999999993,185.41399999999993,185.32899999999995,185.40299999999993,5745
2026-05-28T00:30:00+00:00,185.40299999999993,185.40999999999994,185.33199999999994,185.37199999999993,6021
2026-05-28T01:00:00+00:00,185.37199999999993,185.38199999999995,185.33099999999993,185.33499999999995,5439
2026-05-28T01:30:00+00:00,185.33499999999995,185.34699999999992,185.22899999999993,185.24099999999993,5328
2026-05-28T02:00:00+00:00,185.24099999999993,185.26899999999995,185.23499999999993,185.24099999999993,4569
2026-05-28T02:30:00+00:00,185.24099999999993,185.25899999999993,185.22099999999995,185.24799999999993,4561
2026-05-28T03:00:00+00:00,185.24799999999993,185.25599999999994,185.08899999999994,185.09599999999995,7335
2026-05-28T03:30:00+00:00,185.09599999999995,185.09799999999993,184.91099999999994,184.91199999999995,10071
2026-05-28T04:00:00+00:00,184.91199999999995,184.92699999999994,184.85699999999994,184.86399999999995,7470
2026-05-28T04:30:00+00:00,184.86399999999995,184.95999999999995,184.85499999999993,184.93599999999995,4691
2026-05-28T05:00:00+00:00,184.93599999999995,184.97799999999992,184.87499999999994,184.96399999999994,6135
2026-05-28T05:30:00+00:00,184.96399999999994,185.06199999999993,184.96199999999993,185.03699999999995,5309
2026-05-28T06:00:00+00:00,185.03699999999995,185.14099999999993,185.02899999999994,185.11799999999994,7120
2026-05-28T06:30:00+00:00,185.11799999999994,185.14999999999995,185.06399999999994,185.12699999999992,6808
2026-05-28T07:00:00+00:00,185.12699999999992,185.22199999999992,185.11999999999995,185.18699999999993,7396
2026-05-28T07:30:00+00:00,185.18699999999993,185.20699999999994,185.13399999999993,185.13799999999995,7587
2026-05-28T08:00:00+00:00,185.13799999999995,185.18399999999994,185.10899999999992,185.13599999999994,8562
2026-05-28T08:30:00+00:00,185.13599999999994,185.19799999999995,185.11199999999994,185.17699999999994,6319
2026-05-28T09:00:00+00:00,185.17699999999994,185.20099999999994,185.11399999999995,185.13899999999992,7024
2026-05-28T09:30:00+00:00,185.13899999999992,185.15799999999993,185.08799999999994,185.08999999999995,6022
2026-05-28T10:00:00+00:00,185.08999999999995,185.09799999999993,185.01199999999994,185.08499999999995,7324
2026-05-28T10:30:00+00:00,185.08499999999995,185.08499999999995,184.99199999999993,184.99399999999994,7988
2026-05-28T11:00:00+00:00,184.99399999999994,185.09799999999993,184.98099999999994,185.09499999999994,7124
2026-05-28T11:30:00+00:00,185.09499999999994,185.28599999999994,185.05599999999993,185.20099999999994,8126
2026-05-28T12:00:00+00:00,185.20099999999994,185.29799999999994,185.17399999999995,185.25599999999994,9363
2026-05-28T12:30:00+00:00,185.25599999999994,185.41199999999995,185.21999999999994,185.40699999999993,11965
2026-05-28T13:00:00+00:00,185.40699999999993,185.46799999999993,185.35799999999995,185.37399999999994,10165
2026-05-28T13:30:00+00:00,185.37399999999994,185.48799999999994,185.36899999999994,185.40999999999994,11353
2026-05-28T14:00:00+00:00,185.40999999999994,185.61599999999993,185.37999999999994,185.54399999999993,24342
2026-05-28T14:30:00+00:00,185.54399999999993,185.57199999999995,185.39999999999995,185.42299999999994,21757
2026-05-28T15:00:00+00:00,185.42299999999994,185.50999999999993,185.42099999999994,185.48599999999993,12687
2026-05-28T15:30:00+00:00,185.48599999999993,185.56999999999994,185.47099999999995,185.50499999999994,9308
2026-05-28T16:00:00+00:00,185.50499999999994,185.58099999999993,185.46099999999993,185.50799999999992,11144
2026-05-28T16:30:00+00:00,185.50799999999992,185.57599999999994,185.45499999999993,185.49599999999992,9852
2026-05-28T17:00:00+00:00,185.49599999999992,185.50399999999993,185.46599999999995,185.48599999999993,6343
2026-05-28T17:30:00+00:00,185.48599999999993,185.49999999999994,185.44599999999994,185.47999999999993,5121
2026-05-28T18:00:00+00:00,185.47999999999993,185.49599999999992,185.44099999999995,185.46699999999993,8726
2026-05-28T18:30:00+00:00,185.46699999999993,185.49099999999993,185.45699999999994,185.46099999999993,5980
2026-05-28T19:00:00+00:00,185.46099999999993,185.48599999999993,185.45599999999993,185.46899999999994,4288
2026-05-28T19:30:00+00:00,185.46899999999994,185.47699999999995,185.42999999999995,185.44699999999995,6653
2026-05-28T20:00:00+00:00,185.44699999999995,185.45999999999995,185.40599999999995,185.44399999999993,2769
2026-05-28T20:30:00+00:00,185.44399999999993,185.47899999999993,185.44299999999993,185.47299999999993,2511
2026-05-28T21:00:00+00:00,185.47299999999993,185.48199999999994,185.37399999999994,185.44699999999995,546.9452452917926
2026-05-28T21:30:00+00:00,185.44699999999995,185.48299999999995,185.44199999999995,185.47399999999993,1628
2026-05-28T22:00:00+00:00,185.47399999999993,185.51999999999995,185.46099999999996,185.51399999999995,1347.6638976415545
2026-05-28T22:30:00+00:00,185.51399999999995,185.53099999999995,185.47699999999995,185.50499999999994,873
2026-05-28T23:00:00+00:00,185.50499999999994,185.52899999999994,185.48899999999995,185.49599999999995,1725
2026-05-28T23:30:00+00:00,185.49599999999995,185.54899999999995,185.46799999999993,185.54799999999994,2730
2026-05-29T00:00:00+00:00,185.54799999999994,185.60599999999994,185.53399999999993,185.57299999999995,6871
2026-05-29T00:30:00+00:00,185.57299999999995,185.58199999999994,185.50599999999994,185.50899999999993,6684
2026-05-29T01:00:00+00:00,185.50899999999993,185.60399999999993,185.50499999999994,185.57799999999995,7868
2026-05-29T01:30:00+00:00,185.57799999999995,185.57799999999995,185.46299999999994,185.47899999999993,6253
2026-05-29T02:00:00+00:00,185.47899999999993,185.51199999999994,185.44899999999996,185.48599999999993,4816
2026-05-29T02:30:00+00:00,185.48599999999993,185.51899999999995,185.45499999999996,185.47899999999993,3808
2026-05-29T03:00:00+00:00,185.47899999999993,185.48599999999993,185.42299999999994,185.44499999999994,5385
2026-05-29T03:30:00+00:00,185.44499999999994,185.44899999999996,185.37499999999994,185.40999999999994,4797
2026-05-29T04:00:00+00:00,185.40999999999994,185.45699999999994,185.35699999999994,185.36399999999995,4496
2026-05-29T04:30:00+00:00,185.36399999999995,185.39699999999993,185.35099999999994,185.37299999999993,3476
2026-05-29T05:00:00+00:00,185.37299999999993,185.43899999999994,185.35999999999993,185.40899999999993,3868
2026-05-29T05:30:00+00:00,185.40899999999993,185.45199999999994,185.36999999999995,185.43099999999995,4487
2026-05-29T06:00:00+00:00,185.43099999999995,185.51599999999993,185.42799999999994,185.47999999999993,4779
2026-05-29T06:30:00+00:00,185.47999999999993,185.53499999999994,185.46499999999995,185.49599999999995,8985
2026-05-29T07:00:00+00:00,185.49599999999995,185.51799999999994,185.37699999999995,185.41099999999994,9124
2026-05-29T07:30:00+00:00,185.41099999999994,185.44899999999996,185.35199999999995,185.38099999999994,8919
2026-05-29T08:00:00+00:00,185.38099999999994,185.38099999999994,185.19799999999995,185.33899999999994,9334
2026-05-29T08:30:00+00:00,185.33899999999994,185.35899999999995,185.14299999999994,185.18999999999994,9543
2026-05-29T09:00:00+00:00,185.18999999999994,185.31499999999994,185.16299999999995,185.26999999999995,10094
2026-05-29T09:30:00+00:00,185.26999999999995,185.41199999999995,185.24299999999994,185.40599999999995,8622
2026-05-29T10:00:00+00:00,185.40599999999995,185.45299999999995,185.35699999999994,185.39799999999994,8130
2026-05-29T10:30:00+00:00,185.39799999999994,185.43299999999994,185.36999999999995,185.41899999999995,7231
2026-05-29T11:00:00+00:00,185.41899999999995,185.44599999999994,185.35299999999995,185.41599999999994,7402
2026-05-29T11:30:00+00:00,185.41599999999994,185.46499999999995,185.37599999999995,185.44899999999996,9533
2026-05-29T12:00:00+00:00,185.44899999999996,185.48599999999993,185.39599999999993,185.45499999999996,8567
2026-05-29T12:30:00+00:00,185.45499999999996,185.48599999999993,185.39999999999995,185.47799999999995,9000
2026-05-29T13:00:00+00:00,185.47799999999995,185.54999999999995,185.43499999999995,185.50899999999993,7699
2026-05-29T13:30:00+00:00,185.50899999999993,185.55999999999995,185.46299999999994,185.50599999999994,10150
2026-05-29T14:00:00+00:00,185.50599999999994,185.55899999999994,185.46199999999993,185.54099999999994,11084
2026-05-29T14:30:00+00:00,185.54099999999994,185.79699999999994,185.44999999999993,185.70999999999995,22713
2026-05-29T15:00:00+00:00,185.70999999999995,185.86899999999994,185.67299999999994,185.80599999999995,18007
2026-05-29T15:30:00+00:00,185.80599999999995,185.94099999999995,185.80499999999995,185.90899999999993,14762
2026-05-29T16:00:00+00:00,185.90899999999993,185.91699999999994,185.75799999999995,185.78399999999993,6571
2026-05-29T16:30:00+00:00,185.78399999999993,185.81099999999995,185.73699999999994,185.77899999999994,9825
2026-05-29T17:00:00+00:00,185.77899999999994,185.79099999999994,185.73599999999993,185.75199999999995,6191
2026-05-29T17:30:00+00:00,185.75199999999995,185.75699999999995,185.69199999999995,185.71599999999995,6380
2026-05-29T18:00:00+00:00,185.71599999999995,185.76999999999995,185.70799999999994,185.74299999999994,6832
2026-05-29T18:30:00+00:00,185.74299999999994,185.76499999999993,185.69399999999993,185.72599999999994,7869
2026-05-29T19:00:00+00:00,185.72599999999994,185.78899999999993,185.71899999999994,185.78799999999995,4803
2026-05-29T19:30:00+00:00,185.78799999999995,185.79599999999994,185.71199999999993,185.73499999999993,6874
2026-05-29T20:00:00+00:00,185.73499999999993,185.73899999999995,185.68799999999993,185.69499999999994,4192
2026-05-29T20:30:00+00:00,185.69499999999994,185.709,185.60599999999994,185.709,3580
2026-05-31T21:00:00+00:00,185.709,185.756,185.705,185.72400000000002,264.58536184290244
2026-05-31T21:30:00+00:00,185.72400000000002,185.81400000000002,185.71,185.777,548.2536244135401
2026-05-31T22:00:00+00:00,185.777,185.81599999999997,185.742,185.801,3718
2026-05-31T22:30:00+00:00,185.801,185.82999999999998,185.777,185.79399999999998,3860
2026-05-31T23:00:00+00:00,185.79399999999998,185.801,185.77599999999998,185.79399999999998,3155
2026-05-31T23:30:00+00:00,185.79399999999998,185.79799999999997,185.666,185.67399999999998,4917
2026-06-01T00:00:00+00:00,185.67399999999998,185.807,185.671,185.73499999999999,13962
2026-06-01T00:30:00+00:00,185.73499999999999,185.78699999999998,185.70499999999998,185.76799999999997,9079
2026-06-01T01:00:00+00:00,185.76799999999997,185.78199999999998,185.73799999999997,185.74699999999999,7774
2026-06-01T01:30:00+00:00,185.74699999999999,185.76399999999998,185.713,185.75699999999998,5273
2026-06-01T02:00:00+00:00,185.75699999999998,185.76899999999998,185.73299999999998,185.73799999999997,2641
2026-06-01T02:30:00+00:00,185.73799999999997,185.76399999999998,185.725,185.75699999999998,3537
2026-06-01T03:00:00+00:00,185.75699999999998,185.78699999999998,185.71699999999998,185.777,4754
2026-06-01T03:30:00+00:00,185.777,185.779,185.69199999999998,185.731,3725
2026-06-01T04:00:00+00:00,185.731,185.777,185.72199999999998,185.77599999999998,2486
2026-06-01T04:30:00+00:00,185.77599999999998,185.79199999999997,185.75699999999998,185.779,2873
2026-06-01T05:00:00+00:00,185.779,185.82999999999998,185.777,185.814,4278
2026-06-01T05:30:00+00:00,185.814,185.88099999999997,185.80899999999997,185.832,4918
2026-06-01T06:00:00+00:00,185.832,185.91199999999998,185.82899999999998,185.86999999999998,9969
2026-06-01T06:30:00+00:00,185.86999999999998,186.01799999999997,185.85299999999998,186.003,10864
2026-06-01T07:00:00+00:00,186.003,186.003,185.88199999999998,185.93499999999997,11341
2026-06-01T07:30:00+00:00,185.93499999999997,185.981,185.85799999999998,185.921,8586
2026-06-01T08:00:00+00:00,185.921,185.95399999999998,185.886,185.933,9106
2026-06-01T08:30:00+00:00,185.933,185.951,185.86399999999998,185.91799999999998,8318
2026-06-01T09:00:00+00:00,185.91799999999998,185.96099999999998,185.796,185.819,9560
2026-06-01T09:30:00+00:00,185.819,185.83999999999997,185.79,185.82,7867
2026-06-01T10:00:00+00:00,185.82,185.826,185.773,185.789,7046
2026-06-01T10:30:00+00:00,185.789,185.819,185.74099999999999,185.761,6996
2026-06-01T11:00:00+00:00,185.761,185.76799999999997,185.68699999999998,185.754,7071
2026-06-01T11:30:00+00:00,185.754,185.807,185.712,185.783,7192
2026-06-01T12:00:00+00:00,185.783,185.82199999999997,185.772,185.81799999999998,9329
2026-06-01T12:30:00+00:00,185.81799999999998,185.82699999999997,185.75099999999998,185.801,11194
2026-06-01T13:00:00+00:00,185.801,185.832,185.652,185.71499999999997,20877
2026-06-01T13:30:00+00:00,185.71499999999997,185.73199999999997,185.481,185.48799999999997,19620
2026-06-01T14:00:00+00:00,185.48799999999997,185.541,185.432,185.52399999999997,17189
2026-06-01T14:30:00+00:00,185.52399999999997,185.61299999999997,185.47799999999998,185.59499999999997,13815
2026-06-01T15:00:00+00:00,185.59499999999997,185.61399999999998,185.50799999999998,185.582,13256
2026-06-01T15:30:00+00:00,185.582,185.64499999999998,185.57699999999997,185.611,12738
2026-06-01T16:00:00+00:00,185.611,185.63,185.55299999999997,185.60999999999999,8021
2026-06-01T16:30:00+00:00,185.60999999999999,185.66199999999998,185.575,185.652,12787
2026-06-01T17:00:00+00:00,185.652,185.68999999999997,185.61899999999997,185.67399999999998,9109
2026-06-01T17:30:00+00:00,185.67399999999998,185.79799999999997,185.65599999999998,185.76899999999998,10718
2026-06-01T18:00:00+00:00,185.76899999999998,185.779,185.74699999999999,185.75799999999998,4429
2026-06-01T18:30:00+00:00,185.75799999999998,185.862,185.749,185.849,5127
2026-06-01T19:00:00+00:00,185.849,185.85099999999997,185.766,185.77599999999998,4313
2026-06-01T19:30:00+00:00,185.77599999999998,185.791,185.73499999999999,185.789,6027
2026-06-01T20:00:00+00:00,185.789,185.808,185.75099999999998,185.771,2493
2026-06-01T20:30:00+00:00,185.771,185.79299999999998,185.72199999999998,185.72199999999998,3533
2026-06-01T21:00:00+00:00,185.72199999999998,185.72199999999998,185.62599999999998,185.70199999999997,707
2026-06-01T21:30:00+00:00,185.70199999999997,185.765,185.68599999999998,185.719,2347
2026-06-01T22:00:00+00:00,185.719,185.78199999999998,185.719,185.767,1817
2026-06-01T22:30:00+00:00,185.767,185.779,185.75099999999998,185.77499999999998,1188.603119882789
2026-06-01T23:00:00+00:00,185.77499999999998,185.801,185.772,185.78599999999997,1579
2026-06-01T23:30:00+00:00,185.78599999999997,185.796,185.74499999999998,185.79199999999997,2293
2026-06-02T00:00:00+00:00,185.79199999999997,185.80499999999998,185.73199999999997,185.797,5465
2026-06-02T00:30:00+00:00,185.797,185.82799999999997,185.73499999999999,185.749,6575
2026-06-02T01:00:00+00:00,185.749,185.81499999999997,185.74099999999999,185.796,5573
2026-06-02T01:30:00+00:00,185.796,185.814,185.754,185.78599999999997,5371
2026-06-02T02:00:00+00:00,185.78599999999997,185.826,185.779,185.82099999999997,4513
2026-06-02T02:30:00+00:00,185.82099999999997,185.82399999999998,185.791,185.79999999999998,3245
2026-06-02T03:00:00+00:00,185.79999999999998,185.83499999999998,185.79999999999998,185.831,3697
2026-06-02T03:30:00+00:00,185.831,185.87199999999999,185.80899999999997,185.85799999999998,3828
2026-06-02T04:00:00+00:00,185.85799999999998,185.90099999999998,185.856,185.89,3141
2026-06-02T04:30:00+00:00,185.89,185.94099999999997,185.88799999999998,185.927,3017
2026-06-02T05:00:00+00:00,185.927,185.94699999999997,185.90699999999998,185.92299999999997,3285
2026-06-02T05:30:00+00:00,185.92299999999997,185.944,185.91,185.93099999999998,2301
2026-06-02T06:00:00+00:00,185.93099999999998,186.09499999999997,185.921,186.07699999999997,7646
2026-06-02T06:30:00+00:00,186.07699999999997,186.13899999999998,186.06699999999998,186.10099999999997,8983
2026-06-02T07:00:00+00:00,186.10099999999997,186.10999999999999,186.021,186.05599999999998,7596
2026-06-02T07:30:00+00:00,186.05599999999998,186.094,186.047,186.06099999999998,7145
2026-06-02T08:00:00+00:00,186.06099999999998,186.09199999999998,186.00599999999997,186.05999999999997,8855
2026-06-02T08:30:00+00:00,186.05999999999997,186.07699999999997,186.004,186.03699999999998,5559
2026-06-02T09:00:00+00:00,186.03699999999998,186.04299999999998,185.969,185.98799999999997,5880
2026-06-02T09:30:00+00:00,185.98799999999997,186.02999999999997,185.981,186.02599999999998,5641
2026-06-02T10:00:00+00:00,186.02599999999998,186.04899999999998,185.94899999999998,186.003,5151
2026-06-02T10:30:00+00:00,186.003,186.052,185.987,186.02399999999997,5251
2026-06-02T11:00:00+00:00,186.02399999999997,186.07799999999997,186.01899999999998,186.07699999999997,5488
2026-06-02T11:30:00+00:00,186.07699999999997,186.17799999999997,186.07,186.134,5157
2026-06-02T12:00:00+00:00,186.134,186.23399999999998,186.106,186.189,7385
2026-06-02T12:30:00+00:00,186.189,186.24399999999997,186.159,186.19199999999998,7451
2026-06-02T13:00:00+00:00,186.19199999999998,186.22599999999997,186.12699999999998,186.13099999999997,10459
2026-06-02T13:30:00+00:00,186.13099999999997,186.16099999999997,186.07,186.106,10424
2026-06-02T14:00:00+00:00,186.106,186.14499999999998,186.04,186.12099999999998,9668
2026-06-02T14:30:00+00:00,186.12099999999998,186.21999999999997,186.09799999999998,186.171,7925
2026-06-02T15:00:00+00:00,186.171,186.212,186.081,186.10799999999998,9731
2026-06-02T15:30:00+00:00,186.10799999999998,186.16899999999998,186.09699999999998,186.142,7036
2026-06-02T16:00:00+00:00,186.142,186.14299999999997,186.03599999999997,186.04399999999998,5447
2026-06-02T16:30:00+00:00,186.04399999999998,186.05899999999997,185.97099999999998,185.98399999999998,4269
2026-06-02T17:00:00+00:00,185.98399999999998,186.00699999999998,185.94599999999997,185.957,4607
2026-06-02T17:30:00+00:00,185.957,185.96599999999998,185.921,185.93999999999997,3889
2026-06-02T18:00:00+00:00,185.93999999999997,185.95799999999997,185.84099999999998,185.922,4743
2026-06-02T18:30:00+00:00,185.922,186.011,185.922,185.986,4618
2026-06-02T19:00:00+00:00,185.986,186.05399999999997,185.98399999999998,186.05299999999997,3613
2026-06-02T19:30:00+00:00,186.05299999999997,186.09099999999998,186.033,186.07199999999997,3301
2026-06-02T20:00:00+00:00,186.07199999999997,186.10299999999998,186.06199999999998,186.069,1871
2026-06-02T20:30:00+00:00,186.069,186.09099999999998,186.027,186.03199999999998,2721
2026-06-02T21:00:00+00:00,186.03199999999998,186.03199999999998,185.89499999999998,185.99999999999997,1015
2026-06-02T21:30:00+00:00,185.99999999999997,186.047,185.981,185.99599999999998,1011
2026-06-02T22:00:00+00:00,185.99599999999998,186.023,185.96999999999997,185.99699999999999,1463
2026-06-02T22:30:00+00:00,185.99699999999999,186.027,185.99699999999999,186.01299999999998,1053
2026-06-02T23:00:00+00:00,186.01299999999998,186.02399999999997,185.975,185.98299999999998,2886
2026-06-02T23:30:00+00:00,185.98299999999998,185.98999999999998,185.93999999999997,185.957,3507
2026-06-03T00:00:00+00:00,185.957,185.98199999999997,185.93999999999997,185.969,5263
2026-06-03T00:30:00+00:00,185.969,186.04899999999998,185.957,186.029,5188
2026-06-03T01:00:00+00:00,186.029,186.033,185.96999999999997,185.987,5549
2026-06-03T01:30:00+00:00,185.987,186.003,185.92899999999997,185.94599999999997,5360
2026-06-03T02:00:00+00:00,185.94599999999997,185.96499999999997,185.92899999999997,185.932,3499
2026-06-03T02:30:00+00:00,185.932,185.94599999999997,185.891,185.939,4359
2026-06-03T03:00:00+00:00,185.939,185.96999999999997,185.927,185.95399999999998,3302
2026-06-03T03:30:00+00:00,185.95399999999998,185.98899999999998,185.93599999999998,185.94899999999998,3016
2026-06-03T04:00:00+00:00,185.94899999999998,185.95,185.902,185.91299999999998,2773
2026-06-03T04:30:00+00:00,185.91299999999998,185.927,185.89899999999997,185.92,2019
2026-06-03T05:00:00+00:00,185.92,185.94199999999998,185.88099999999997,185.88899999999998,3389
2026-06-03T05:30:00+00:00,185.88899999999998,185.91099999999997,185.85099999999997,185.856,5053
2026-06-03T06:00:00+00:00,185.856,185.89,185.77599999999998,185.82199999999997,8684
2026-06-03T06:30:00+00:00,185.82199999999997,185.88199999999998,185.78099999999998,185.87499999999997,9107
2026-06-03T07:00:00+00:00,185.87499999999997,185.88199999999998,185.81499999999997,185.81499999999997,10270
2026-06-03T07:30:00+00:00,185.81499999999997,185.825,185.48399999999998,185.545,18801
2026-06-03T08:00:00+00:00,185.545,185.54799999999997,185.45299999999997,185.46999999999997,10855
2026-06-03T08:30:00+00:00,185.46999999999997,185.59599999999998,185.147,185.48799999999997,16745
2026-06-03T09:00:00+00:00,185.48799999999997,185.695,185.487,185.682,8157
2026-06-03T09:30:00+00:00,185.682,185.70399999999998,185.60299999999998,185.60999999999999,7510
2026-06-03T10:00:00+00:00,185.60999999999999,185.68699999999998,185.58599999999998,185.67999999999998,11988
2026-06-03T10:30:00+00:00,185.67999999999998,185.73299999999998,185.64299999999997,185.65599999999998,7220
2026-06-03T11:00:00+00:00,185.65599999999998,185.725,185.646,185.724,5330
2026-06-03T11:30:00+00:00,185.724,185.784,185.70399999999998,185.737,6485
2026-06-03T12:00:00+00:00,185.737,185.753,185.588,185.58899999999997,9758
2026-06-03T12:30:00+00:00,185.58899999999997,185.594,185.493,185.54999999999998,11670
2026-06-03T13:00:00+00:00,185.54999999999998,185.63899999999998,185.522,185.63899999999998,9650
2026-06-03T13:30:00+00:00,185.63899999999998,185.671,185.58899999999997,185.646,13413
2026-06-03T14:00:00+00:00,185.646,185.71699999999998,185.611,185.66899999999998,13488
2026-06-03T14:30:00+00:00,185.66899999999998,185.78699999999998,185.541,185.772,16605
2026-06-03T15:00:00+00:00,185.772,185.778,185.67399999999998,185.72099999999998,13900
2026-06-03T15:30:00+00:00,185.72099999999998,185.76999999999998,185.67799999999997,185.682,9092
2026-06-03T16:00:00+00:00,185.682,185.69099999999997,185.61499999999998,185.646,8225
2026-06-03T16:30:00+00:00,185.646,185.64999999999998,185.575,185.62499999999997,7290
2026-06-03T17:00:00+00:00,185.62499999999997,185.66299999999998,185.59499999999997,185.62099999999998,5490
2026-06-03T17:30:00+00:00,185.62099999999998,185.67499999999998,185.62099999999998,185.66899999999998,4029
2026-06-03T18:00:00+00:00,185.66899999999998,185.672,185.61999999999998,185.64399999999998,3717
2026-06-03T18:30:00+00:00,185.64399999999998,185.659,185.62699999999998,185.648,4178
2026-06-03T19:00:00+00:00,185.648,185.66199999999998,185.62699999999998,185.63499999999996,4021.608574610245
2026-06-03T19:30:00+00:00,185.63499999999996,185.70299999999997,185.634,185.69299999999998,4176
2026-06-03T20:00:00+00:00,185.69299999999998,185.72399999999996,185.67899999999997,185.71199999999996,2870
2026-06-03T20:30:00+00:00,185.71199999999996,185.73099999999997,185.66699999999997,185.66699999999997,2389
2026-06-03T21:00:00+00:00,185.66699999999997,185.67199999999997,185.59199999999998,185.63299999999998,536.9676282757102
2026-06-03T21:30:00+00:00,185.63299999999998,185.66199999999998,185.57399999999998,185.60799999999998,1244
2026-06-03T22:00:00+00:00,185.60799999999998,185.67499999999998,185.60399999999998,185.62299999999996,1642
2026-06-03T22:30:00+00:00,185.62299999999996,185.65899999999996,185.59499999999997,185.628,2878
2026-06-03T23:00:00+00:00,185.628,185.68199999999996,185.61599999999999,185.65899999999996,4577
2026-06-03T23:30:00+00:00,185.65899999999996,185.73499999999999,185.65699999999998,185.71799999999996,4115
2026-06-04T00:00:00+00:00,185.71799999999996,185.73599999999996,185.66299999999998,185.72199999999998,8635
2026-06-04T00:30:00+00:00,185.72199999999998,185.72299999999998,185.63599999999997,185.63899999999998,7493
2026-06-04T01:00:00+00:00,185.63899999999998,185.66099999999997,185.60699999999997,185.63799999999998,7736
2026-06-04T01:30:00+00:00,185.63799999999998,185.664,185.61799999999997,185.65499999999997,6646
2026-06-04T02:00:00+00:00,185.65499999999997,185.664,185.62499999999997,185.64099999999996,6153
2026-06-04T02:30:00+00:00,185.64099999999996,185.69499999999996,185.63699999999997,185.67899999999997,3724
2026-06-04T03:00:00+00:00,185.67899999999997,185.67999999999998,185.63099999999997,185.652,4550
2026-06-04T03:30:00+00:00,185.652,185.70099999999996,185.64899999999997,185.69999999999996,4724
2026-06-04T04:00:00+00:00,185.69999999999996,185.71699999999998,185.66599999999997,185.70799999999997,3577
2026-06-04T04:30:00+00:00,185.70799999999997,185.71299999999997,185.36099999999996,185.64,9198
2026-06-04T05:00:00+00:00,185.64,185.67299999999997,185.62499999999997,185.64,4848
2026-06-04T05:30:00+00:00,185.64,185.67399999999998,185.62299999999996,185.65999999999997,5071
2026-06-04T06:00:00+00:00,185.65999999999997,185.71699999999998,185.62599999999998,185.65099999999998,7768
2026-06-04T06:30:00+00:00,185.65099999999998,185.70499999999998,185.63699999999997,185.69399999999996,9644
2026-06-04T07:00:00+00:00,185.69399999999996,185.70399999999998,185.58499999999998,185.60899999999998,8723
2026-06-04T07:30:00+00:00,185.60899999999998,185.61199999999997,185.51399999999998,185.58799999999997,9594
2026-06-04T08:00:00+00:00,185.58799999999997,185.66499999999996,185.58299999999997,185.65499999999997,9794
2026-06-04T08:30:00+00:00,185.65499999999997,185.71599999999998,185.62199999999999,185.70199999999997,9000
2026-06-04T09:00:00+00:00,185.70199999999997,185.85999999999999,185.70099999999996,185.83299999999997,10090
2026-06-04T09:30:00+00:00,185.83299999999997,185.91899999999998,185.81999999999996,185.88299999999998,10540
2026-06-04T10:00:00+00:00,185.88299999999998,185.99299999999997,185.87599999999998,185.95499999999998,8712
2026-06-04T10:30:00+00:00,185.95499999999998,186.02999999999997,185.94499999999996,185.98099999999997,8625
2026-06-04T11:00:00+00:00,185.98099999999997,186.11799999999997,185.97299999999998,186.07899999999998,11276
2026-06-04T11:30:00+00:00,186.07899999999998,186.12999999999997,186.02399999999997,186.03499999999997,12297
2026-06-04T12:00:00+00:00,186.03499999999997,186.09199999999998,186.02499999999998,186.04899999999998,12087
2026-06-04T12:30:00+00:00,186.04899999999998,186.13899999999998,186.039,186.06999999999996,9881
2026-06-04T13:00:00+00:00,186.06999999999996,186.12299999999996,186.03599999999997,186.07099999999997,11681
2026-06-04T13:30:00+00:00,186.07099999999997,186.14,186.045,186.11599999999999,12040
2026-06-04T14:00:00+00:00,186.11599999999999,186.14999999999998,186.05799999999996,186.07799999999997,8625
2026-06-04T14:30:00+00:00,186.07799999999997,186.14,186.06299999999996,186.10999999999999,9340
2026-06-04T15:00:00+00:00,186.10999999999999,186.146,185.99899999999997,186.00799999999998,7342
2026-06-04T15:30:00+00:00,186.00799999999998,186.07999999999998,185.99399999999997,186.05699999999996,6481
2026-06-04T16:00:00+00:00,186.05699999999996,186.07199999999997,186.00599999999997,186.03799999999998,4177
2026-06-04T16:30:00+00:00,186.03799999999998,186.05299999999997,185.96299999999997,185.97699999999998,5893
2026-06-04T17:00:00+00:00,185.97699999999998,185.99699999999999,185.95299999999997,185.95499999999998,4109
2026-06-04T17:30:00+00:00,185.95499999999998,185.96699999999998,185.93199999999996,185.96199999999996,3314
2026-06-04T18:00:00+00:00,185.96199999999996,185.97299999999998,185.89899999999997,185.89999999999998,3162
2026-06-04T18:30:00+00:00,185.89999999999998,185.94399999999996,185.87699999999998,185.908,5323
2026-06-04T19:00:00+00:00,185.908,185.91899999999998,185.84999999999997,185.86699999999996,4093
2026-06-04T19:30:00+00:00,185.86699999999996,185.87099999999998,185.82799999999997,185.85299999999998,3466
2026-06-04T20:00:00+00:00,185.85299999999998,185.86799999999997,185.81799999999998,185.82999999999998,2763
2026-06-04T20:30:00+00:00,185.82999999999998,185.86199999999997,185.81199999999998,185.81699999999998,2921
2026-06-04T21:00:00+00:00,185.81699999999998,185.86599999999999,185.75199999999998,185.863,514.5252494708195
2026-06-04T21:30:00+00:00,185.863,185.88299999999998,185.785,185.792,1152
2026-06-04T22:00:00+00:00,185.792,185.85,185.792,185.814,1012
2026-06-04T22:30:00+00:00,185.814,185.838,185.81,185.82899999999998,617
2026-06-04T23:00:00+00:00,185.82899999999998,185.852,185.81199999999998,185.816,1339
2026-06-04T23:30:00+00:00,185.816,185.839,185.804,185.82399999999998,1511
2026-06-05T00:00:00+00:00,185.82399999999998,185.851,185.793,185.815,7438
2026-06-05T00:30:00+00:00,185.815,185.821,185.75199999999998,185.789,5350
2026-06-05T01:00:00+00:00,185.789,185.801,185.73499999999999,185.767,8057
2026-06-05T01:30:00+00:00,185.767,185.82399999999998,185.756,185.80499999999998,6586
2026-06-05T02:00:00+00:00,185.80499999999998,185.85999999999999,185.795,185.85299999999998,4027
2026-06-05T02:30:00+00:00,185.85299999999998,185.85399999999998,185.807,185.828,3169
2026-06-05T03:00:00+00:00,185.828,185.856,185.822,185.831,3968
2026-06-05T03:30:00+00:00,185.831,185.84,185.795,185.82,2774
2026-06-05T04:00:00+00:00,185.82,185.839,185.807,185.809,2975
2026-06-05T04:30:00+00:00,185.809,185.857,185.809,185.845,2938
2026-06-05T05:00:00+00:00,185.845,185.855,185.79899999999998,185.813,3517
2026-06-05T05:30:00+00:00,185.813,185.867,185.813,185.84099999999998,3431
2026-06-05T06:00:00+00:00,185.84099999999998,185.863,185.796,185.861,6304
2026-06-05T06:30:00+00:00,185.861,185.932,185.85899999999998,185.921,7001
2026-06-05T07:00:00+00:00,185.921,186.021,185.912,186.016,7183
2026-06-05T07:30:00+00:00,186.016,186.128,186.005,186.09,8033
2026-06-05T08:00:00+00:00,186.09,186.197,186.087,186.159,7864
2026-06-05T08:30:00+00:00,186.159,186.185,186.14499999999998,186.16,5974
2026-06-05T09:00:00+00:00,186.16,186.23999999999998,186.136,186.17999999999998,8861
2026-06-05T09:30:00+00:00,186.17999999999998,186.20499999999998,186.142,186.188,5604
2026-06-05T10:00:00+00:00,186.188,186.218,186.167,186.20499999999998,4778
2026-06-05T10:30:00+00:00,186.20499999999998,186.236,186.148,186.176,5223
2026-06-05T11:00:00+00:00,186.176,186.18099999999998,186.095,186.143,6197
2026-06-05T11:30:00+00:00,186.143,186.155,186.041,186.118,7748
2026-06-05T12:00:00+00:00,186.118,186.15099999999998,186.027,186.03799999999998,8933
2026-06-05T12:30:00+00:00,186.03799999999998,186.09199999999998,185.661,185.667,25638
2026-06-05T13:00:00+00:00,185.667,185.73499999999999,185.26,185.575,27902
2026-06-05T13:30:00+00:00,185.575,185.606,185.308,185.352,20110
2026-06-05T14:00:00+00:00,185.352,185.412,185.14,185.148,18737
2026-06-05T14:30:00+00:00,185.148,185.29399999999998,185.131,185.292,14124
2026-06-05T15:00:00+00:00,185.292,185.301,185.039,185.078,15663
2026-06-05T15:30:00+00:00,185.078,185.099,184.79399999999998,184.85899999999998,10395
2026-06-05T16:00:00+00:00,184.85899999999998,184.862,184.751,184.804,10651
2026-06-05T16:30:00+00:00,184.804,184.875,184.755,184.87199999999999,8598
2026-06-05T17:00:00+00:00,184.87199999999999,184.893,184.807,184.827,7088
2026-06-05T17:30:00+00:00,184.827,184.839,184.732,184.791,7134
2026-06-05T18:00:00+00:00,184.791,184.804,184.648,184.671,8145
2026-06-05T18:30:00+00:00,184.671,184.678,184.533,184.59099999999998,8504
2026-06-05T19:00:00+00:00,184.59099999999998,184.605,184.531,184.60399999999998,6950
2026-06-05T19:30:00+00:00,184.60399999999998,184.707,184.57999999999998,184.653,5575
2026-06-05T20:00:00+00:00,184.653,184.668,184.589,184.64499999999998,3734
2026-06-05T20:30:00+00:00,184.64499999999998,184.75199999999998,184.607,184.706,3460
2026-06-07T21:00:00+00:00,184.706,184.82500000000002,184.68899999999996,184.82500000000002,146.53246895474277
2026-06-07T21:30:00+00:00,184.82500000000002,184.85600000000005,184.73600000000002,184.85500000000005,472.90552086318297
2026-06-07T22:00:00+00:00,184.85500000000005,185.12100000000004,184.85500000000005,185.06100000000004,4162
2026-06-07T22:30:00+00:00,185.06100000000004,185.08800000000002,185.00800000000004,185.04100000000003,3470
2026-06-07T23:00:00+00:00,185.04100000000003,185.08800000000002,185.014,185.04700000000003,4539
2026-06-07T23:30:00+00:00,185.04700000000003,185.187,185.043,185.17700000000002,5196
2026-06-08T00:00:00+00:00,185.17700000000002,185.197,185.097,185.15200000000002,7233
2026-06-08T00:30:00+00:00,185.15200000000002,185.35000000000002,185.151,185.348,9489
2026-06-08T01:00:00+00:00,185.348,185.383,185.11,185.126,11249
2026-06-08T01:30:00+00:00,185.126,185.24900000000002,185.03300000000002,185.24800000000002,12564
2026-06-08T02:00:00+00:00,185.24800000000002,185.318,185.186,185.31300000000002,7711
2026-06-08T02:30:00+00:00,185.31300000000002,185.37400000000002,185.269,185.33700000000002,5683
2026-06-08T03:00:00+00:00,185.33700000000002,185.35700000000003,185.29800000000003,185.31400000000002,4902
2026-06-08T03:30:00+00:00,185.31400000000002,185.35700000000003,185.305,185.34900000000002,3751
2026-06-08T04:00:00+00:00,185.34900000000002,185.352,185.287,185.34500000000003,3859
2026-06-08T04:30:00+00:00,185.34500000000003,185.36700000000002,185.31000000000003,185.34,4697
2026-06-08T05:00:00+00:00,185.34,185.43900000000002,185.33700000000002,185.347,5917
2026-06-08T05:30:00+00:00,185.347,185.347,185.03000000000003,185.05200000000002,9627
2026-06-08T06:00:00+00:00,185.05200000000002,185.21300000000002,185.01000000000002,185.192,11585
2026-06-08T06:30:00+00:00,185.192,185.192,184.97600000000003,184.98800000000003,10633
2026-06-08T07:00:00+00:00,184.98800000000003,185.13500000000002,184.966,185.05400000000003,14561
2026-06-08T07:30:00+00:00,185.05400000000003,185.091,184.97000000000003,184.971,11330
2026-06-08T08:00:00+00:00,184.971,185.025,184.882,184.931,12220
2026-06-08T08:30:00+00:00,184.931,184.949,184.43900000000002,184.60100000000003,14250
2026-06-08T09:00:00+00:00,184.60100000000003,184.662,184.48000000000002,184.489,14345
2026-06-08T09:30:00+00:00,184.489,184.686,184.471,184.65300000000002,14845
2026-06-08T10:00:00+00:00,184.65300000000002,184.80400000000003,184.61200000000002,184.76800000000003,9684
2026-06-08T10:30:00+00:00,184.76800000000003,184.872,184.752,184.841,12777
2026-06-08T11:00:00+00:00,184.841,185.044,184.81400000000002,185.043,15596
2026-06-08T11:30:00+00:00,185.043,185.06400000000002,184.949,184.99300000000002,10798
2026-06-08T12:00:00+00:00,184.99300000000002,185.084,184.98700000000002,185.02,12365
2026-06-08T12:30:00+00:00,185.02,185.07100000000003,184.96200000000002,185.06900000000002,9295
2026-06-08T13:00:00+00:00,185.06900000000002,185.257,185.05800000000002,185.192,13104
2026-06-08T13:30:00+00:00,185.192,185.228,185.144,185.144,15385
2026-06-08T14:00:00+00:00,185.144,185.225,185.13100000000003,185.19,13488
2026-06-08T14:30:00+00:00,185.19,185.227,185.138,185.214,13645
2026-06-08T15:00:00+00:00,185.214,185.287,185.19,185.202,12363
2026-06-08T15:30:00+00:00,185.202,185.312,185.17700000000002,185.29000000000002,8063
2026-06-08T16:00:00+00:00,185.29000000000002,185.294,185.231,185.239,6642
2026-06-08T16:30:00+00:00,185.239,185.3,185.223,185.247,6524
2026-06-08T17:00:00+00:00,185.247,185.294,185.23600000000002,185.28,6888
2026-06-08T17:30:00+00:00,185.28,185.288,185.235,185.245,5124
2026-06-08T18:00:00+00:00,185.245,185.28400000000002,185.245,185.27700000000002,4612
2026-06-08T18:30:00+00:00,185.27700000000002,185.292,185.187,185.19400000000002,5270
2026-06-08T19:00:00+00:00,185.19400000000002,185.24800000000002,185.191,185.227,4198
2026-06-08T19:30:00+00:00,185.227,185.247,185.174,185.181,5790
2026-06-08T20:00:00+00:00,185.181,185.203,185.14700000000002,185.161,3479
2026-06-08T20:30:00+00:00,185.161,185.17600000000002,185.14100000000002,185.16500000000002,2658
2026-06-08T21:00:00+00:00,185.16500000000002,185.268,185.125,185.132,642
2026-06-08T21:30:00+00:00,185.132,185.208,185.126,185.17600000000002,942
2026-06-08T22:00:00+00:00,185.17600000000002,185.18800000000002,185.122,185.15800000000002,1569
2026-06-08T22:30:00+00:00,185.15800000000002,185.18800000000002,185.154,185.18300000000002,1377
2026-06-08T23:00:00+00:00,185.18300000000002,185.197,185.16400000000002,185.167,1878
2026-06-08T23:30:00+00:00,185.167,185.187,185.094,185.098,2620
2026-06-09T00:00:00+00:00,185.098,185.124,185.04600000000002,185.091,8052
2026-06-09T00:30:00+00:00,185.091,185.226,185.084,185.214,8248
2026-06-09T01:00:00+00:00,185.214,185.29500000000002,185.197,185.27100000000002,9065
2026-06-09T01:30:00+00:00,185.27100000000002,185.299,185.237,185.298,5445
2026-06-09T02:00:00+00:00,185.298,185.312,185.27700000000002,185.288,4541
2026-06-09T02:30:00+00:00,185.288,185.30700000000002,185.276,185.298,3940
2026-06-09T03:00:00+00:00,185.298,185.329,185.267,185.292,4701
2026-06-09T03:30:00+00:00,185.292,185.348,185.281,185.345,4275
2026-06-09T04:00:00+00:00,185.345,185.38,185.321,185.374,3357
2026-06-09T04:30:00+00:00,185.374,185.43200000000002,185.35,185.393,4194
2026-06-09T05:00:00+00:00,185.393,185.4,185.303,185.306,5657
2026-06-09T05:30:00+00:00,185.306,185.359,185.28400000000002,185.336,7381
2026-06-09T06:00:00+00:00,185.336,185.416,185.27700000000002,185.369,8989
2026-06-09T06:30:00+00:00,185.369,185.387,185.31900000000002,185.339,10317
2026-06-09T07:00:00+00:00,185.339,185.375,185.27800000000002,185.28300000000002,11366
2026-06-09T07:30:00+00:00,185.28300000000002,185.333,185.263,185.3,9384
2026-06-09T08:00:00+00:00,185.3,185.389,185.262,185.37900000000002,10298
2026-06-09T08:30:00+00:00,185.37900000000002,185.487,185.377,185.459,7111
2026-06-09T09:00:00+00:00,185.459,185.57600000000002,185.455,185.525,7544
2026-06-09T09:30:00+00:00,185.525,185.65800000000002,185.51600000000002,185.64700000000002,5903
2026-06-09T10:00:00+00:00,185.64700000000002,185.70100000000002,185.63500000000002,185.68200000000002,7222
2026-06-09T10:30:00+00:00,185.68200000000002,185.731,185.67100000000002,185.686,5354
2026-06-09T11:00:00+00:00,185.686,185.788,185.686,185.77100000000002,5041
2026-06-09T11:30:00+00:00,185.77100000000002,185.817,185.714,185.78900000000002,5933
2026-06-09T12:00:00+00:00,185.78900000000002,185.82500000000002,185.752,185.768,7807
2026-06-09T12:30:00+00:00,185.768,185.858,185.76500000000001,185.84,6871
2026-06-09T13:00:00+00:00,185.84,185.91,185.80800000000002,185.823,9659
2026-06-09T13:30:00+00:00,185.823,185.838,185.70000000000002,185.73600000000002,12871
2026-06-09T14:00:00+00:00,185.73600000000002,185.822,185.614,185.669,14041
2026-06-09T14:30:00+00:00,185.669,185.761,185.65800000000002,185.732,16229
2026-06-09T15:00:00+00:00,185.732,185.804,185.662,185.685,13492
2026-06-09T15:30:00+00:00,185.685,185.698,185.514,185.589,14622
2026-06-09T16:00:00+00:00,185.589,185.621,185.493,185.577,12952
2026-06-09T16:30:00+00:00,185.577,185.622,185.40900000000002,185.56300000000002,20992
2026-06-09T17:00:00+00:00,185.56300000000002,185.631,185.529,185.61100000000002,12927
2026-06-09T17:30:00+00:00,185.61100000000002,185.63400000000001,185.568,185.624,9031
2026-06-09T18:00:00+00:00,185.624,185.68800000000002,185.608,185.67600000000002,8470
2026-06-09T18:30:00+00:00,185.67600000000002,185.70100000000002,185.625,185.65200000000002,6803
2026-06-09T19:00:00+00:00,185.65200000000002,185.661,185.589,185.60500000000002,5832
2026-06-09T19:30:00+00:00,185.60500000000002,185.612,185.535,185.585,7696
2026-06-09T20:00:00+00:00,185.585,185.61700000000002,185.54600000000002,185.55100000000002,3510
2026-06-09T20:30:00+00:00,185.55100000000002,185.594,185.529,185.529,2280
2026-06-09T21:00:00+00:00,185.529,185.53300000000002,185.455,185.496,470
2026-06-09T21:30:00+00:00,185.496,185.5,185.419,185.443,796
2026-06-09T22:00:00+00:00,185.443,185.519,185.434,185.506,1586
2026-06-09T22:30:00+00:00,185.506,185.51500000000001,185.46800000000002,185.48600000000002,1036
2026-06-09T23:00:00+00:00,185.48600000000002,185.53300000000002,185.478,185.481,1852
2026-06-09T23:30:00+00:00,185.481,185.5,185.42700000000002,185.455,3773
2026-06-10T00:00:00+00:00,185.455,185.549,185.418,185.541,7959
2026-06-10T00:30:00+00:00,185.541,185.567,185.43300000000002,185.559,9973
2026-06-10T01:00:00+00:00,185.559,185.567,185.398,185.488,8825
2026-06-10T01:30:00+00:00,185.488,185.524,185.457,185.484,7927
2026-06-10T02:00:00+00:00,185.484,185.535,185.464,185.53400000000002,5289
2026-06-10T02:30:00+00:00,185.53400000000002,185.559,185.52,185.544,5272
2026-06-10T03:00:00+00:00,185.544,185.644,185.543,185.606,5155
2026-06-10T03:30:00+00:00,185.606,185.686,185.57600000000002,185.66400000000002,5263
2026-06-10T04:00:00+00:00,185.66400000000002,185.667,185.607,185.63400000000001,5494
2026-06-10T04:30:00+00:00,185.63400000000001,185.637,185.567,185.612,5356
2026-06-10T05:00:00+00:00,185.612,185.65,185.588,185.644,6487
2026-06-10T05:30:00+00:00,185.644,185.74,185.624,185.711,6623
2026-06-10T06:00:00+00:00,185.711,185.792,185.68800000000002,185.76000000000002,10329
2026-06-10T06:30:00+00:00,185.76000000000002,185.769,185.66,185.668,8858
2026-06-10T07:00:00+00:00,185.668,185.793,185.633,185.735,8925
2026-06-10T07:30:00+00:00,185.735,185.764,185.713,185.757,7988
2026-06-10T08:00:00+00:00,185.757,185.75900000000001,185.68200000000002,185.755,10542
2026-06-10T08:30:00+00:00,185.755,185.791,185.684,185.791,9024
2026-06-10T09:00:00+00:00,185.791,185.83,185.737,185.782,9517
2026-06-10T09:30:00+00:00,185.782,185.913,185.78,185.881,8631
2026-06-10T10:00:00+00:00,185.881,185.918,185.84900000000002,185.88,7042
2026-06-10T10:30:00+00:00,185.88,185.9,185.798,185.815,7298
2026-06-10T11:00:00+00:00,185.815,185.81900000000002,185.588,185.698,18867
2026-06-10T11:30:00+00:00,185.698,185.72,185.58700000000002,185.60500000000002,11249
2026-06-10T12:00:00+00:00,185.60500000000002,185.686,185.592,185.64000000000001,11573
2026-06-10T12:30:00+00:00,185.64000000000001,185.87900000000002,185.624,185.725,17468
2026-06-10T13:00:00+00:00,185.725,185.874,185.71200000000002,185.839,11583
2026-06-10T13:30:00+00:00,185.839,186.018,185.821,185.89100000000002,16456
2026-06-10T14:00:00+00:00,185.89100000000002,185.95100000000002,185.80700000000002,185.838,15846
2026-06-10T14:30:00+00:00,185.838,185.883,185.758,185.839,14472
2026-06-10T15:00:00+00:00,185.839,185.88400000000001,185.728,185.841,13990
2026-06-10T15:30:00+00:00,185.841,185.882,185.602,185.779,17760
2026-06-10T16:00:00+00:00,185.779,185.90800000000002,185.76600000000002,185.90200000000002,10572
2026-06-10T16:30:00+00:00,185.90200000000002,185.94400000000002,185.845,185.868,7703
2026-06-10T17:00:00+00:00,185.868,185.88500000000002,185.78900000000002,185.792,8394
2026-06-10T17:30:00+00:00,185.792,185.883,185.767,185.866,8724
2026-06-10T18:00:00+00:00,185.866,185.924,185.805,185.805,7162
2026-06-10T18:30:00+00:00,185.805,185.81400000000002,185.75300000000001,185.791,6388
2026-06-10T19:00:00+00:00,185.791,185.8,185.729,185.75,5489
2026-06-10T19:30:00+00:00,185.75,185.792,185.71800000000002,185.727,6012
2026-06-10T20:00:00+00:00,185.727,185.728,185.663,185.69,3300
2026-06-10T20:30:00+00:00,185.69,185.699,185.626,185.626,3355
2026-06-10T21:00:00+00:00,185.626,185.639,185.56300000000002,185.574,483
2026-06-10T21:30:00+00:00,185.574,185.62800000000001,185.56300000000002,185.58700000000002,581
2026-06-10T22:00:00+00:00,185.58700000000002,185.598,185.502,185.554,1969
2026-06-10T22:30:00+00:00,185.554,185.622,185.541,185.544,2294
2026-06-10T23:00:00+00:00,185.544,185.636,185.49,185.626,6523
2026-06-10T23:30:00+00:00,185.626,185.65,185.577,185.61700000000002,4606
2026-06-11T00:00:00+00:00,185.61700000000002,185.72400000000002,185.606,185.719,8703
2026-06-11T00:30:00+00:00,185.719,185.734,185.679,185.715,6220
2026-06-11T01:00:00+00:00,185.715,185.842,185.715,185.83100000000002,6956
2026-06-11T01:30:00+00:00,185.83100000000002,185.88,185.79500000000002,185.869,4786
2026-06-11T02:00:00+00:00,185.869,185.87300000000002,185.78400000000002,185.79600000000002,4578
2026-06-11T02:30:00+00:00,185.79600000000002,185.833,185.773,185.805,4401
2026-06-11T03:00:00+00:00,185.805,185.82500000000002,185.762,185.79500000000002,3689
2026-06-11T03:30:00+00:00,185.79500000000002,185.803,185.75300000000001,185.756,2854
2026-06-11T04:00:00+00:00,185.756,185.79500000000002,185.733,185.78400000000002,3000
2026-06-11T04:30:00+00:00,185.78400000000002,185.832,185.76500000000001,185.798,3290
2026-06-11T05:00:00+00:00,185.798,185.842,185.77200000000002,185.833,3428
2026-06-11T05:30:00+00:00,185.833,185.848,185.799,185.827,3871
2026-06-11T06:00:00+00:00,185.827,185.83,185.755,185.803,4626
2026-06-11T06:30:00+00:00,185.803,185.84300000000002,185.738,185.749,5280
2026-06-11T07:00:00+00:00,185.749,185.913,185.739,185.882,7086
2026-06-11T07:30:00+00:00,185.882,185.895,185.74200000000002,185.747,5313
2026-06-11T08:00:00+00:00,185.747,185.752,185.65300000000002,185.661,5687
2026-06-11T08:30:00+00:00,185.661,185.68800000000002,185.547,185.573,5420
2026-06-11T09:00:00+00:00,185.573,185.65800000000002,185.544,185.574,4756
2026-06-11T09:30:00+00:00,185.574,185.636,185.55700000000002,185.598,4537
2026-06-11T10:00:00+00:00,185.598,185.608,185.443,185.477,5119
2026-06-11T10:30:00+00:00,185.477,185.56400000000002,185.46800000000002,185.549,5119
2026-06-11T11:00:00+00:00,185.549,185.67700000000005,185.54600000000002,185.65300000000005,4998.137115654752
2026-06-11T11:30:00+00:00,185.65300000000005,185.70100000000005,185.61000000000004,185.67100000000005,5076
2026-06-11T12:00:00+00:00,185.67100000000005,185.70000000000005,185.37700000000004,185.51900000000003,12014
2026-06-11T12:30:00+00:00,185.51900000000003,185.74100000000004,185.43300000000005,185.69300000000004,16991
2026-06-11T13:00:00+00:00,185.69300000000004,185.71300000000002,185.36500000000004,185.54500000000004,13644
2026-06-11T13:30:00+00:00,185.54500000000004,185.62000000000003,185.47000000000003,185.47400000000005,15245
2026-06-11T14:00:00+00:00,185.47400000000005,185.48700000000002,185.36400000000003,185.41300000000004,9485
2026-06-11T14:30:00+00:00,185.41300000000004,185.42100000000005,185.26100000000002,185.33600000000004,9301
2026-06-11T15:00:00+00:00,185.33600000000004,185.38100000000003,185.23500000000004,185.35100000000003,9486
2026-06-11T15:30:00+00:00,185.35100000000003,185.36600000000004,185.25300000000004,185.26000000000005,7213
2026-06-11T16:00:00+00:00,185.26000000000005,185.28600000000003,185.18700000000004,185.21300000000002,5416
2026-06-11T16:30:00+00:00,185.21300000000002,185.24700000000004,185.18000000000004,185.19500000000005,4927
2026-06-11T17:00:00+00:00,185.19500000000005,185.29300000000003,185.09600000000003,185.26500000000004,8367
2026-06-11T17:30:00+00:00,185.26500000000004,185.65100000000004,185.25500000000002,185.40000000000003,32250
2026-06-11T18:00:00+00:00,185.40000000000003,185.48400000000004,185.37300000000005,185.45000000000005,17569
2026-06-11T18:30:00+00:00,185.45000000000005,185.47400000000005,185.39100000000005,185.45600000000005,10119
2026-06-11T19:00:00+00:00,185.45600000000005,185.54900000000004,185.45500000000004,185.54900000000004,13676
2026-06-11T19:30:00+00:00,185.54900000000004,185.56500000000003,185.34600000000003,185.46400000000003,12570
2026-06-11T20:00:00+00:00,185.46400000000003,185.60900000000004,185.45900000000003,185.59200000000004,5447
2026-06-11T20:30:00+00:00,185.59200000000004,185.68000000000004,185.57700000000003,185.57800000000003,5285
2026-06-11T21:00:00+00:00,185.57800000000003,185.61600000000004,185.52600000000004,185.58300000000003,403
2026-06-11T21:30:00+00:00,185.58300000000003,185.64800000000002,185.57700000000003,185.58300000000003,1215
2026-06-11T22:00:00+00:00,185.58300000000003,185.70500000000004,185.58200000000002,185.69400000000005,3468
2026-06-11T22:30:00+00:00,185.69400000000005,185.82300000000004,185.68100000000004,185.81900000000005,3444
2026-06-11T23:00:00+00:00,185.81900000000005,185.82300000000004,185.72100000000003,185.74700000000004,3563
2026-06-11T23:30:00+00:00,185.74700000000004,185.83400000000003,185.72600000000003,185.81000000000003,4603
2026-06-12T00:00:00+00:00,185.81000000000003,185.82700000000003,185.73600000000005,185.77700000000004,10416
2026-06-12T00:30:00+00:00,185.77700000000004,185.80300000000003,185.70400000000004,185.75200000000004,9422
2026-06-12T01:00:00+00:00,185.75200000000004,185.76800000000003,185.60700000000003,185.63200000000003,9208
2026-06-12T01:30:00+00:00,185.63200000000003,185.76200000000003,185.63100000000003,185.76200000000003,7529
2026-06-12T02:00:00+00:00,185.76200000000003,185.85500000000005,185.74900000000002,185.82100000000003,6244
2026-06-12T02:30:00+00:00,185.82100000000003,185.86700000000005,185.80200000000005,185.84300000000005,5163
2026-06-12T03:00:00+00:00,185.84300000000005,185.87200000000004,185.82000000000005,185.86200000000002,5619
2026-06-12T03:30:00+00:00,185.86200000000002,185.89300000000003,185.84800000000004,185.86200000000002,5957
2026-06-12T04:00:00+00:00,185.86200000000002,185.88900000000004,185.84600000000003,185.88400000000004,4579
2026-06-12T04:30:00+00:00,185.88400000000004,185.91700000000003,185.86900000000003,185.88200000000003,4401
2026-06-12T05:00:00+00:00,185.88200000000003,185.90300000000005,185.80700000000004,185.81400000000005,7211
2026-06-12T05:30:00+00:00,185.81400000000005,185.84400000000002,185.75500000000002,185.75500000000002,7417
2026-06-12T06:00:00+00:00,185.75500000000002,185.88300000000004,185.75300000000004,185.82500000000005,9687
2026-06-12T06:30:00+00:00,185.82500000000005,185.99800000000005,185.80300000000003,185.97900000000004,11520
2026-06-12T07:00:00+00:00,185.97900000000004,185.98800000000003,185.83800000000002,185.83800000000002,10929
2026-06-12T07:30:00+00:00,185.83800000000002,185.86700000000005,185.76800000000003,185.83300000000003,11904
2026-06-12T08:00:00+00:00,185.83300000000003,185.88700000000003,185.73300000000003,185.85700000000003,19473
2026-06-12T08:30:00+00:00,185.85700000000003,185.91100000000003,185.76300000000003,185.78100000000003,14860
2026-06-12T09:00:00+00:00,185.78100000000003,185.89200000000002,185.72100000000003,185.87200000000004,14377
2026-06-12T09:30:00+00:00,185.87200000000004,185.88100000000003,185.79300000000003,185.86000000000004,10302
2026-06-12T10:00:00+00:00,185.86000000000004,185.87800000000004,185.76100000000002,185.81100000000004,12106
2026-06-12T10:30:00+00:00,185.81100000000004,185.83800000000002,185.72400000000005,185.73500000000004,9648
2026-06-12T11:00:00+00:00,185.73500000000004,185.83200000000002,185.73300000000003,185.81000000000003,8231
2026-06-12T11:30:00+00:00,185.81000000000003,185.84600000000003,185.77700000000004,185.78500000000003,8209
2026-06-12T12:00:00+00:00,185.78500000000003,185.81300000000005,185.69300000000004,185.71200000000005,10562
2026-06-12T12:30:00+00:00,185.71200000000005,185.79700000000003,185.71100000000004,185.75200000000004,9928
2026-06-12T13:00:00+00:00,185.75200000000004,185.91200000000003,185.73700000000002,185.90100000000004,11749
2026-06-12T13:30:00+00:00,185.90100000000004,185.94500000000005,185.83500000000004,185.86400000000003,18263
2026-06-12T14:00:00+00:00,185.86400000000003,185.94800000000004,185.83700000000005,185.85100000000003,13752
2026-06-12T14:30:00+00:00,185.85100000000003,185.94700000000003,185.84800000000004,185.89400000000003,18315
2026-06-12T15:00:00+00:00,185.89400000000003,185.99000000000004,185.86700000000005,185.98300000000003,14176
2026-06-12T15:30:00+00:00,185.98300000000003,185.98500000000004,185.87100000000004,185.89600000000004,11213
2026-06-12T16:00:00+00:00,185.89600000000004,185.92300000000003,185.81200000000004,185.86700000000005,11820
2026-06-12T16:30:00+00:00,185.86700000000005,185.91400000000004,185.85700000000003,185.90100000000004,6388
2026-06-12T17:00:00+00:00,185.90100000000004,185.91600000000003,185.84500000000003,185.87500000000003,5660
2026-06-12T17:30:00+00:00,185.87500000000003,185.88500000000005,185.85300000000004,185.86400000000003,4246
2026-06-12T18:00:00+00:00,185.86400000000003,185.91100000000003,185.85500000000005,185.89600000000004,5185
2026-06-12T18:30:00+00:00,185.89600000000004,185.93600000000004,185.89100000000005,185.91100000000003,3664.1128896377422
2026-06-12T19:00:00+00:00,185.91100000000003,185.92200000000003,185.87500000000003,185.90400000000002,4358
2026-06-12T19:30:00+00:00,185.90400000000002,185.90800000000004,185.80000000000004,185.82600000000005,5936
2026-06-12T20:00:00+00:00,185.82600000000005,185.84000000000003,185.78200000000004,185.78600000000003,2863
2026-06-12T20:30:00+00:00,185.78600000000003,185.79800000000003,185.72100000000003,185.75900000000004,2856
2026-06-14T21:00:00+00:00,185.75900000000004,185.82900000000004,185.63500000000005,185.82900000000004,825.8648335604382
2026-06-14T21:30:00+00:00,185.82900000000004,185.89300000000006,185.63900000000007,185.85400000000004,1226.905235605523
2026-06-14T22:00:00+00:00,185.85400000000004,186.09600000000006,185.78800000000004,186.07700000000006,9061
2026-06-14T22:30:00+00:00,186.07700000000006,186.10700000000006,186.00300000000004,186.07900000000004,5108
2026-06-14T23:00:00+00:00,186.07900000000004,186.08400000000006,185.97600000000006,186.02800000000005,3955
2026-06-14T23:30:00+00:00,186.02800000000005,186.07600000000005,186.01300000000006,186.01600000000005,4795
2026-06-15T00:00:00+00:00,186.01600000000005,186.13100000000006,186.00400000000005,186.06900000000005,9638
2026-06-15T00:30:00+00:00,186.06900000000005,186.17400000000006,186.03800000000004,186.12600000000006,8967
2026-06-15T01:00:00+00:00,186.12600000000006,186.22200000000004,186.08600000000004,186.16800000000006,7626
2026-06-15T01:30:00+00:00,186.16800000000006,186.26900000000006,186.13200000000006,186.22500000000005,4973
2026-06-15T02:00:00+00:00,186.22500000000005,186.25300000000004,186.14600000000004,186.17800000000005,4568
2026-06-15T02:30:00+00:00,186.17800000000005,186.19300000000004,186.13400000000004,186.17300000000006,3560
2026-06-15T03:00:00+00:00,186.17300000000006,186.18000000000004,186.10700000000006,186.13500000000005,3860
2026-06-15T03:30:00+00:00,186.13500000000005,186.17400000000006,186.13300000000004,186.14800000000005,4005
2026-06-15T04:00:00+00:00,186.14800000000005,186.26500000000004,186.14800000000005,186.26500000000004,3414
2026-06-15T04:30:00+00:00,186.26500000000004,186.28200000000004,186.22500000000005,186.27400000000006,3798
2026-06-15T05:00:00+00:00,186.27400000000006,186.37400000000005,186.27400000000006,186.34300000000005,5446
2026-06-15T05:30:00+00:00,186.34300000000005,186.35400000000004,186.26300000000006,186.34400000000005,5575
2026-06-15T06:00:00+00:00,186.34400000000005,186.36500000000004,186.23700000000005,186.28400000000005,9035
2026-06-15T06:30:00+00:00,186.28400000000005,186.30900000000005,186.20700000000005,186.26700000000005,9411
2026-06-15T07:00:00+00:00,186.26700000000005,186.27600000000004,186.18200000000004,186.22500000000005,11353
2026-06-15T07:30:00+00:00,186.22500000000005,186.27100000000004,186.19900000000004,186.24300000000005,9784
2026-06-15T08:00:00+00:00,186.24300000000005,186.28500000000005,186.20800000000006,186.26000000000005,9513
2026-06-15T08:30:00+00:00,186.26000000000005,186.30000000000004,186.13500000000005,186.19100000000006,8176
2026-06-15T09:00:00+00:00,186.19100000000006,186.30200000000005,186.18700000000004,186.24700000000004,7631
2026-06-15T09:30:00+00:00,186.24700000000004,186.31700000000004,186.24600000000004,186.26800000000006,5773
2026-06-15T10:00:00+00:00,186.26800000000006,186.34700000000004,186.23300000000006,186.32300000000004,7209
2026-06-15T10:30:00+00:00,186.32300000000004,186.36900000000006,186.30400000000006,186.33000000000004,6430
2026-06-15T11:00:00+00:00,186.33000000000004,186.38700000000006,186.30600000000004,186.31600000000006,7897
2026-06-15T11:30:00+00:00,186.31600000000006,186.42800000000005,186.31300000000005,186.37600000000006,8755
2026-06-15T12:00:00+00:00,186.37600000000006,186.40400000000005,186.29100000000005,186.33900000000006,9530
2026-06-15T12:30:00+00:00,186.33900000000006,186.47100000000006,186.33100000000005,186.42400000000006,9065
2026-06-15T13:00:00+00:00,186.42400000000006,186.43900000000005,186.36800000000005,186.40200000000004,8810
2026-06-15T13:30:00+00:00,186.40200000000004,186.43200000000004,186.33000000000004,186.37000000000006,11875
2026-06-15T14:00:00+00:00,186.37000000000006,186.37100000000004,186.23400000000004,186.26300000000006,10360
2026-06-15T14:30:00+00:00,186.26300000000006,186.31900000000005,186.21200000000005,186.29900000000006,10988
2026-06-15T15:00:00+00:00,186.29900000000006,186.30300000000005,186.21700000000004,186.24000000000004,8166
2026-06-15T15:30:00+00:00,186.24000000000004,186.24400000000006,186.17200000000005,186.22500000000005,6031
2026-06-15T16:00:00+00:00,186.22500000000005,186.31400000000005,186.20900000000006,186.31300000000005,5761
2026-06-15T16:30:00+00:00,186.31300000000005,186.35100000000006,186.26100000000005,186.32400000000004,5761
2026-06-15T17:00:00+00:00,186.32400000000004,186.33800000000005,186.29000000000005,186.33600000000004,4701
2026-06-15T17:30:00+00:00,186.33600000000004,186.34300000000005,186.28300000000004,186.32300000000004,4351
2026-06-15T18:00:00+00:00,186.32300000000004,186.36400000000006,186.31800000000004,186.32000000000005,5088
2026-06-15T18:30:00+00:00,186.32000000000005,186.32400000000004,186.25900000000004,186.29000000000005,6401
2026-06-15T19:00:00+00:00,186.29000000000005,186.30000000000004,186.23700000000005,186.25200000000004,5175
2026-06-15T19:30:00+00:00,186.25200000000004,186.27400000000006,186.21900000000005,186.22900000000004,6926
2026-06-15T20:00:00+00:00,186.22900000000004,186.25000000000006,186.20500000000004,186.23500000000004,3802
2026-06-15T20:30:00+00:00,186.23500000000004,186.25600000000006,186.21200000000005,186.22000000000006,3654
2026-06-15T21:00:00+00:00,186.22000000000006,186.23900000000006,186.14400000000006,186.15400000000005,567.58042219052
2026-06-15T21:30:00+00:00,186.15400000000005,186.29400000000004,186.15300000000005,186.21200000000005,1273
2026-06-15T22:00:00+00:00,186.21200000000005,186.24900000000005,186.14100000000005,186.15400000000005,1174
2026-06-15T22:30:00+00:00,186.15400000000005,186.20300000000006,186.13900000000004,186.19300000000004,979
2026-06-15T23:00:00+00:00,186.19300000000004,186.20600000000005,186.16700000000006,186.17100000000005,1495
2026-06-15T23:30:00+00:00,186.17100000000005,186.19300000000004,186.12400000000005,186.13300000000004,1988
2026-06-16T00:00:00+00:00,186.13300000000004,186.16000000000005,186.08800000000005,186.09300000000005,3945
2026-06-16T00:30:00+00:00,186.09300000000005,186.13100000000006,186.03800000000004,186.10700000000006,7200
2026-06-16T01:00:00+00:00,186.10700000000006,186.13300000000004,185.97800000000004,186.01500000000004,7409
2026-06-16T01:30:00+00:00,186.01500000000004,186.03000000000006,185.97200000000004,185.98300000000006,6325
2026-06-16T02:00:00+00:00,185.98300000000006,185.98900000000006,185.93500000000006,185.94500000000005,3859
2026-06-16T02:30:00+00:00,185.94500000000005,185.99100000000004,185.91800000000003,185.95900000000006,3829
2026-06-16T03:00:00+00:00,185.95900000000006,186.04300000000003,185.84200000000004,186.03200000000004,7317
2026-06-16T03:30:00+00:00,186.03200000000004,186.06700000000004,186.00800000000004,186.01300000000006,5866
2026-06-16T04:00:00+00:00,186.01300000000006,186.03000000000006,185.96100000000004,186.02500000000006,7267
2026-06-16T04:30:00+00:00,186.02500000000006,186.04500000000004,185.90900000000005,185.95000000000005,6922
2026-06-16T05:00:00+00:00,185.95000000000005,186.01700000000005,185.94000000000005,185.95900000000006,4157
2026-06-16T05:30:00+00:00,185.95900000000006,185.97400000000005,185.92700000000005,185.93700000000004,6453
2026-06-16T06:00:00+00:00,185.93700000000004,185.96900000000005,185.89500000000004,185.92400000000004,7824
2026-06-16T06:30:00+00:00,185.92400000000004,186.03300000000004,185.88200000000006,186.03100000000003,13515
2026-06-16T07:00:00+00:00,186.03100000000003,186.21700000000004,186.00800000000004,186.17100000000005,10494
2026-06-16T07:30:00+00:00,186.17100000000005,186.26600000000005,186.16700000000006,186.19500000000005,10258
2026-06-16T08:00:00+00:00,186.19500000000005,186.33800000000005,186.17200000000005,186.33500000000004,10248
2026-06-16T08:30:00+00:00,186.33500000000004,186.46900000000005,186.31500000000005,186.45400000000004,7668
2026-06-16T09:00:00+00:00,186.45400000000004,186.51300000000006,186.36300000000006,186.38900000000004,7253
2026-06-16T09:30:00+00:00,186.38900000000004,186.42700000000005,186.37600000000006,186.40200000000004,9009
2026-06-16T10:00:00+00:00,186.40200000000004,186.55400000000006,186.38800000000006,186.50400000000005,8313
2026-06-16T10:30:00+00:00,186.50400000000005,186.53600000000006,186.46300000000005,186.51900000000006,7130
2026-06-16T11:00:00+00:00,186.51900000000006,186.53100000000003,186.41700000000006,186.43100000000004,7601
2026-06-16T11:30:00+00:00,186.43100000000004,186.46800000000005,186.34500000000006,186.39000000000004,7138
2026-06-16T12:00:00+00:00,186.39000000000004,186.39500000000004,186.28500000000005,186.30000000000004,8324
2026-06-16T12:30:00+00:00,186.30000000000004,186.39800000000005,186.29600000000005,186.35900000000004,9181
2026-06-16T13:00:00+00:00,186.35900000000004,186.42600000000004,186.35700000000006,186.40700000000004,9711
2026-06-16T13:30:00+00:00,186.40700000000004,186.46600000000004,186.31500000000005,186.33600000000004,11625
2026-06-16T14:00:00+00:00,186.33600000000004,186.43300000000005,186.28800000000004,186.33500000000004,11869
2026-06-16T14:30:00+00:00,186.33500000000004,186.59500000000006,186.31900000000005,186.56500000000005,15136
2026-06-16T15:00:00+00:00,186.56500000000005,186.59800000000004,186.51800000000006,186.54800000000006,9463
2026-06-16T15:30:00+00:00,186.54800000000006,186.69900000000004,186.54200000000006,186.67400000000004,11051
2026-06-16T16:00:00+00:00,186.67400000000004,186.71100000000004,186.64500000000004,186.68700000000004,9294
2026-06-16T16:30:00+00:00,186.68700000000004,186.71200000000005,186.64600000000004,186.66100000000006,6856
2026-06-16T17:00:00+00:00,186.66100000000006,186.69400000000005,186.64600000000004,186.68000000000004,5415
2026-06-16T17:30:00+00:00,186.68000000000004,186.70100000000005,186.66300000000004,186.68200000000004,4859
2026-06-16T18:00:00+00:00,186.68200000000004,186.70700000000005,186.65800000000004,186.67000000000004,4777
2026-06-16T18:30:00+00:00,186.67000000000004,186.68200000000004,186.62100000000004,186.66600000000005,4894
2026-06-16T19:00:00+00:00,186.66600000000005,186.69000000000005,186.63300000000004,186.65000000000006,4965
2026-06-16T19:30:00+00:00,186.65000000000006,186.66800000000003,186.62300000000005,186.66500000000005,5096
2026-06-16T20:00:00+00:00,186.66500000000005,186.68600000000004,186.64000000000004,186.68200000000004,2472
2026-06-16T20:30:00+00:00,186.68200000000004,186.68500000000006,186.60600000000005,186.60600000000005,2066
2026-06-16T21:00:00+00:00,186.60600000000005,186.64700000000005,186.59500000000006,186.61800000000005,2052.7213126789516
2026-06-16T21:30:00+00:00,186.61800000000005,186.66700000000003,186.60900000000004,186.61500000000004,1130
2026-06-16T22:00:00+00:00,186.61500000000004,186.67200000000005,186.61500000000004,186.64900000000006,3032
2026-06-16T22:30:00+00:00,186.64900000000006,186.69800000000004,186.64900000000006,186.64900000000006,3426
2026-06-16T23:00:00+00:00,186.64900000000006,186.68900000000005,186.64800000000005,186.68700000000004,2067
2026-06-16T23:30:00+00:00,186.68700000000004,186.69500000000005,186.64100000000005,186.64300000000006,3191
2026-06-17T00:00:00+00:00,186.64300000000006,186.70600000000005,186.61400000000003,186.68700000000004,5129
2026-06-17T00:30:00+00:00,186.68700000000004,186.68700000000004,186.60900000000004,186.63100000000006,4718
2026-06-17T01:00:00+00:00,186.63100000000006,186.65900000000005,186.56300000000005,186.56800000000004,4816
2026-06-17T01:30:00+00:00,186.56800000000004,186.59900000000005,186.55000000000004,186.59300000000005,3152
2026-06-17T02:00:00+00:00,186.59300000000005,186.60600000000005,186.55700000000004,186.59200000000004,2741
2026-06-17T02:30:00+00:00,186.59200000000004,186.59900000000005,186.52500000000003,186.52800000000005,2852
2026-06-17T03:00:00+00:00,186.52800000000005,186.56500000000005,186.51100000000005,186.53800000000004,3538
2026-06-17T03:30:00+00:00,186.53800000000004,186.56400000000005,186.52500000000003,186.53000000000003,3009
2026-06-17T04:00:00+00:00,186.53000000000003,186.53700000000003,186.50800000000004,186.51400000000004,2853
2026-06-17T04:30:00+00:00,186.51400000000004,186.51900000000003,186.48100000000005,186.49700000000004,2778
2026-06-17T05:00:00+00:00,186.49700000000004,186.54400000000004,186.49100000000004,186.51400000000004,2791
2026-06-17T05:30:00+00:00,186.51400000000004,186.56800000000004,186.49800000000005,186.56100000000004,3539
2026-06-17T06:00:00+00:00,186.56100000000004,186.58900000000006,186.42900000000003,186.43400000000005,7218
2026-06-17T06:30:00+00:00,186.43400000000005,186.44600000000005,186.37600000000003,186.40900000000005,6779
2026-06-17T07:00:00+00:00,186.40900000000005,186.53500000000005,186.39400000000003,186.42200000000005,7928
2026-06-17T07:30:00+00:00,186.42200000000005,186.44100000000003,186.33000000000004,186.34500000000006,7466
2026-06-17T08:00:00+00:00,186.34500000000006,186.34500000000006,186.20600000000005,186.27800000000005,9018
2026-06-17T08:30:00+00:00,186.27800000000005,186.29500000000004,186.16000000000005,186.25900000000004,7813
2026-06-17T09:00:00+00:00,186.25900000000004,186.28800000000004,186.23100000000005,186.28300000000004,4978
2026-06-17T09:30:00+00:00,186.28300000000004,186.29700000000005,186.23200000000006,186.26900000000003,4160
2026-06-17T10:00:00+00:00,186.26900000000003,186.29400000000004,186.16500000000005,186.18700000000004,5805
2026-06-17T10:30:00+00:00,186.18700000000004,186.25300000000004,186.18200000000004,186.21800000000005,5324
2026-06-17T11:00:00+00:00,186.21800000000005,186.23000000000005,186.14900000000006,186.15200000000004,6277
2026-06-17T11:30:00+00:00,186.15200000000004,186.22000000000006,186.10900000000004,186.21600000000004,7016
2026-06-17T12:00:00+00:00,186.21600000000004,186.29000000000005,186.20200000000006,186.25300000000004,6950
2026-06-17T12:30:00+00:00,186.25300000000004,186.32100000000005,186.23500000000004,186.31100000000004,5645
2026-06-17T13:00:00+00:00,186.31100000000004,186.33900000000006,186.25300000000004,186.30800000000005,8694
2026-06-17T13:30:00+00:00,186.30800000000005,186.31100000000004,186.16600000000005,186.16600000000005,11651
2026-06-17T14:00:00+00:00,186.16600000000005,186.22000000000006,186.13600000000005,186.16000000000005,10470
2026-06-17T14:30:00+00:00,186.16000000000005,186.21200000000005,186.07400000000004,186.19200000000004,14462
2026-06-17T15:00:00+00:00,186.19200000000004,186.21500000000003,186.12500000000006,186.13900000000004,11366
2026-06-17T15:30:00+00:00,186.13900000000004,186.17400000000004,186.09400000000005,186.12900000000005,7151
2026-06-17T16:00:00+00:00,186.12900000000005,186.13200000000003,186.07400000000004,186.09700000000004,5447
2026-06-17T16:30:00+00:00,186.09700000000004,186.10800000000003,186.05700000000004,186.08900000000006,4657
2026-06-17T17:00:00+00:00,186.08900000000006,186.11200000000005,186.06500000000005,186.07300000000004,5971
2026-06-17T17:30:00+00:00,186.07300000000004,186.18200000000004,186.06800000000004,186.12000000000003,4882
2026-06-17T18:00:00+00:00,186.12000000000003,186.12000000000003,185.59400000000005,185.70300000000003,30952
2026-06-17T18:30:00+00:00,185.70300000000003,185.84400000000005,185.51700000000005,185.57700000000006,36582
2026-06-17T19:00:00+00:00,185.57700000000006,185.60300000000004,185.12000000000003,185.12300000000005,40183
2026-06-17T19:30:00+00:00,185.12300000000005,185.16400000000004,184.93100000000004,185.14000000000004,30408
2026-06-17T20:00:00+00:00,185.14000000000004,185.19000000000005,185.04300000000003,185.17500000000004,7368
2026-06-17T20:30:00+00:00,185.17500000000004,185.27000000000004,185.12700000000004,185.12700000000004,7085
2026-06-17T21:00:00+00:00,185.12700000000004,185.16000000000005,185.08300000000006,185.08700000000005,458
2026-06-17T21:30:00+00:00,185.08700000000005,185.1330000000001,185.0280000000001,185.0560000000001,1448.6476784093347
2026-06-17T22:00:00+00:00,185.0560000000001,185.1930000000001,185.05300000000008,185.1390000000001,2957
2026-06-17T22:30:00+00:00,185.1390000000001,185.1870000000001,185.1380000000001,185.1670000000001,1728
2026-06-17T23:00:00+00:00,185.1670000000001,185.18400000000008,185.1330000000001,185.1680000000001,2429.434360489658
2026-06-17T23:30:00+00:00,185.1680000000001,185.2110000000001,185.1390000000001,185.1990000000001,4262
2026-06-18T00:00:00+00:00,185.1990000000001,185.36900000000009,185.18900000000008,185.29500000000007,12303
2026-06-18T00:30:00+00:00,185.29500000000007,185.48000000000008,185.29000000000008,185.44400000000007,10705
2026-06-18T01:00:00+00:00,185.44400000000007,185.49900000000008,185.4310000000001,185.48600000000008,7436
2026-06-18T01:30:00+00:00,185.48600000000008,185.5240000000001,185.38700000000009,185.3990000000001,6738
2026-06-18T02:00:00+00:00,185.3990000000001,185.42600000000007,185.3360000000001,185.3700000000001,5648
2026-06-18T02:30:00+00:00,185.3700000000001,185.4020000000001,185.3420000000001,185.3470000000001,4476
2026-06-18T03:00:00+00:00,185.3470000000001,185.4360000000001,185.3470000000001,185.4300000000001,4536
2026-06-18T03:30:00+00:00,185.4300000000001,185.4490000000001,185.42100000000008,185.44400000000007,3785
2026-06-18T04:00:00+00:00,185.44400000000007,185.48000000000008,185.40400000000008,185.4670000000001,5151
2026-06-18T04:30:00+00:00,185.4670000000001,185.4900000000001,185.4420000000001,185.4480000000001,6264
2026-06-18T05:00:00+00:00,185.4480000000001,185.4790000000001,185.37400000000008,185.3840000000001,5671
2026-06-18T05:30:00+00:00,185.3840000000001,185.39200000000008,185.30200000000008,185.3050000000001,6059
2026-06-18T06:00:00+00:00,185.3050000000001,185.5660000000001,185.30100000000007,185.55900000000008,11643
2026-06-18T06:30:00+00:00,185.55900000000008,185.5920000000001,185.4300000000001,185.44000000000008,11448
2026-06-18T07:00:00+00:00,185.44000000000008,185.46800000000007,185.2290000000001,185.2570000000001,11065
2026-06-18T07:30:00+00:00,185.2570000000001,185.4070000000001,185.2390000000001,185.2870000000001,12254
2026-06-18T08:00:00+00:00,185.2870000000001,185.3100000000001,185.1450000000001,185.16500000000008,12399
2026-06-18T08:30:00+00:00,185.16500000000008,185.17100000000008,184.9660000000001,185.00600000000009,13466
2026-06-18T09:00:00+00:00,185.00600000000009,185.0180000000001,184.6800000000001,184.8400000000001,19285
2026-06-18T09:30:00+00:00,184.8400000000001,184.99200000000008,184.83200000000008,184.9300000000001,9611
2026-06-18T10:00:00+00:00,184.9300000000001,184.9530000000001,184.7820000000001,184.88700000000009,13847
2026-06-18T10:30:00+00:00,184.88700000000009,184.91000000000008,184.81300000000007,184.8180000000001,10001
2026-06-18T11:00:00+00:00,184.8180000000001,184.9110000000001,184.74400000000009,184.8350000000001,13642
2026-06-18T11:30:00+00:00,184.8350000000001,184.8650000000001,184.74300000000008,184.77800000000008,12129
2026-06-18T12:00:00+00:00,184.77800000000008,185.05300000000008,184.72600000000008,184.94400000000007,16083
2026-06-18T12:30:00+00:00,184.94400000000007,184.96800000000007,184.85600000000008,184.9060000000001,14321
2026-06-18T13:00:00+00:00,184.9060000000001,184.9550000000001,184.8220000000001,184.8960000000001,16223
2026-06-18T13:30:00+00:00,184.8960000000001,185.0780000000001,184.8900000000001,184.9650000000001,19221
2026-06-18T14:00:00+00:00,184.9650000000001,185.0250000000001,184.90400000000008,184.99400000000009,14684
2026-06-18T14:30:00+00:00,184.99400000000009,185.1610000000001,184.9240000000001,185.1610000000001,14151
2026-06-18T15:00:00+00:00,185.1610000000001,185.17800000000008,185.0550000000001,185.1630000000001,14644
2026-06-18T15:30:00+00:00,185.1630000000001,185.47600000000008,185.11200000000008,185.46900000000008,13130
2026-06-18T16:00:00+00:00,185.46900000000008,185.4780000000001,185.3100000000001,185.42000000000007,11665
2026-06-18T16:30:00+00:00,185.42000000000007,185.4790000000001,185.32600000000008,185.47400000000007,8173
2026-06-18T17:00:00+00:00,185.47400000000007,185.57600000000008,185.4670000000001,185.53300000000007,9445
2026-06-18T17:30:00+00:00,185.53300000000007,185.54600000000008,185.43200000000007,185.45100000000008,7521
2026-06-18T18:00:00+00:00,185.45100000000008,185.4730000000001,185.4230000000001,185.45600000000007,7413
2026-06-18T18:30:00+00:00,185.45600000000007,185.6730000000001,185.4530000000001,185.66600000000008,10277
2026-06-18T19:00:00+00:00,185.66600000000008,185.7650000000001,185.62400000000008,185.62500000000009,12111
2026-06-18T19:30:00+00:00,185.62500000000009,185.6280000000001,184.7160000000001,185.3520000000001,20780
2026-06-18T20:00:00+00:00,185.3520000000001,185.3990000000001,185.3040000000001,185.35700000000008,4824
2026-06-18T20:30:00+00:00,185.35700000000008,185.38500000000008,185.2810000000001,185.28300000000007,4053
2026-06-18T21:00:00+00:00,185.28300000000007,185.39700000000008,185.20800000000008,185.3160000000001,469.0646887849142
2026-06-18T21:30:00+00:00,185.3160000000001,185.36100000000008,185.27800000000008,185.30700000000007,1247
2026-06-18T22:00:00+00:00,185.30700000000007,185.4070000000001,185.2710000000001,185.3040000000001,2192
2026-06-18T22:30:00+00:00,185.3040000000001,185.30800000000008,185.1210000000001,185.26000000000008,2594
2026-06-18T23:00:00+00:00,185.26000000000008,185.3120000000001,185.2340000000001,185.28500000000008,3313
2026-06-18T23:30:00+00:00,185.28500000000008,185.3040000000001,185.19600000000008,185.21400000000008,3595
2026-06-19T00:00:00+00:00,185.21400000000008,185.2860000000001,185.1740000000001,185.1800000000001,8917
2026-06-19T00:30:00+00:00,185.1800000000001,185.1870000000001,184.9790000000001,185.0490000000001,10770
2026-06-19T01:00:00+00:00,185.0490000000001,185.0800000000001,184.9350000000001,185.0080000000001,9347
2026-06-19T01:30:00+00:00,185.0080000000001,185.1090000000001,184.9890000000001,185.01700000000008,4733
2026-06-19T02:00:00+00:00,185.01700000000008,185.05900000000008,184.9850000000001,185.05900000000008,4506
2026-06-19T02:30:00+00:00,185.05900000000008,185.09300000000007,184.97000000000008,185.0780000000001,5092
2026-06-19T03:00:00+00:00,185.0780000000001,185.0920000000001,184.9130000000001,184.9830000000001,6251
2026-06-19T03:30:00+00:00,184.9830000000001,185.0200000000001,184.96300000000008,185.01100000000008,5522
2026-06-19T04:00:00+00:00,185.01100000000008,185.0540000000001,184.97500000000008,185.01000000000008,6018
2026-06-19T04:30:00+00:00,185.01000000000008,185.0440000000001,184.80200000000008,184.8240000000001,6928
2026-06-19T05:00:00+00:00,184.8240000000001,184.8360000000001,184.71200000000007,184.75500000000008,10220
2026-06-19T05:30:00+00:00,184.75500000000008,184.8780000000001,184.69500000000008,184.8160000000001,9511
2026-06-19T06:00:00+00:00,184.8160000000001,184.97400000000007,184.8000000000001,184.92700000000008,9972
2026-06-19T06:30:00+00:00,184.92700000000008,184.93900000000008,184.83800000000008,184.9230000000001,9275
2026-06-19T07:00:00+00:00,184.9230000000001,185.05200000000008,184.92000000000007,185.0200000000001,10888
2026-06-19T07:30:00+00:00,185.0200000000001,185.0800000000001,184.99200000000008,185.04700000000008,10003
2026-06-19T08:00:00+00:00,185.04700000000008,185.2270000000001,185.04100000000008,185.2170000000001,10960
2026-06-19T08:30:00+00:00,185.2170000000001,185.3230000000001,185.20600000000007,185.29700000000008,7384
2026-06-19T09:00:00+00:00,185.29700000000008,185.3180000000001,185.2280000000001,185.23600000000008,7464
2026-06-19T09:30:00+00:00,185.23600000000008,185.27800000000008,185.1870000000001,185.1930000000001,6712
2026-06-19T10:00:00+00:00,185.1930000000001,185.23000000000008,185.1270000000001,185.1870000000001,7205
2026-06-19T10:30:00+00:00,185.1870000000001,185.2760000000001,185.1670000000001,185.2570000000001,7942
2026-06-19T11:00:00+00:00,185.2570000000001,185.3360000000001,185.2510000000001,185.28900000000007,6880
2026-06-19T11:30:00+00:00,185.28900000000007,185.2980000000001,185.1620000000001,185.2160000000001,6231
2026-06-19T12:00:00+00:00,185.2160000000001,185.29700000000008,185.2160000000001,185.2770000000001,7446
2026-06-19T12:30:00+00:00,185.2770000000001,185.3420000000001,185.2530000000001,185.2700000000001,10989
2026-06-19T13:00:00+00:00,185.2700000000001,185.29000000000008,185.1910000000001,185.2580000000001,9283
2026-06-19T13:30:00+00:00,185.2580000000001,185.3040000000001,185.1620000000001,185.2870000000001,8675
2026-06-19T14:00:00+00:00,185.2870000000001,185.33700000000007,185.1790000000001,185.24400000000009,7782
2026-06-19T14:30:00+00:00,185.24400000000009,185.3350000000001,185.1810000000001,185.22500000000008,11511
2026-06-19T15:00:00+00:00,185.22500000000008,185.3640000000001,185.21900000000008,185.35000000000008,9535
2026-06-19T15:30:00+00:00,185.35000000000008,185.35100000000008,185.26100000000008,185.32700000000008,3985
2026-06-19T16:00:00+00:00,185.32700000000008,185.3650000000001,185.30300000000008,185.3470000000001,3096
2026-06-19T16:30:00+00:00,185.3470000000001,185.42800000000008,185.33800000000008,185.42600000000007,2796
2026-06-19T17:00:00+00:00,185.42600000000007,185.4670000000001,185.4050000000001,185.42200000000008,2719
2026-06-19T17:30:00+00:00,185.42200000000008,185.51100000000008,185.4120000000001,185.45000000000007,3314
2026-06-19T18:00:00+00:00,185.45000000000007,185.49800000000008,185.43300000000008,185.4850000000001,1793
2026-06-19T18:30:00+00:00,185.4850000000001,185.5300000000001,185.4430000000001,185.4720000000001,3083
2026-06-19T19:00:00+00:00,185.4720000000001,185.4960000000001,185.42600000000007,185.48600000000008,1880
2026-06-19T19:30:00+00:00,185.48600000000008,185.5070000000001,185.44600000000008,185.4780000000001,1138
2026-06-19T20:00:00+00:00,185.4780000000001,185.5180000000001,185.3720000000001,185.46800000000007,6946
2026-06-19T20:30:00+00:00,185.46800000000007,185.48200000000008,185.2980000000001,185.3780000000001,2496.1264905778703
2026-06-21T21:00:00+00:00,185.3780000000001,185.5050000000001,185.3620000000001,185.45500000000013,254.69478120229968
2026-06-21T21:30:00+00:00,185.45500000000013,185.74600000000012,185.44600000000014,185.63900000000015,471.40763499945155
2026-06-21T22:00:00+00:00,185.63900000000015,185.83700000000016,185.56700000000015,185.80200000000016,2484
2026-06-21T22:30:00+00:00,185.80200000000016,185.82900000000015,185.78100000000015,185.82100000000014,1262
2026-06-21T23:00:00+00:00,185.82100000000014,185.86800000000017,185.81000000000014,185.81900000000016,2542
2026-06-21T23:30:00+00:00,185.81900000000016,185.83400000000015,185.76800000000014,185.80400000000014,4669
2026-06-22T00:00:00+00:00,185.80400000000014,185.90600000000015,185.78800000000015,185.83700000000016,8626
2026-06-22T00:30:00+00:00,185.83700000000016,185.95100000000016,185.79700000000014,185.93600000000015,8190
2026-06-22T01:00:00+00:00,185.93600000000015,186.03200000000015,185.91100000000014,185.93200000000016,12945
2026-06-22T01:30:00+00:00,185.93200000000016,186.00100000000015,185.87300000000016,185.94100000000014,7308
2026-06-22T02:00:00+00:00,185.94100000000014,185.98700000000017,185.89600000000016,185.95900000000015,5849
2026-06-22T02:30:00+00:00,185.95900000000015,186.00500000000017,185.94700000000014,185.97000000000014,4356
2026-06-22T03:00:00+00:00,185.97000000000014,185.99700000000016,185.94800000000015,185.97600000000014,5043
2026-06-22T03:30:00+00:00,185.97600000000014,186.00200000000015,185.85000000000016,185.87800000000016,5227
2026-06-22T04:00:00+00:00,185.87800000000016,185.96000000000015,185.84600000000015,185.94400000000016,5725
2026-06-22T04:30:00+00:00,185.94400000000016,185.97700000000015,185.93600000000015,185.96500000000015,4728
2026-06-22T05:00:00+00:00,185.96500000000015,186.00700000000015,185.93600000000015,185.99600000000015,5035
2026-06-22T05:30:00+00:00,185.99600000000015,186.05100000000016,185.96500000000015,185.97700000000015,5922
2026-06-22T06:00:00+00:00,185.97700000000015,186.01200000000014,185.90800000000016,185.97300000000016,11096
2026-06-22T06:30:00+00:00,185.97300000000016,186.07500000000016,185.91400000000016,186.04700000000014,9490
2026-06-22T07:00:00+00:00,186.04700000000014,186.09100000000015,185.98100000000017,185.98600000000016,10531
2026-06-22T07:30:00+00:00,185.98600000000016,185.98700000000017,185.86400000000015,185.88400000000016,9489
2026-06-22T08:00:00+00:00,185.88400000000016,185.98200000000014,185.82100000000014,185.92400000000015,12271
2026-06-22T08:30:00+00:00,185.92400000000015,186.01000000000016,185.87800000000016,186.00600000000014,11741
2026-06-22T09:00:00+00:00,186.00600000000014,186.13400000000016,185.99700000000016,186.08600000000015,10033
2026-06-22T09:30:00+00:00,186.08600000000015,186.13000000000017,186.04600000000016,186.08200000000016,8466
2026-06-22T10:00:00+00:00,186.08200000000016,186.13700000000014,186.01800000000014,186.05500000000015,8601
2026-06-22T10:30:00+00:00,186.05500000000015,186.08100000000016,186.02000000000015,186.04000000000016,7573
2026-06-22T11:00:00+00:00,186.04000000000016,186.04900000000015,185.94200000000015,185.98300000000015,9623
2026-06-22T11:30:00+00:00,185.98300000000015,186.01400000000015,185.94600000000014,185.96100000000015,7894
2026-06-22T12:00:00+00:00,185.96100000000015,186.14500000000015,185.94500000000016,186.12100000000015,10465
2026-06-22T12:30:00+00:00,186.12100000000015,186.15400000000014,186.06400000000016,186.06800000000015,10088
2026-06-22T13:00:00+00:00,186.06800000000015,186.07300000000015,185.78000000000014,185.84300000000016,16992
2026-06-22T13:30:00+00:00,185.84300000000016,185.92500000000015,185.78100000000015,185.78900000000016,15317
2026-06-22T14:00:00+00:00,185.78900000000016,185.80700000000016,185.15300000000016,185.68800000000016,24120
2026-06-22T14:30:00+00:00,185.68800000000016,185.73500000000016,185.13800000000015,185.39500000000015,31995
2026-06-22T15:00:00+00:00,185.39500000000015,185.48300000000015,185.22700000000015,185.43300000000016,18279
2026-06-22T15:30:00+00:00,185.43300000000016,185.45200000000014,185.33800000000016,185.39400000000015,11954
2026-06-22T16:00:00+00:00,185.39400000000015,185.49400000000014,185.35200000000015,185.38700000000014,10706
2026-06-22T16:30:00+00:00,185.38700000000014,185.44700000000014,185.34300000000016,185.43200000000016,7629
2026-06-22T17:00:00+00:00,185.43200000000016,185.43500000000014,185.36700000000016,185.36700000000016,6424
2026-06-22T17:30:00+00:00,185.36700000000016,185.41500000000016,185.33300000000014,185.34100000000015,5431
2026-06-22T18:00:00+00:00,185.34100000000015,185.38500000000016,185.30900000000014,185.32000000000016,5020
2026-06-22T18:30:00+00:00,185.32000000000016,185.32000000000016,185.14600000000016,185.16600000000014,6414
2026-06-22T19:00:00+00:00,185.16600000000014,185.36500000000015,185.16600000000014,185.35900000000015,5544
2026-06-22T19:30:00+00:00,185.35900000000015,185.43800000000016,185.32300000000015,185.39300000000014,7003
2026-06-22T20:00:00+00:00,185.39300000000014,185.45600000000016,185.37500000000014,185.41400000000016,3694
2026-06-22T20:30:00+00:00,185.41400000000016,185.45500000000015,185.34100000000015,185.34100000000015,3776
2026-06-22T21:00:00+00:00,185.34100000000015,185.35900000000015,185.22800000000015,185.34300000000016,575
2026-06-22T21:30:00+00:00,185.34300000000016,185.38700000000014,185.31800000000015,185.34600000000015,1334
2026-06-22T22:00:00+00:00,185.34600000000015,185.46500000000015,185.34600000000015,185.42600000000016,1951
2026-06-22T22:30:00+00:00,185.42600000000016,185.43100000000015,185.35200000000015,185.40000000000015,1505
2026-06-22T23:00:00+00:00,185.40000000000015,185.41100000000014,185.36500000000015,185.37800000000016,2064
2026-06-22T23:30:00+00:00,185.37800000000016,185.39200000000017,185.35300000000015,185.38600000000017,2454
2026-06-23T00:00:00+00:00,185.38600000000017,185.38700000000014,185.27300000000014,185.33600000000015,8338
2026-06-23T00:30:00+00:00,185.33600000000015,185.43700000000015,185.31700000000015,185.39200000000017,9228
2026-06-23T01:00:00+00:00,185.39200000000017,185.40400000000014,185.30700000000016,185.34000000000015,6286
2026-06-23T01:30:00+00:00,185.34000000000015,185.43700000000015,185.32600000000016,185.40000000000015,5516
2026-06-23T02:00:00+00:00,185.40000000000015,185.43700000000015,185.38300000000015,185.41900000000015,5354
2026-06-23T02:30:00+00:00,185.41900000000015,185.42600000000016,185.37500000000014,185.37900000000016,4422
2026-06-23T03:00:00+00:00,185.37900000000016,185.39300000000014,185.27400000000014,185.38400000000016,5899
2026-06-23T03:30:00+00:00,185.38400000000016,185.41700000000014,185.33400000000015,185.40800000000016,4631
2026-06-23T04:00:00+00:00,185.40800000000016,185.43900000000016,185.35700000000014,185.37200000000016,4377
2026-06-23T04:30:00+00:00,185.37200000000016,185.39700000000016,185.31400000000016,185.33600000000015,4352
2026-06-23T05:00:00+00:00,185.33600000000015,185.38400000000016,185.31200000000015,185.38000000000017,5277
2026-06-23T05:30:00+00:00,185.38000000000017,185.44400000000016,185.34600000000015,185.41300000000015,6764
2026-06-23T06:00:00+00:00,185.41300000000015,185.60300000000015,185.40800000000016,185.55700000000016,10935
2026-06-23T06:30:00+00:00,185.55700000000016,185.58000000000015,185.38000000000017,185.40400000000014,10672
2026-06-23T07:00:00+00:00,185.40400000000014,185.49200000000016,185.09700000000015,185.42900000000014,20543
2026-06-23T07:30:00+00:00,185.42900000000014,185.43500000000014,185.00900000000016,185.01400000000015,15012
2026-06-23T08:00:00+00:00,185.01400000000015,185.03400000000016,184.82800000000015,184.90500000000014,15493
2026-06-23T08:30:00+00:00,184.90500000000014,184.95100000000016,184.83700000000016,184.92700000000016,10965
2026-06-23T09:00:00+00:00,184.92700000000016,184.96300000000016,184.80900000000014,184.93700000000015,9930
2026-06-23T09:30:00+00:00,184.93700000000015,184.98000000000016,184.88800000000015,184.91700000000014,7812
2026-06-23T10:00:00+00:00,184.91700000000014,184.95700000000016,184.81200000000015,184.81400000000016,7683
2026-06-23T10:30:00+00:00,184.81400000000016,184.87000000000015,184.72700000000015,184.82600000000016,9528
2026-06-23T11:00:00+00:00,184.82600000000016,184.87200000000016,184.79300000000015,184.80300000000014,8771
2026-06-23T11:30:00+00:00,184.80300000000014,184.88900000000015,184.72400000000016,184.73900000000015,9194
2026-06-23T12:00:00+00:00,184.73900000000015,184.82200000000014,184.60000000000016,184.60700000000014,12356
2026-06-23T12:30:00+00:00,184.60700000000014,184.77800000000016,184.60600000000017,184.75200000000015,11051
2026-06-23T13:00:00+00:00,184.75200000000015,184.82000000000016,184.68100000000015,184.73200000000014,12029
2026-06-23T13:30:00+00:00,184.73200000000014,184.85800000000015,184.70300000000015,184.73100000000017,12248
2026-06-23T14:00:00+00:00,184.73100000000017,184.75100000000015,184.57000000000016,184.62900000000016,14736
2026-06-23T14:30:00+00:00,184.62900000000016,184.67600000000016,184.55500000000015,184.62800000000016,14455
2026-06-23T15:00:00+00:00,184.62800000000016,184.68700000000015,184.57200000000014,184.61000000000016,11414
2026-06-23T15:30:00+00:00,184.61000000000016,184.66000000000014,184.53800000000015,184.64900000000014,9735
2026-06-23T16:00:00+00:00,184.64900000000014,184.67300000000014,184.61000000000016,184.63100000000014,6578
2026-06-23T16:30:00+00:00,184.63100000000014,184.66900000000015,184.60700000000014,184.64600000000016,5191
2026-06-23T17:00:00+00:00,184.64600000000016,184.67500000000015,184.60100000000014,184.64400000000015,4781
2026-06-23T17:30:00+00:00,184.64400000000015,184.66300000000015,184.58200000000016,184.60500000000016,5848
2026-06-23T18:00:00+00:00,184.60500000000016,184.64400000000015,184.60200000000015,184.61700000000016,3921
2026-06-23T18:30:00+00:00,184.61700000000016,184.64000000000016,184.54400000000015,184.60100000000014,5220
2026-06-23T19:00:00+00:00,184.60100000000014,184.65400000000014,184.59600000000015,184.62900000000016,5504
2026-06-23T19:30:00+00:00,184.62900000000016,184.64600000000016,184.58000000000015,184.61900000000014,5681
2026-06-23T20:00:00+00:00,184.61900000000014,184.65600000000015,184.61400000000015,184.62500000000014,3292
2026-06-23T20:30:00+00:00,184.62500000000014,184.66700000000014,184.59600000000015,184.59600000000015,1958
2026-06-23T21:00:00+00:00,184.59600000000015,184.60500000000016,184.54900000000015,184.59700000000015,415
2026-06-23T21:30:00+00:00,184.59700000000015,184.65700000000015,184.55800000000016,184.59800000000016,806
2026-06-23T22:00:00+00:00,184.59800000000016,184.65600000000015,184.58800000000016,184.61400000000015,1378
2026-06-23T22:30:00+00:00,184.61400000000015,184.64000000000016,184.59600000000015,184.63100000000014,932
2026-06-23T23:00:00+00:00,184.63100000000014,184.64100000000016,184.60500000000016,184.62500000000014,1752
2026-06-23T23:30:00+00:00,184.62500000000014,184.68700000000015,184.60200000000015,184.64300000000014,4001
2026-06-24T00:00:00+00:00,184.64300000000014,184.65200000000016,184.52700000000016,184.57300000000015,10337
2026-06-24T00:30:00+00:00,184.57300000000015,184.63800000000015,184.55600000000015,184.62300000000016,8133
2026-06-24T01:00:00+00:00,184.62300000000016,184.62700000000015,184.48100000000017,184.50000000000014,9156
2026-06-24T01:30:00+00:00,184.50000000000014,184.57500000000016,184.49000000000015,184.56700000000015,7614
2026-06-24T02:00:00+00:00,184.56700000000015,184.58000000000015,184.51000000000016,184.52400000000014,5505
2026-06-24T02:30:00+00:00,184.52400000000014,184.54500000000016,184.39600000000016,184.39900000000014,5890
2026-06-24T03:00:00+00:00,184.39900000000014,184.42200000000014,184.32700000000014,184.36400000000015,8399
2026-06-24T03:30:00+00:00,184.36400000000015,184.43000000000015,184.34600000000015,184.40000000000015,5236
2026-06-24T04:00:00+00:00,184.40000000000015,184.40600000000015,184.28900000000016,184.35900000000015,5222
2026-06-24T04:30:00+00:00,184.35900000000015,184.37300000000016,184.31900000000016,184.33800000000016,4913
2026-06-24T05:00:00+00:00,184.33800000000016,184.46200000000016,184.33300000000014,184.44100000000014,6823
2026-06-24T05:30:00+00:00,184.44100000000014,184.48300000000015,184.39800000000014,184.47900000000016,5774
2026-06-24T06:00:00+00:00,184.47900000000016,184.61500000000015,184.47800000000015,184.52100000000016,10500
2026-06-24T06:30:00+00:00,184.52100000000016,184.55100000000016,184.41900000000015,184.44700000000014,9517
2026-06-24T07:00:00+00:00,184.44700000000014,184.46700000000016,184.30800000000016,184.35800000000015,10004
2026-06-24T07:30:00+00:00,184.35800000000015,184.44800000000015,184.31500000000014,184.33500000000015,10449
2026-06-24T08:00:00+00:00,184.33500000000015,184.37400000000017,184.14900000000014,184.33600000000015,12997
2026-06-24T08:30:00+00:00,184.33600000000015,184.41000000000014,184.23000000000016,184.39300000000014,10974
2026-06-24T09:00:00+00:00,184.39300000000014,184.40900000000016,184.27800000000016,184.32000000000016,10556
2026-06-24T09:30:00+00:00,184.32000000000016,184.34400000000016,184.25200000000015,184.26700000000017,8972
2026-06-24T10:00:00+00:00,184.26700000000017,184.28100000000015,184.13600000000017,184.16800000000015,8223
2026-06-24T10:30:00+00:00,184.16800000000015,184.20000000000016,184.09200000000016,184.11000000000016,8853
2026-06-24T11:00:00+00:00,184.11000000000016,184.19300000000015,184.08500000000015,184.14400000000015,7623
2026-06-24T11:30:00+00:00,184.14400000000015,184.22300000000016,184.05500000000015,184.07900000000015,12599
2026-06-24T12:00:00+00:00,184.07900000000015,184.15500000000014,184.06000000000014,184.08600000000015,11871
2026-06-24T12:30:00+00:00,184.08600000000015,184.09900000000016,183.92600000000016,184.01100000000017,14565
2026-06-24T13:00:00+00:00,184.01100000000017,184.11400000000015,183.92800000000014,184.10000000000016,14963
2026-06-24T13:30:00+00:00,184.10000000000016,184.29500000000016,184.09100000000015,184.24800000000016,19562
2026-06-24T14:00:00+00:00,184.24800000000016,184.33600000000015,184.15600000000015,184.24000000000015,17270
2026-06-24T14:30:00+00:00,184.24000000000015,184.27700000000016,184.11900000000014,184.26100000000017,14396
2026-06-24T15:00:00+00:00,184.26100000000017,184.53600000000014,184.24700000000016,184.46000000000015,15257
2026-06-24T15:30:00+00:00,184.46000000000015,184.47300000000016,184.31000000000014,184.32500000000016,10631
2026-06-24T16:00:00+00:00,184.32500000000016,184.51100000000017,184.30600000000015,184.50800000000015,8910
2026-06-24T16:30:00+00:00,184.50800000000015,184.57900000000015,184.47300000000016,184.50800000000015,8831
2026-06-24T17:00:00+00:00,184.50800000000015,184.52800000000016,184.40900000000016,184.42300000000014,7952
2026-06-24T17:30:00+00:00,184.42300000000014,184.48500000000016,184.38600000000017,184.41200000000015,9776
2026-06-24T18:00:00+00:00,184.41200000000015,184.52600000000015,184.41200000000015,184.52000000000015,8128
2026-06-24T18:30:00+00:00,184.52000000000015,184.55800000000016,184.43200000000016,184.44100000000014,7066
2026-06-24T19:00:00+00:00,184.44100000000014,184.52100000000016,184.43400000000014,184.52000000000015,7889
2026-06-24T19:30:00+00:00,184.52000000000015,184.53000000000014,184.47300000000016,184.48100000000017,7586
2026-06-24T20:00:00+00:00,184.48100000000017,184.54600000000016,184.47200000000015,184.53300000000016,5281
2026-06-24T20:30:00+00:00,184.53300000000016,184.57800000000015,184.50100000000015,184.50100000000015,5014
2026-06-24T21:00:00+00:00,184.50100000000015,184.54800000000014,184.40100000000015,184.43600000000015,679.4506850756488
2026-06-24T21:30:00+00:00,184.43600000000015,184.49300000000017,184.40000000000015,184.48200000000017,2605.8032703203285
2026-06-24T22:00:00+00:00,184.48200000000017,184.51900000000018,184.44600000000017,184.45400000000015,1499
2026-06-24T22:30:00+00:00,184.45400000000015,184.46400000000017,184.44800000000015,184.45300000000015,616.5639173768598
2026-06-24T23:00:00+00:00,184.45300000000015,184.47800000000018,184.4400000000002,184.4690000000002,1572.773967809657
2026-06-24T23:30:00+00:00,184.4690000000002,184.4810000000002,184.43100000000018,184.4450000000002,2116
2026-06-25T00:00:00+00:00,184.4450000000002,184.45400000000018,184.3270000000002,184.34600000000017,7727
2026-06-25T00:30:00+00:00,184.34600000000017,184.4090000000002,184.29200000000017,184.36000000000018,6504
2026-06-25T01:00:00+00:00,184.36000000000018,184.5520000000002,184.35800000000017,184.4500000000002,10746
2026-06-25T01:30:00+00:00,184.4500000000002,184.50700000000018,184.37800000000018,184.44700000000017,7980
2026-06-25T02:00:00+00:00,184.44700000000017,184.50900000000019,184.4150000000002,184.4980000000002,7161
2026-06-25T02:30:00+00:00,184.4980000000002,184.5330000000002,184.4880000000002,184.53000000000017,4747
2026-06-25T03:00:00+00:00,184.53000000000017,184.59600000000017,184.5230000000002,184.56200000000018,5672
2026-06-25T03:30:00+00:00,184.56200000000018,184.66900000000018,184.5590000000002,184.64600000000019,4534
2026-06-25T04:00:00+00:00,184.64600000000019,184.66700000000017,184.6130000000002,184.64400000000018,4237
2026-06-25T04:30:00+00:00,184.64400000000018,184.6650000000002,184.6060000000002,184.64600000000019,3290
2026-06-25T05:00:00+00:00,184.64600000000019,184.65700000000018,184.56000000000017,184.5640000000002,4789
2026-06-25T05:30:00+00:00,184.5640000000002,184.6350000000002,184.55400000000017,184.60900000000018,5098
2026-06-25T06:00:00+00:00,184.60900000000018,184.67900000000017,184.57400000000018,184.6490000000002,7182
2026-06-25T06:30:00+00:00,184.6490000000002,184.6490000000002,184.5160000000002,184.5520000000002,7970
2026-06-25T07:00:00+00:00,184.5520000000002,184.6230000000002,184.4280000000002,184.46100000000018,10852
2026-06-25T07:30:00+00:00,184.46100000000018,184.5950000000002,184.4570000000002,184.57400000000018,9638
2026-06-25T08:00:00+00:00,184.57400000000018,184.69800000000018,184.56800000000018,184.6940000000002,10115
2026-06-25T08:30:00+00:00,184.6940000000002,184.7600000000002,184.68000000000018,184.69200000000018,8892
2026-06-25T09:00:00+00:00,184.69200000000018,184.7790000000002,184.6480000000002,184.7680000000002,7453
2026-06-25T09:30:00+00:00,184.7680000000002,184.79800000000017,184.6130000000002,184.61600000000018,7079
2026-06-25T10:00:00+00:00,184.61600000000018,184.61600000000018,184.4860000000002,184.5160000000002,6862
2026-06-25T10:30:00+00:00,184.5160000000002,184.53100000000018,184.39500000000018,184.4260000000002,7769
2026-06-25T11:00:00+00:00,184.4260000000002,184.43600000000018,184.31100000000018,184.31800000000018,7367
2026-06-25T11:30:00+00:00,184.31800000000018,184.37100000000018,184.16100000000017,184.2850000000002,11076
2026-06-25T12:00:00+00:00,184.2850000000002,184.3800000000002,184.2850000000002,184.34600000000017,8490
2026-06-25T12:30:00+00:00,184.34600000000017,184.6290000000002,184.3450000000002,184.5100000000002,19808
2026-06-25T13:00:00+00:00,184.5100000000002,184.6650000000002,184.44700000000017,184.6430000000002,13833
2026-06-25T13:30:00+00:00,184.6430000000002,184.6950000000002,184.5110000000002,184.5640000000002,17173
2026-06-25T14:00:00+00:00,184.5640000000002,184.7490000000002,184.55500000000018,184.69800000000018,20123
2026-06-25T14:30:00+00:00,184.69800000000018,184.7430000000002,184.62100000000018,184.67500000000018,16533
2026-06-25T15:00:00+00:00,184.67500000000018,184.8620000000002,184.6650000000002,184.83500000000018,17470
2026-06-25T15:30:00+00:00,184.83500000000018,184.8440000000002,184.77100000000019,184.8190000000002,13609
2026-06-25T16:00:00+00:00,184.8190000000002,184.8620000000002,184.76900000000018,184.85200000000017,9960
2026-06-25T16:30:00+00:00,184.85200000000017,184.85400000000018,184.7250000000002,184.7600000000002,7735
2026-06-25T17:00:00+00:00,184.7600000000002,184.7730000000002,184.7260000000002,184.76300000000018,7309
2026-06-25T17:30:00+00:00,184.76300000000018,184.8140000000002,184.7500000000002,184.78000000000017,6025
2026-06-25T18:00:00+00:00,184.78000000000017,184.8680000000002,184.7730000000002,184.84100000000018,8496
2026-06-25T18:30:00+00:00,184.84100000000018,184.8430000000002,184.76300000000018,184.77700000000019,6292
2026-06-25T19:00:00+00:00,184.77700000000019,184.8390000000002,184.74700000000018,184.83600000000018,5445
2026-06-25T19:30:00+00:00,184.83600000000018,184.8370000000002,184.7260000000002,184.76300000000018,6042
2026-06-25T20:00:00+00:00,184.76300000000018,184.7970000000002,184.7500000000002,184.77500000000018,4138
2026-06-25T20:30:00+00:00,184.77500000000018,184.7910000000002,184.7000000000002,184.7000000000002,2764
2026-06-25T21:00:00+00:00,184.7000000000002,184.7430000000002,184.62600000000018,184.7010000000002,762.8881536945224
2026-06-25T21:30:00+00:00,184.7010000000002,184.78000000000017,184.6480000000002,184.7080000000002,2081
2026-06-25T22:00:00+00:00,184.7080000000002,184.74700000000018,184.69100000000017,184.69300000000018,1407
2026-06-25T22:30:00+00:00,184.69300000000018,184.71500000000017,184.6540000000002,184.70900000000017,2121
2026-06-25T23:00:00+00:00,184.70900000000017,184.71100000000018,184.62200000000018,184.6430000000002,3458
2026-06-25T23:30:00+00:00,184.6430000000002,184.6480000000002,184.57900000000018,184.59000000000017,3156
2026-06-26T00:00:00+00:00,184.59000000000017,184.6640000000002,184.57900000000018,184.66300000000018,7857
2026-06-26T00:30:00+00:00,184.66300000000018,184.7200000000002,184.61500000000018,184.6780000000002,7172
2026-06-26T01:00:00+00:00,184.6780000000002,184.7320000000002,184.6720000000002,184.70400000000018,7170
2026-06-26T01:30:00+00:00,184.70400000000018,184.7130000000002,184.5120000000002,184.56100000000018,7461
2026-06-26T02:00:00+00:00,184.56100000000018,184.61000000000018,184.47800000000018,184.5000000000002,7142
2026-06-26T02:30:00+00:00,184.5000000000002,184.56100000000018,184.47900000000018,184.52500000000018,5608
2026-06-26T03:00:00+00:00,184.52500000000018,184.56700000000018,184.4940000000002,184.5510000000002,5629
2026-06-26T03:30:00+00:00,184.5510000000002,184.59100000000018,184.47800000000018,184.5820000000002,7399
2026-06-26T04:00:00+00:00,184.5820000000002,184.6230000000002,184.52700000000019,184.56100000000018,6245
2026-06-26T04:30:00+00:00,184.56100000000018,184.6530000000002,184.47800000000018,184.6410000000002,5871
2026-06-26T05:00:00+00:00,184.6410000000002,184.6530000000002,184.61400000000017,184.62800000000018,5947
2026-06-26T05:30:00+00:00,184.62800000000018,184.65600000000018,184.5640000000002,184.5710000000002,8237
2026-06-26T06:00:00+00:00,184.5710000000002,184.74000000000018,184.5580000000002,184.7250000000002,10429
2026-06-26T06:30:00+00:00,184.7250000000002,184.7790000000002,184.67500000000018,184.7190000000002,10979
2026-06-26T07:00:00+00:00,184.7190000000002,184.75100000000018,184.65700000000018,184.68600000000018,10650
2026-06-26T07:30:00+00:00,184.68600000000018,184.84200000000018,184.68000000000018,184.80000000000018,10778
2026-06-26T08:00:00+00:00,184.80000000000018,185.0060000000002,184.7360000000002,184.9990000000002,15144
2026-06-26T08:30:00+00:00,184.9990000000002,185.1010000000002,184.94800000000018,184.9920000000002,12303
2026-06-26T09:00:00+00:00,184.9920000000002,185.0340000000002,184.8790000000002,185.02600000000018,10937
2026-06-26T09:30:00+00:00,185.02600000000018,185.13200000000018,185.0100000000002,185.1010000000002,10092
2026-06-26T10:00:00+00:00,185.1010000000002,185.11400000000017,185.0180000000002,185.0410000000002,9699
2026-06-26T10:30:00+00:00,185.0410000000002,185.09200000000018,185.0280000000002,185.0810000000002,8402
2026-06-26T11:00:00+00:00,185.0810000000002,185.11400000000017,185.0180000000002,185.1010000000002,9048
2026-06-26T11:30:00+00:00,185.1010000000002,185.10400000000018,184.9690000000002,185.03000000000017,10666
2026-06-26T12:00:00+00:00,185.03000000000017,185.16200000000018,185.01500000000019,185.1350000000002,10351
2026-06-26T12:30:00+00:00,185.1350000000002,185.58500000000018,185.10200000000017,185.48900000000017,14689
2026-06-26T13:00:00+00:00,185.48900000000017,185.53100000000018,185.3020000000002,185.39600000000019,17579
2026-06-26T13:30:00+00:00,185.39600000000019,185.42900000000017,185.3150000000002,185.41800000000018,14328
2026-06-26T14:00:00+00:00,185.41800000000018,185.4640000000002,185.2830000000002,185.2890000000002,12272
2026-06-26T14:30:00+00:00,185.2890000000002,185.3070000000002,185.02000000000018,185.03800000000018,16264
2026-06-26T15:00:00+00:00,185.03800000000018,185.13900000000018,185.01400000000018,185.12600000000018,11420
2026-06-26T15:30:00+00:00,185.12600000000018,185.1600000000002,185.04200000000017,185.10900000000018,10379
2026-06-26T16:00:00+00:00,185.10900000000018,185.11600000000018,184.99100000000018,184.9990000000002,8387
2026-06-26T16:30:00+00:00,184.9990000000002,185.0330000000002,184.9030000000002,184.99500000000018,7308
2026-06-26T17:00:00+00:00,184.99500000000018,185.03100000000018,184.96500000000017,184.9680000000002,5262
2026-06-26T17:30:00+00:00,184.9680000000002,184.99000000000018,184.91900000000018,184.96000000000018,4823
2026-06-26T18:00:00+00:00,184.96000000000018,185.0120000000002,184.94700000000017,184.9680000000002,5016
2026-06-26T18:30:00+00:00,184.9680000000002,184.98300000000017,184.9100000000002,184.9140000000002,4372
2026-06-26T19:00:00+00:00,184.9140000000002,184.9200000000002,184.8320000000002,184.8500000000002,4376
2026-06-26T19:30:00+00:00,184.8500000000002,184.9750000000002,184.8390000000002,184.9520000000002,5968
2026-06-26T20:00:00+00:00,184.9520000000002,185.0180000000002,184.91100000000017,184.9750000000002,3505
2026-06-26T20:30:00+00:00,184.9750000000002,185.0000000000002,184.83600000000018,184.85200000000017,4652
2026-06-28T21:00:00+00:00,184.85200000000017,184.85200000000017,184.65000000000018,184.69500000000016,218.1096839125557
2026-06-28T21:30:00+00:00,184.69500000000016,184.78100000000018,184.59800000000018,184.67100000000016,702.5557177097726
2026-06-28T22:00:00+00:00,184.67100000000016,184.79500000000016,184.67100000000016,184.74900000000017,2247
2026-06-28T22:30:00+00:00,184.74900000000017,184.81100000000015,184.74600000000015,184.78900000000016,1116
2026-06-28T23:00:00+00:00,184.78900000000016,184.80900000000017,184.77000000000015,184.78000000000014,2168
2026-06-28T23:30:00+00:00,184.78000000000014,184.81500000000017,184.73600000000016,184.78500000000017,2647
2026-06-29T00:00:00+00:00,184.78500000000017,184.78500000000017,184.70200000000017,184.74900000000017,9605
2026-06-29T00:30:00+00:00,184.74900000000017,184.80200000000016,184.73100000000017,184.78200000000015,8139
2026-06-29T01:00:00+00:00,184.78200000000015,184.82700000000017,184.74300000000017,184.81100000000015,8672
2026-06-29T01:30:00+00:00,184.81100000000015,184.84400000000016,184.76100000000017,184.78400000000016,6879
2026-06-29T02:00:00+00:00,184.78400000000016,184.87500000000014,184.74300000000017,184.87200000000016,6827
2026-06-29T02:30:00+00:00,184.87200000000016,184.87200000000016,184.80500000000015,184.81900000000016,6459
2026-06-29T03:00:00+00:00,184.81900000000016,184.85000000000016,184.79700000000017,184.81700000000015,4661
2026-06-29T03:30:00+00:00,184.81700000000015,184.85000000000016,184.75400000000016,184.75700000000015,4889
2026-06-29T04:00:00+00:00,184.75700000000015,184.78200000000015,184.72700000000015,184.78000000000014,4135
2026-06-29T04:30:00+00:00,184.78000000000014,184.80400000000014,184.73800000000014,184.76700000000017,4462
2026-06-29T05:00:00+00:00,184.76700000000017,184.82900000000015,184.76300000000015,184.82000000000016,5148
2026-06-29T05:30:00+00:00,184.82000000000016,184.95100000000016,184.81800000000015,184.94400000000016,5675
2026-06-29T06:00:00+00:00,184.94400000000016,185.04800000000014,184.91000000000017,185.03700000000015,7650
2026-06-29T06:30:00+00:00,185.03700000000015,185.25400000000016,185.02300000000017,185.21700000000016,10952
2026-06-29T07:00:00+00:00,185.21700000000016,185.23900000000015,185.12200000000016,185.15100000000015,8638
2026-06-29T07:30:00+00:00,185.15100000000015,185.20200000000017,185.06200000000015,185.09900000000016,9756
2026-06-29T08:00:00+00:00,185.09900000000016,185.16000000000017,185.03900000000016,185.11000000000016,9361
2026-06-29T08:30:00+00:00,185.11000000000016,185.16400000000016,184.96400000000017,185.02900000000017,7778
2026-06-29T09:00:00+00:00,185.02900000000017,185.16000000000017,184.99800000000016,185.11700000000016,7573
2026-06-29T09:30:00+00:00,185.11700000000016,185.19100000000014,185.08900000000017,185.18200000000016,9107
2026-06-29T10:00:00+00:00,185.18200000000016,185.21400000000017,185.12700000000015,185.14900000000014,6471
2026-06-29T10:30:00+00:00,185.14900000000014,185.18700000000015,185.11300000000014,185.16900000000015,6991
2026-06-29T11:00:00+00:00,185.16900000000015,185.20800000000017,185.11500000000015,185.11800000000017,7162
2026-06-29T11:30:00+00:00,185.11800000000017,185.24900000000017,185.06400000000016,185.22200000000015,9328
2026-06-29T12:00:00+00:00,185.22200000000015,185.22700000000015,185.14000000000016,185.18000000000015,9113
2026-06-29T12:30:00+00:00,185.18000000000015,185.23100000000017,185.14500000000015,185.18200000000016,9597
2026-06-29T13:00:00+00:00,185.18200000000016,185.26100000000017,185.15900000000016,185.24900000000017,8625
2026-06-29T13:30:00+00:00,185.24900000000017,185.38000000000017,185.20700000000016,185.37500000000014,13904
2026-06-29T14:00:00+00:00,185.37500000000014,185.46100000000015,185.23700000000017,185.41800000000015,18851
2026-06-29T14:30:00+00:00,185.41800000000015,185.55800000000016,185.36400000000015,185.53100000000015,14348
2026-06-29T15:00:00+00:00,185.53100000000015,185.57300000000015,185.44700000000014,185.54900000000015,10237
2026-06-29T15:30:00+00:00,185.54900000000015,185.59100000000015,185.50500000000017,185.57200000000014,9935
2026-06-29T16:00:00+00:00,185.57200000000014,185.62200000000016,185.56400000000016,185.57300000000015,7299
2026-06-29T16:30:00+00:00,185.57300000000015,185.66700000000014,185.57100000000017,185.61100000000016,5476
2026-06-29T17:00:00+00:00,185.61100000000016,185.63000000000017,185.54900000000015,185.56800000000015,5779
2026-06-29T17:30:00+00:00,185.56800000000015,185.64100000000016,185.54900000000015,185.61900000000014,5173
2026-06-29T18:00:00+00:00,185.61900000000014,185.65900000000016,185.61100000000016,185.64600000000016,4577
2026-06-29T18:30:00+00:00,185.64600000000016,185.67800000000017,185.62800000000016,185.64000000000016,5229
2026-06-29T19:00:00+00:00,185.64000000000016,185.64500000000015,185.58000000000015,185.60600000000017,4371
2026-06-29T19:30:00+00:00,185.60600000000017,185.62000000000015,185.57700000000017,185.60800000000015,5089
2026-06-29T20:00:00+00:00,185.60800000000015,185.63500000000016,185.59700000000015,185.62300000000016,2759
2026-06-29T20:30:00+00:00,185.62300000000016,185.62300000000016,185.53400000000016,185.53700000000015,2130
2026-06-29T21:00:00+00:00,185.53700000000015,185.57000000000016,185.42000000000016,185.56400000000016,681
2026-06-29T21:30:00+00:00,185.56400000000016,185.57900000000015,185.54800000000014,185.55900000000017,1235
2026-06-29T22:00:00+00:00,185.55900000000017,185.60100000000014,185.54300000000015,185.57700000000017,1166
2026-06-29T22:30:00+00:00,185.57700000000017,185.58400000000015,185.54500000000016,185.57000000000016,1019
2026-06-29T23:00:00+00:00,185.57000000000016,185.57400000000015,185.53700000000015,185.54600000000016,1532
2026-06-29T23:30:00+00:00,185.54600000000016,185.55400000000014,185.48200000000014,185.48200000000014,1723
2026-06-30T00:00:00+00:00,185.48200000000014,185.52500000000015,185.42900000000014,185.44600000000017,7741
2026-06-30T00:30:00+00:00,185.44600000000017,185.94100000000014,185.42700000000016,185.67700000000016,14791
2026-06-30T01:00:00+00:00,185.67700000000016,185.75900000000016,185.54800000000014,185.64500000000015,14513
2026-06-30T01:30:00+00:00,185.64500000000015,185.64600000000016,185.51400000000015,185.53500000000017,10003
2026-06-30T02:00:00+00:00,185.53500000000017,185.56600000000014,185.45000000000016,185.48300000000015,7455
2026-06-30T02:30:00+00:00,185.48300000000015,185.52200000000016,185.46700000000016,185.48400000000015,6134
2026-06-30T03:00:00+00:00,185.48400000000015,185.55400000000014,185.31700000000015,185.41900000000015,7941
2026-06-30T03:30:00+00:00,185.41900000000015,185.44800000000015,185.37800000000016,185.43400000000017,5575
2026-06-30T04:00:00+00:00,185.43400000000017,185.45800000000017,185.38200000000015,185.40200000000016,4189
2026-06-30T04:30:00+00:00,185.40200000000016,185.45700000000016,185.30800000000016,185.32000000000016,5766
2026-06-30T05:00:00+00:00,185.32000000000016,185.36600000000016,185.25200000000015,185.34600000000015,7985
2026-06-30T05:30:00+00:00,185.34600000000015,185.42900000000014,185.29600000000016,185.34900000000016,6019
2026-06-30T06:00:00+00:00,185.34900000000016,185.53000000000014,185.33800000000016,185.49300000000017,12097
2026-06-30T06:30:00+00:00,185.49300000000017,185.60000000000016,185.49200000000016,185.54100000000017,11822
2026-06-30T07:00:00+00:00,185.54100000000017,185.60800000000015,185.51600000000016,185.55500000000015,12013
2026-06-30T07:30:00+00:00,185.55500000000015,185.57100000000017,185.48600000000016,185.53200000000015,10063
2026-06-30T08:00:00+00:00,185.53200000000015,185.53200000000015,185.39700000000016,185.49200000000016,14681
2026-06-30T08:30:00+00:00,185.49200000000016,185.56100000000015,185.41400000000016,185.51500000000016,10978
2026-06-30T09:00:00+00:00,185.51500000000016,185.56600000000014,185.45000000000016,185.47900000000016,8755
2026-06-30T09:30:00+00:00,185.47900000000016,185.56800000000015,185.42600000000016,185.54800000000014,8914
2026-06-30T10:00:00+00:00,185.54800000000014,185.58100000000016,185.51000000000016,185.56100000000015,8147
2026-06-30T10:30:00+00:00,185.56100000000015,185.67200000000017,185.52700000000016,185.64900000000014,8821
2026-06-30T11:00:00+00:00,185.64900000000014,185.69600000000017,185.60500000000016,185.64200000000017,12044
2026-06-30T11:30:00+00:00,185.64200000000017,185.66800000000015,185.50200000000015,185.62000000000015,9906
2026-06-30T12:00:00+00:00,185.62000000000015,185.68700000000015,185.58300000000017,185.66200000000015,10765
2026-06-30T12:30:00+00:00,185.66200000000015,185.74700000000016,185.21400000000017,185.65600000000015,17194
2026-06-30T13:00:00+00:00,185.65600000000015,185.75900000000016,185.62400000000017,185.67500000000015,9237
2026-06-30T13:30:00+00:00,185.67500000000015,185.78200000000015,185.66700000000014,185.73600000000016,10851
2026-06-30T14:00:00+00:00,185.73600000000016,185.98600000000016,185.64400000000015,185.93700000000015,18773
2026-06-30T14:30:00+00:00,185.93700000000015,186.42300000000014,185.88800000000015,186.38500000000016,27229
2026-06-30T15:00:00+00:00,186.38500000000016,186.44700000000014,186.23000000000016,186.23500000000016,17366
2026-06-30T15:30:00+00:00,186.23500000000016,186.32800000000015,186.19600000000017,186.23800000000014,11908
2026-06-30T16:00:00+00:00,186.23800000000014,186.26900000000015,186.19800000000015,186.21500000000015,7953
2026-06-30T16:30:00+00:00,186.21500000000015,186.24900000000017,186.17900000000014,186.22600000000014,7748
2026-06-30T17:00:00+00:00,186.22600000000014,186.27200000000016,186.21000000000015,186.23700000000017,6488
2026-06-30T17:30:00+00:00,186.23700000000017,186.27900000000017,186.22200000000015,186.27500000000015,5765
2026-06-30T18:00:00+00:00,186.27500000000015,186.37700000000015,186.27300000000017,186.35100000000014,6101
2026-06-30T18:30:00+00:00,186.35100000000014,186.35900000000015,186.25200000000015,186.29400000000015,5850
2026-06-30T19:00:00+00:00,186.29400000000015,186.29800000000014,186.23100000000017,186.23800000000014,7937
2026-06-30T19:30:00+00:00,186.23800000000014,186.36900000000014,186.23000000000016,186.35500000000016,8580
2026-06-30T20:00:00+00:00,186.35500000000016,186.37300000000016,186.29700000000017,186.32300000000015,6559
2026-06-30T20:30:00+00:00,186.32300000000015,186.32900000000015,186.22900000000016,186.22900000000016,5428
2026-06-30T21:00:00+00:00,186.22900000000016,186.30900000000017,186.18400000000017,186.27300000000017,861
2026-06-30T21:30:00+00:00,186.27300000000017,186.30400000000014,186.21700000000016,186.25400000000016,1793
2026-06-30T22:00:00+00:00,186.25400000000016,186.32200000000014,186.25000000000014,186.31000000000014,1587
2026-06-30T22:30:00+00:00,186.31000000000014,186.32400000000015,186.26700000000017,186.27600000000015,607
2026-06-30T23:00:00+00:00,186.27600000000015,186.27700000000016,186.17600000000016,186.18800000000016,1800
2026-06-30T23:30:00+00:00,186.18800000000016,186.20700000000016,186.16500000000016,186.19800000000015,2696
2026-07-01T00:00:00+00:00,186.19800000000015,186.25500000000017,186.19100000000014,186.20100000000016,6344
2026-07-01T00:30:00+00:00,186.20100000000016,186.29500000000016,186.17300000000014,186.19600000000017,8550
2026-07-01T01:00:00+00:00,186.19600000000017,186.21000000000015,186.09600000000015,186.13700000000014,9375
2026-07-01T01:30:00+00:00,186.13700000000014,186.14000000000016,186.02500000000015,186.11400000000015,7296
2026-07-01T02:00:00+00:00,186.11400000000015,186.15500000000014,186.10600000000017,186.11400000000015,5824
2026-07-01T02:30:00+00:00,186.11400000000015,186.26500000000016,186.11200000000017,186.20500000000015,5720
2026-07-01T03:00:00+00:00,186.20500000000015,186.28900000000016,186.19800000000015,186.26300000000015,5576
2026-07-01T03:30:00+00:00,186.26300000000015,186.28700000000015,186.21600000000015,186.23800000000014,5409
2026-07-01T04:00:00+00:00,186.23800000000014,186.24500000000015,186.20100000000016,186.23700000000017,4688
2026-07-01T04:30:00+00:00,186.23700000000017,186.23900000000015,186.02300000000017,186.22900000000016,8231
2026-07-01T05:00:00+00:00,186.22900000000016,186.28000000000014,186.20300000000015,186.25300000000016,5033
2026-07-01T05:30:00+00:00,186.25300000000016,186.27100000000016,186.10800000000015,186.16600000000017,6733
2026-07-01T06:00:00+00:00,186.16600000000017,186.24400000000014,186.10500000000016,186.10900000000015,10114
2026-07-01T06:30:00+00:00,186.10900000000015,186.15800000000016,186.05200000000016,186.08000000000015,8796
2026-07-01T07:00:00+00:00,186.08000000000015,186.09600000000015,185.90800000000016,185.95000000000016,11937
2026-07-01T07:30:00+00:00,185.95000000000016,186.08900000000017,185.93300000000016,186.05700000000016,9437
2026-07-01T08:00:00+00:00,186.05700000000016,186.09400000000016,185.93300000000016,185.94100000000014,8846
2026-07-01T08:30:00+00:00,185.94100000000014,186.02500000000015,185.90300000000016,185.96300000000016,9096
2026-07-01T09:00:00+00:00,185.96300000000016,186.01800000000014,185.89500000000015,185.90100000000015,10533
2026-07-01T09:30:00+00:00,185.90100000000015,185.91300000000015,185.83100000000016,185.90000000000015,8664
2026-07-01T10:00:00+00:00,185.90000000000015,185.95700000000016,185.86500000000015,185.95700000000016,7504
2026-07-01T10:30:00+00:00,185.95700000000016,186.04300000000015,185.94900000000015,186.01200000000014,5940
2026-07-01T11:00:00+00:00,186.01200000000014,186.02300000000017,185.94100000000014,185.97400000000016,8451
2026-07-01T11:30:00+00:00,185.97400000000016,185.99400000000014,185.81200000000015,185.82200000000014,10813
2026-07-01T12:00:00+00:00,185.82200000000014,185.86200000000017,185.73900000000015,185.74700000000016,11602
2026-07-01T12:30:00+00:00,185.74700000000016,185.77900000000017,185.58300000000017,185.58500000000015,13558
2026-07-01T13:00:00+00:00,185.58500000000015,185.70500000000015,185.46100000000015,185.67300000000014,20638
2026-07-01T13:30:00+00:00,185.67300000000014,185.80400000000014,185.62100000000015,185.64500000000015,27791
2026-07-01T14:00:00+00:00,185.64500000000015,185.74100000000016,185.55400000000014,185.63700000000014,20193
2026-07-01T14:30:00+00:00,185.63700000000014,185.67700000000016,185.51700000000017,185.63600000000017,20346
2026-07-01T15:00:00+00:00,185.63600000000017,185.64600000000016,185.48300000000015,185.60400000000016,15118
2026-07-01T15:30:00+00:00,185.60400000000016,185.62600000000015,185.44600000000017,185.47200000000015,12893
2026-07-01T16:00:00+00:00,185.47200000000015,185.57200000000014,185.46200000000016,185.47800000000015,12617
2026-07-01T16:30:00+00:00,185.47800000000015,185.51100000000017,185.43300000000016,185.49700000000016,9756
2026-07-01T17:00:00+00:00,185.49700000000016,185.58300000000017,185.46300000000016,185.56800000000015,8756
2026-07-01T17:30:00+00:00,185.56800000000015,185.59500000000014,185.52500000000015,185.56000000000014,7090
2026-07-01T18:00:00+00:00,185.56000000000014,185.57500000000016,185.50400000000016,185.54300000000015,6873
2026-07-01T18:30:00+00:00,185.54300000000015,185.54900000000015,185.50200000000015,185.52800000000016,7353
2026-07-01T19:00:00+00:00,185.52800000000016,185.55300000000017,185.51000000000016,185.52200000000016,5317
2026-07-01T19:30:00+00:00,185.52200000000016,185.57600000000016,185.51100000000017,185.56600000000014,6803
2026-07-01T20:00:00+00:00,185.56600000000014,185.57900000000015,185.53200000000015,185.56600000000014,4682
2026-07-01T20:30:00+00:00,185.56600000000014,185.59300000000016,185.53300000000016,185.53300000000016,3144
2026-07-01T21:00:00+00:00,185.53300000000016,185.53900000000016,185.48200000000014,185.53000000000014,1264
2026-07-01T21:30:00+00:00,185.53000000000014,185.55500000000015,185.52600000000015,185.52900000000017,636
2026-07-01T22:00:00+00:00,185.52900000000017,185.55500000000015,185.52300000000017,185.55400000000014,829
2026-07-01T22:30:00+00:00,185.55400000000014,185.55400000000014,185.51900000000015,185.53400000000016,595
2026-07-01T23:00:00+00:00,185.53400000000016,185.56300000000016,185.51600000000016,185.56000000000014,1421.788727715646
2026-07-01T23:30:00+00:00,185.56000000000014,185.57600000000016,185.48500000000016,185.52300000000014,2407
2026-07-02T00:00:00+00:00,185.52300000000014,185.56000000000014,185.48000000000016,185.54400000000015,8296
2026-07-02T00:30:00+00:00,185.54400000000015,185.59200000000016,185.48600000000016,185.52300000000014,8701
2026-07-02T01:00:00+00:00,185.52300000000014,185.58900000000014,185.50700000000015,185.56500000000014,7179
2026-07-02T01:30:00+00:00,185.56500000000014,185.60800000000015,185.54200000000014,185.57200000000014,6381
2026-07-02T02:00:00+00:00,185.57200000000014,185.66900000000015,185.56900000000016,185.61500000000015,5946
2026-07-02T02:30:00+00:00,185.61500000000015,185.61600000000016,185.55000000000015,185.56800000000015,4975
2026-07-02T03:00:00+00:00,185.56800000000015,185.59500000000014,185.50000000000014,185.53600000000014,4261
2026-07-02T03:30:00+00:00,185.53600000000014,185.55500000000015,185.45700000000016,185.49700000000016,4926
2026-07-02T04:00:00+00:00,185.49700000000016,185.52600000000015,185.45200000000014,185.52000000000015,6711
2026-07-02T04:30:00+00:00,185.52000000000015,185.54500000000016,185.49900000000014,185.53700000000015,5171
2026-07-02T05:00:00+00:00,185.53700000000015,185.54900000000015,185.45400000000015,185.46600000000015,6195
2026-07-02T05:30:00+00:00,185.46600000000015,185.47200000000015,185.37300000000016,185.41000000000014,6331
2026-07-02T06:00:00+00:00,185.41000000000014,185.41600000000014,185.26200000000014,185.34400000000014,14504
2026-07-02T06:30:00+00:00,185.34400000000014,185.36200000000014,184.31900000000016,184.97400000000016,25742
2026-07-02T07:00:00+00:00,184.97400000000016,185.09100000000015,184.71100000000015,184.90700000000015,21569
2026-07-02T07:30:00+00:00,184.90700000000015,184.92400000000015,184.66600000000014,184.74200000000016,23757
2026-07-02T08:00:00+00:00,184.74200000000016,184.79200000000014,184.58500000000015,184.61600000000016,27024
2026-07-02T08:30:00+00:00,184.61600000000016,184.67500000000015,184.33200000000016,184.47100000000015,23065
2026-07-02T09:00:00+00:00,184.47100000000015,184.72500000000014,184.45100000000016,184.55700000000016,18216
2026-07-02T09:30:00+00:00,184.55700000000016,184.60600000000014,184.45700000000016,184.50600000000014,16742
2026-07-02T10:00:00+00:00,184.50600000000014,184.79000000000016,184.50000000000014,184.76700000000014,13400
2026-07-02T10:30:00+00:00,184.76700000000014,184.77700000000016,184.66200000000015,184.69700000000014,9992
2026-07-02T11:00:00+00:00,184.69700000000014,184.76000000000016,184.65300000000016,184.74600000000015,11699
2026-07-02T11:30:00+00:00,184.74600000000015,184.78500000000014,184.68200000000016,184.72800000000015,8972
2026-07-02T12:00:00+00:00,184.72800000000015,184.81700000000015,184.67300000000014,184.70800000000014,15272
2026-07-02T12:30:00+00:00,184.70800000000014,185.00300000000016,184.49900000000014,184.97700000000015,42402
2026-07-02T13:00:00+00:00,184.97700000000015,185.02100000000016,184.88000000000014,184.91000000000014,18013
2026-07-02T13:30:00+00:00,184.91000000000014,184.93200000000016,184.76100000000014,184.76500000000016,15885
2026-07-02T14:00:00+00:00,184.76500000000016,184.92700000000016,184.74300000000014,184.86100000000016,18092
2026-07-02T14:30:00+00:00,184.86100000000016,184.88400000000016,184.73300000000015,184.87400000000014,18220
2026-07-02T15:00:00+00:00,184.87400000000014,184.87900000000016,184.64900000000014,184.65600000000015,17367
2026-07-02T15:30:00+00:00,184.65600000000015,184.79200000000014,184.61500000000015,184.77900000000014,13469
2026-07-02T16:00:00+00:00,184.77900000000014,184.80600000000015,184.71600000000015,184.78200000000015,12882
2026-07-02T16:30:00+00:00,184.78200000000015,184.81500000000014,184.69600000000014,184.71500000000015,11129
2026-07-02T17:00:00+00:00,184.71500000000015,184.76300000000015,184.67900000000014,184.75400000000016,8728
2026-07-02T17:30:00+00:00,184.75400000000016,184.76300000000015,184.68600000000015,184.69700000000014,8500
2026-07-02T18:00:00+00:00,184.69700000000014,184.74600000000015,184.68200000000016,184.73900000000015,8538
2026-07-02T18:30:00+00:00,184.73900000000015,184.76200000000014,184.69900000000015,184.70700000000016,6780
2026-07-02T19:00:00+00:00,184.70700000000016,184.73900000000015,184.69700000000014,184.73100000000014,6222
2026-07-02T19:30:00+00:00,184.73100000000014,184.77700000000016,184.72700000000015,184.76400000000015,6595
2026-07-02T20:00:00+00:00,184.76400000000015,184.78700000000015,184.74400000000014,184.77000000000015,2765
2026-07-02T20:30:00+00:00,184.77000000000015,184.81800000000015,184.71100000000015,184.72300000000016,3112
2026-07-02T21:00:00+00:00,184.72300000000016,184.82000000000016,184.68200000000016,184.82000000000016,905.9233515515864
2026-07-02T21:30:00+00:00,184.82000000000016,184.83900000000017,184.77100000000016,184.78500000000017,1520
2026-07-02T22:00:00+00:00,184.78500000000017,184.85500000000016,184.78500000000017,184.84000000000015,1252
2026-07-02T22:30:00+00:00,184.84000000000015,184.96200000000016,184.83400000000015,184.93000000000015,2461
2026-07-02T23:00:00+00:00,184.93000000000015,184.94800000000015,184.90300000000016,184.94800000000015,3013
2026-07-02T23:30:00+00:00,184.94800000000015,185.05900000000017,184.92900000000014,185.04600000000016,4695
2026-07-03T00:00:00+00:00,185.04600000000016,185.10800000000015,184.97900000000016,185.03300000000016,10111
2026-07-03T00:30:00+00:00,185.03300000000016,185.03400000000016,184.86600000000016,184.87800000000016,10348
2026-07-03T01:00:00+00:00,184.87800000000016,184.98800000000017,184.77200000000016,184.91700000000014,13680
2026-07-03T01:30:00+00:00,184.91700000000014,185.05900000000017,184.88800000000015,185.03300000000016,8929
2026-07-03T02:00:00+00:00,185.03300000000016,185.06100000000015,184.97400000000016,185.04700000000017,7202
2026-07-03T02:30:00+00:00,185.04700000000017,185.11100000000016,184.99700000000016,185.00700000000015,6621
2026-07-03T03:00:00+00:00,185.00700000000015,185.03200000000015,184.98000000000016,185.02000000000015,5810
2026-07-03T03:30:00+00:00,185.02000000000015,185.04300000000015,184.98600000000016,185.02600000000015,5236
2026-07-03T04:00:00+00:00,185.02600000000015,185.08500000000015,184.99800000000016,185.04900000000015,4699
2026-07-03T04:30:00+00:00,185.04900000000015,185.11600000000016,185.04600000000016,185.05600000000015,4631
2026-07-03T05:00:00+00:00,185.05600000000015,185.10500000000016,184.99400000000017,185.08200000000016,7681
2026-07-03T05:30:00+00:00,185.08200000000016,185.20200000000017,185.07000000000016,185.14300000000014,6902
2026-07-03T06:00:00+00:00,185.14300000000014,185.14300000000014,185.00400000000016,185.00600000000017,10460
2026-07-03T06:30:00+00:00,185.00600000000017,185.07200000000014,184.54700000000017,184.89300000000014,18793
2026-07-03T07:00:00+00:00,184.89300000000014,184.92400000000015,184.73000000000016,184.77200000000016,13321
2026-07-03T07:30:00+00:00,184.77200000000016,184.96400000000017,184.76200000000017,184.81400000000016,12440
2026-07-03T08:00:00+00:00,184.81400000000016,184.92000000000016,184.78400000000016,184.87500000000017,8429
2026-07-03T08:30:00+00:00,184.87500000000017,185.06100000000015,184.87300000000016,185.05500000000015,7586
2026-07-03T09:00:00+00:00,185.05500000000015,185.08500000000015,184.93100000000015,184.98800000000017,7233
2026-07-03T09:30:00+00:00,184.98800000000017,185.00000000000017,184.93000000000015,184.97100000000015,6406
2026-07-03T10:00:00+00:00,184.97100000000015,185.07900000000015,184.96700000000016,185.03500000000017,6591
2026-07-03T10:30:00+00:00,185.03500000000017,185.09600000000015,185.01400000000015,185.03300000000016,4785
2026-07-03T11:00:00+00:00,185.03300000000016,185.17200000000017,185.03200000000015,185.16900000000015,6490
2026-07-03T11:30:00+00:00,185.16900000000015,185.19400000000016,185.06800000000015,185.11800000000017,6672
2026-07-03T12:00:00+00:00,185.11800000000017,185.15900000000016,185.07900000000015,185.08600000000015,7537
2026-07-03T12:30:00+00:00,185.08600000000015,185.12300000000016,185.06900000000016,185.11700000000016,6564
2026-07-03T13:00:00+00:00,185.11700000000016,185.17500000000015,185.09700000000015,185.11300000000017,8154
2026-07-03T13:30:00+00:00,185.11300000000017,185.15000000000015,185.08200000000016,185.11000000000016,6844
2026-07-03T14:00:00+00:00,185.11000000000016,185.18400000000017,185.09900000000016,185.17600000000016,8198
2026-07-03T14:30:00+00:00,185.17600000000016,185.18800000000016,185.12400000000017,185.17200000000017,6804
2026-07-03T15:00:00+00:00,185.17200000000017,185.23800000000017,185.14000000000016,185.14100000000016,6686
2026-07-03T15:30:00+00:00,185.14100000000016,185.18500000000014,185.10800000000015,185.13000000000017,3849
2026-07-03T16:00:00+00:00,185.13000000000017,185.19800000000015,185.11800000000017,185.18000000000015,3186
2026-07-03T16:30:00+00:00,185.18000000000015,185.20700000000016,185.14600000000016,185.17300000000014,2332
2026-07-03T17:00:00+00:00,185.17300000000014,185.23600000000016,185.11800000000017,185.18100000000015,8607
2026-07-03T17:30:00+00:00,185.18100000000015,185.19500000000016,185.13900000000015,185.16700000000014,7579
2026-07-03T18:00:00+00:00,185.16700000000014,185.20200000000017,185.15400000000017,185.17900000000014,5200
2026-07-03T18:30:00+00:00,185.17900000000014,185.21900000000016,185.16900000000015,185.20000000000016,4446
2026-07-03T19:00:00+00:00,185.20000000000016,185.22400000000016,185.18200000000016,185.19600000000017,3573
2026-07-03T19:30:00+00:00,185.19600000000017,185.21400000000017,185.15300000000016,185.16900000000015,1678
2026-07-03T20:00:00+00:00,185.16900000000015,185.19700000000014,185.15100000000015,185.18900000000016,3886
2026-07-03T20:30:00+00:00,185.18900000000016,185.22600000000017,185.09200000000016,185.09900000000016,4217
2026-07-05T21:00:00+00:00,185.09900000000016,185.10500000000016,184.88100000000014,184.92500000000015,216.5489213630719
2026-07-05T21:30:00+00:00,184.92500000000015,184.94600000000014,184.88900000000015,184.93800000000016,831.8493075440338
2026-07-05T22:00:00+00:00,184.93800000000016,185.13300000000015,184.91400000000016,185.07400000000015,4363
2026-07-05T22:30:00+00:00,185.07400000000015,185.11300000000014,185.06500000000014,185.09200000000016,2293
2026-07-05T23:00:00+00:00,185.09200000000016,185.16100000000014,185.09100000000015,185.15100000000015,2379
2026-07-05T23:30:00+00:00,185.15100000000015,185.17500000000015,185.10600000000014,185.14500000000015,3671
2026-07-06T00:00:00+00:00,185.14500000000015,185.26300000000015,185.14300000000014,185.22000000000014,8568
2026-07-06T00:30:00+00:00,185.22000000000014,185.33900000000014,185.20000000000016,185.25400000000013,10755
2026-07-06T01:00:00+00:00,185.25400000000013,185.42100000000013,185.23700000000014,185.41500000000013,9055
2026-07-06T01:30:00+00:00,185.41500000000013,185.42400000000015,185.36100000000016,185.41400000000016,6575
2026-07-06T02:00:00+00:00,185.41400000000016,185.47200000000015,185.39500000000015,185.41300000000015,5791
2026-07-06T02:30:00+00:00,185.41300000000015,185.46700000000016,185.40400000000014,185.45400000000015,5599
2026-07-06T03:00:00+00:00,185.45400000000015,185.49900000000014,185.43400000000014,185.43800000000016,4738
2026-07-06T03:30:00+00:00,185.43800000000016,185.51200000000014,185.41400000000016,185.50200000000015,4457
2026-07-06T04:00:00+00:00,185.50200000000015,185.52500000000015,185.48200000000014,185.51600000000013,3948
2026-07-06T04:30:00+00:00,185.51600000000013,185.63700000000014,185.51100000000014,185.63300000000015,4635
2026-07-06T05:00:00+00:00,185.63300000000015,185.64200000000014,185.53200000000015,185.58300000000014,5668
2026-07-06T05:30:00+00:00,185.58300000000014,185.67500000000015,185.57700000000014,185.64200000000014,6382
2026-07-06T06:00:00+00:00,185.64200000000014,185.82700000000014,185.64200000000014,185.76400000000015,11941
2026-07-06T06:30:00+00:00,185.76400000000015,185.85700000000014,185.67200000000014,185.82400000000015,10363
2026-07-06T07:00:00+00:00,185.82400000000015,185.89900000000014,185.74200000000016,185.83500000000015,12118
2026-07-06T07:30:00+00:00,185.83500000000015,185.84400000000014,185.74400000000014,185.78000000000014,9504
2026-07-06T08:00:00+00:00,185.78000000000014,185.85100000000014,185.70400000000015,185.73800000000014,8609
2026-07-06T08:30:00+00:00,185.73800000000014,185.78500000000014,185.69900000000015,185.78400000000013,6832
2026-07-06T09:00:00+00:00,185.78400000000013,185.82100000000014,185.74300000000014,185.79400000000015,7539
2026-07-06T09:30:00+00:00,185.79400000000015,185.81900000000016,185.72300000000016,185.76100000000014,6452
2026-07-06T10:00:00+00:00,185.76100000000014,185.84000000000015,185.71500000000015,185.80700000000016,8783
2026-07-06T10:30:00+00:00,185.80700000000016,185.87100000000015,185.80400000000014,185.84000000000015,6363
2026-07-06T11:00:00+00:00,185.84000000000015,185.85300000000015,185.77700000000016,185.80200000000013,6639
2026-07-06T11:30:00+00:00,185.80200000000013,185.83200000000014,185.74800000000016,185.79800000000014,7464
2026-07-06T12:00:00+00:00,185.79800000000014,185.85200000000015,185.78400000000013,185.84600000000015,8724
2026-07-06T12:30:00+00:00,185.84600000000015,185.88800000000015,185.79700000000014,185.83600000000015,7509
2026-07-06T13:00:00+00:00,185.83600000000015,185.90700000000015,185.81500000000014,185.88400000000016,9130
2026-07-06T13:30:00+00:00,185.88400000000016,185.91000000000014,185.69300000000015,185.76100000000014,9542
2026-07-06T14:00:00+00:00,185.76100000000014,185.82300000000015,185.72800000000015,185.75200000000015,8920
2026-07-06T14:30:00+00:00,185.75200000000015,185.90300000000013,185.74400000000014,185.85700000000014,9422
2026-07-06T15:00:00+00:00,185.85700000000014,185.88300000000015,185.79800000000014,185.84500000000014,7820
2026-07-06T15:30:00+00:00,185.84500000000014,185.93500000000014,185.82400000000015,185.90400000000014,6253
2026-07-06T16:00:00+00:00,185.90400000000014,185.97400000000016,185.90400000000014,185.93700000000015,4821
2026-07-06T16:30:00+00:00,185.93700000000015,185.99400000000014,185.90100000000015,185.96400000000014,5119
2026-07-06T17:00:00+00:00,185.96400000000014,186.02100000000016,185.95600000000016,185.98000000000016,4883
2026-07-06T17:30:00+00:00,185.98000000000016,186.00700000000015,185.94100000000014,185.95800000000014,5078
2026-07-06T18:00:00+00:00,185.95800000000014,185.97500000000014,185.92000000000016,185.96500000000015,3681
2026-07-06T18:30:00+00:00,185.96500000000015,186.01800000000014,185.89700000000013,185.91900000000015,5527
2026-07-06T19:00:00+00:00,185.91900000000015,185.95900000000015,185.90100000000015,185.92500000000015,4445
2026-07-06T19:30:00+00:00,185.92500000000015,185.94000000000014,185.87600000000015,185.90000000000015,5546
2026-07-06T20:00:00+00:00,185.90000000000015,185.95200000000014,185.87800000000016,185.92600000000016,3178
2026-07-06T20:30:00+00:00,185.92600000000016,185.95200000000014,185.91400000000016,185.91800000000015,2588
2026-07-06T21:00:00+00:00,185.91800000000015,185.93200000000016,185.89100000000013,185.91400000000016,761
2026-07-06T21:30:00+00:00,185.91400000000016,186.00100000000015,185.88200000000015,185.97700000000015,3882
2026-07-06T22:00:00+00:00,185.97700000000015,186.00300000000016,185.92900000000014,185.96300000000014,1789
2026-07-06T22:30:00+00:00,185.96300000000014,185.98100000000014,185.95100000000014,185.97900000000016,824
2026-07-06T23:00:00+00:00,185.97900000000016,185.98100000000014,185.92100000000013,185.92200000000014,2148
2026-07-06T23:30:00+00:00,185.92200000000014,185.97000000000014,185.91200000000015,185.94700000000014,2646
2026-07-07T00:00:00+00:00,185.94700000000014,186.01800000000014,185.94400000000016,185.99100000000016,6102
2026-07-07T00:30:00+00:00,185.99100000000016,186.02100000000016,185.93900000000014,185.94900000000015,8242
2026-07-07T01:00:00+00:00,185.94900000000015,185.97200000000015,185.82400000000015,185.83700000000016,6739
2026-07-07T01:30:00+00:00,185.83700000000016,185.83800000000014,185.56100000000015,185.73500000000016,13259
2026-07-07T02:00:00+00:00,185.73500000000016,185.75700000000015,185.66300000000015,185.74200000000016,6628
2026-07-07T02:30:00+00:00,185.74200000000016,185.75200000000015,185.70000000000016,185.71900000000014,4984
2026-07-07T03:00:00+00:00,185.71900000000014,185.74900000000014,185.60200000000015,185.61400000000015,6881
2026-07-07T03:30:00+00:00,185.61400000000015,185.66000000000014,185.59800000000016,185.62100000000015,5412
2026-07-07T04:00:00+00:00,185.62100000000015,185.65300000000013,185.53400000000013,185.54900000000015,3971
2026-07-07T04:30:00+00:00,185.54900000000015,185.55000000000015,185.43300000000013,185.51100000000014,6923
2026-07-07T05:00:00+00:00,185.51100000000014,185.54600000000013,185.46200000000016,185.50600000000014,7587
2026-07-07T05:30:00+00:00,185.50600000000014,185.54200000000014,185.42900000000014,185.53600000000014,7078
2026-07-07T06:00:00+00:00,185.53600000000014,185.67800000000014,185.48700000000014,185.65300000000013,8469
2026-07-07T06:30:00+00:00,185.65300000000013,185.69400000000016,185.62800000000016,185.68400000000014,7086
2026-07-07T07:00:00+00:00,185.68400000000014,185.71700000000016,185.28600000000014,185.55700000000016,12349
2026-07-07T07:30:00+00:00,185.55700000000016,185.60700000000014,185.45100000000014,185.53100000000015,11912
2026-07-07T08:00:00+00:00,185.53100000000015,185.62000000000015,185.47500000000014,185.61100000000016,8225
2026-07-07T08:30:00+00:00,185.61100000000016,185.64100000000013,185.48000000000016,185.50500000000014,9680
2026-07-07T09:00:00+00:00,185.50500000000014,185.52400000000014,185.41400000000016,185.48300000000015,8020
2026-07-07T09:30:00+00:00,185.48300000000015,185.55100000000016,185.45000000000016,185.50800000000015,7319
2026-07-07T10:00:00+00:00,185.50800000000015,185.55700000000016,185.48000000000016,185.53000000000014,6914
2026-07-07T10:30:00+00:00,185.53000000000014,185.64900000000014,185.52100000000016,185.64500000000015,5686
2026-07-07T11:00:00+00:00,185.64500000000015,185.67500000000015,185.56300000000016,185.66200000000015,7220
2026-07-07T11:30:00+00:00,185.66200000000015,185.68600000000015,185.52400000000014,185.59900000000016,8531
2026-07-07T12:00:00+00:00,185.59900000000016,185.63200000000015,185.51500000000016,185.58600000000015,9871
2026-07-07T12:30:00+00:00,185.58600000000015,185.61400000000015,185.53800000000015,185.57900000000015,8809
2026-07-07T13:00:00+00:00,185.57900000000015,185.62800000000016,185.52000000000015,185.60300000000015,9690
2026-07-07T13:30:00+00:00,185.60300000000015,185.69700000000014,185.59600000000015,185.64000000000016,11133
2026-07-07T14:00:00+00:00,185.64000000000016,185.67900000000014,185.52600000000015,185.57500000000016,14262
2026-07-07T14:30:00+00:00,185.57500000000016,185.67600000000016,185.55800000000013,185.60700000000014,13390
2026-07-07T15:00:00+00:00,185.60700000000014,185.64300000000014,185.47800000000015,185.51200000000014,10193
2026-07-07T15:30:00+00:00,185.51200000000014,185.52400000000014,185.43400000000014,185.44100000000014,7375
2026-07-07T16:00:00+00:00,185.44100000000014,185.47500000000014,185.36300000000014,185.38000000000014,6594
2026-07-07T16:30:00+00:00,185.38000000000014,185.47700000000015,185.37700000000015,185.47600000000014,5980
2026-07-07T17:00:00+00:00,185.47600000000014,185.50000000000014,185.43900000000014,185.48600000000016,5274
2026-07-07T17:30:00+00:00,185.48600000000016,185.50900000000016,185.45400000000015,185.50100000000015,3959
2026-07-07T18:00:00+00:00,185.50100000000015,185.52500000000015,185.47500000000014,185.49800000000016,3476
2026-07-07T18:30:00+00:00,185.49800000000016,185.50100000000015,185.39000000000016,185.39200000000014,8471
2026-07-07T19:00:00+00:00,185.39200000000014,185.49900000000014,185.38700000000014,185.48200000000014,11889
2026-07-07T19:30:00+00:00,185.48200000000014,185.52800000000013,185.46500000000015,185.52500000000015,7562
2026-07-07T20:00:00+00:00,185.52500000000015,185.52800000000013,185.46800000000016,185.48200000000014,3027
2026-07-07T20:30:00+00:00,185.48200000000014,185.49200000000016,185.45600000000016,185.46900000000014,2353
2026-07-07T21:00:00+00:00,185.46900000000014,185.48500000000016,185.34100000000015,185.45800000000017,1373.8910994764396
2026-07-07T21:30:00+00:00,185.45800000000017,185.46600000000015,185.37400000000017,185.41400000000016,1788
2026-07-07T22:00:00+00:00,185.41400000000016,185.51800000000014,185.39100000000016,185.40500000000014,1880
2026-07-07T22:30:00+00:00,185.40500000000014,185.48800000000017,185.40400000000017,185.48100000000017,892
2026-07-07T23:00:00+00:00,185.48100000000017,185.58700000000016,185.46400000000017,185.57000000000016,2819
2026-07-07T23:30:00+00:00,185.57000000000016,185.61100000000016,185.53500000000017,185.60300000000015,3055
2026-07-08T00:00:00+00:00,185.60300000000015,185.73700000000017,185.55000000000015,185.71700000000016,10579
2026-07-08T00:30:00+00:00,185.71700000000016,185.74600000000015,185.62600000000015,185.68800000000016,8498
2026-07-08T01:00:00+00:00,185.68800000000016,185.71000000000015,185.63500000000016,185.70700000000016,7191
2026-07-08T01:30:00+00:00,185.70700000000016,185.71900000000016,185.62400000000017,185.66100000000014,7634
2026-07-08T02:00:00+00:00,185.66100000000014,185.79000000000016,185.64500000000015,185.78700000000015,7149
2026-07-08T02:30:00+00:00,185.78700000000015,185.80600000000015,185.74100000000016,185.74300000000017,4289
2026-07-08T03:00:00+00:00,185.74300000000017,185.78500000000017,185.72400000000016,185.76500000000016,5370
2026-07-08T03:30:00+00:00,185.76500000000016,185.80000000000015,185.74800000000016,185.78900000000016,3872
2026-07-08T04:00:00+00:00,185.78900000000016,185.82700000000017,185.75700000000015,185.82000000000016,3982
2026-07-08T04:30:00+00:00,185.82000000000016,185.86100000000016,185.80000000000015,185.82000000000016,3976
2026-07-08T05:00:00+00:00,185.82000000000016,185.86900000000017,185.76500000000016,185.76700000000017,5923
2026-07-08T05:30:00+00:00,185.76700000000017,185.86400000000015,185.73400000000015,185.82000000000016,6695
2026-07-08T06:00:00+00:00,185.82000000000016,185.83900000000017,185.73900000000015,185.75300000000016,8959
2026-07-08T06:30:00+00:00,185.75300000000016,185.76600000000016,185.63400000000016,185.76600000000016,9098
2026-07-08T07:00:00+00:00,185.76600000000016,185.86700000000016,185.72500000000016,185.85100000000017,11409
2026-07-08T07:30:00+00:00,185.85100000000017,185.90000000000015,185.82600000000016,185.84000000000015,9802
2026-07-08T08:00:00+00:00,185.84000000000015,185.91600000000017,185.66800000000015,185.84000000000015,19168
2026-07-08T08:30:00+00:00,185.84000000000015,185.95000000000016,185.74600000000015,185.88900000000015,16541
2026-07-08T09:00:00+00:00,185.88900000000015,185.89400000000015,185.63700000000014,185.79700000000017,17040
2026-07-08T09:30:00+00:00,185.79700000000017,185.86000000000016,185.75400000000016,185.76100000000017,11005
2026-07-08T10:00:00+00:00,185.76100000000017,185.86300000000017,185.70500000000015,185.84700000000015,8680
2026-07-08T10:30:00+00:00,185.84700000000015,185.87400000000017,185.82400000000015,185.84700000000015,7697
2026-07-08T11:00:00+00:00,185.84700000000015,185.87500000000014,185.80500000000015,185.82200000000014,6846
2026-07-08T11:30:00+00:00,185.82200000000014,185.84700000000015,185.67300000000014,185.75100000000015,13710
2026-07-08T12:00:00+00:00,185.75100000000015,185.82500000000016,185.73200000000017,185.78800000000015,11888
2026-07-08T12:30:00+00:00,185.78800000000015,185.80900000000017,185.68800000000016,185.69600000000017,10793
2026-07-08T13:00:00+00:00,185.69600000000017,185.84000000000015,185.69000000000017,185.82200000000014,12446
2026-07-08T13:30:00+00:00,185.82200000000014,185.98500000000016,185.82000000000016,185.94300000000015,13716
2026-07-08T14:00:00+00:00,185.94300000000015,185.97800000000015,185.87900000000016,185.92900000000014,11989
2026-07-08T14:30:00+00:00,185.92900000000014,185.99000000000015,185.89700000000016,185.98200000000017,12408
2026-07-08T15:00:00+00:00,185.98200000000017,186.04100000000017,185.91000000000017,185.92700000000016,12055
2026-07-08T15:30:00+00:00,185.92700000000016,185.93500000000014,185.82200000000014,185.85000000000016,10206
2026-07-08T16:00:00+00:00,185.85000000000016,185.94200000000015,185.82900000000015,185.93200000000016,8466
2026-07-08T16:30:00+00:00,185.93200000000016,186.01100000000017,185.92600000000016,186.00300000000016,10308
2026-07-08T17:00:00+00:00,186.00300000000016,186.14400000000015,185.99200000000016,186.14000000000016,8886
2026-07-08T17:30:00+00:00,186.14000000000016,186.15300000000016,186.07900000000015,186.07900000000015,4972
2026-07-08T18:00:00+00:00,186.07900000000015,186.16200000000015,186.06600000000014,186.12100000000015,6431
2026-07-08T18:30:00+00:00,186.12100000000015,186.15500000000014,186.11000000000016,186.12000000000015,6080
2026-07-08T19:00:00+00:00,186.12000000000015,186.15800000000016,186.12000000000015,186.14000000000016,5060
2026-07-08T19:30:00+00:00,186.14000000000016,186.19700000000014,186.12200000000016,186.16000000000017,7193
2026-07-08T20:00:00+00:00,186.16000000000017,186.17400000000015,186.09800000000016,186.11100000000016,3669
2026-07-08T20:30:00+00:00,186.11100000000016,186.15800000000016,186.08500000000015,186.08600000000015,3614
2026-07-08T21:00:00+00:00,186.08600000000015,186.14400000000018,186.00900000000016,186.0940000000002,883.4919093992371
2026-07-08T21:30:00+00:00,186.0940000000002,186.1010000000002,186.0470000000002,186.0710000000002,1457.0651492251995
2026-07-08T22:00:00+00:00,186.0710000000002,186.1430000000002,186.0710000000002,186.11700000000022,1331
2026-07-08T22:30:00+00:00,186.11700000000022,186.1310000000002,186.1070000000002,186.12200000000018,1066.931693989071
2026-07-08T23:00:00+00:00,186.12200000000018,186.1260000000002,186.07000000000016,186.12100000000018,1783.002287083424
2026-07-08T23:30:00+00:00,186.12100000000018,186.15400000000017,186.11100000000016,186.12900000000016,2376
2026-07-09T00:00:00+00:00,186.12900000000016,186.13600000000017,186.01400000000015,186.05800000000016,7883
2026-07-09T00:30:00+00:00,186.05800000000016,186.11900000000017,186.03600000000017,186.09200000000016,8410
2026-07-09T01:00:00+00:00,186.09200000000016,186.19100000000017,186.05400000000017,186.15200000000016,7979
2026-07-09T01:30:00+00:00,186.15200000000016,186.15800000000016,186.06600000000017,186.09300000000016,5956
2026-07-09T02:00:00+00:00,186.09300000000016,186.15200000000016,186.09300000000016,186.12700000000015,4988
2026-07-09T02:30:00+00:00,186.12700000000015,186.14700000000016,186.09300000000016,186.10400000000016,4610
2026-07-09T03:00:00+00:00,186.10400000000016,186.13000000000017,186.08600000000015,186.10800000000017,4510
2026-07-09T03:30:00+00:00,186.10800000000017,186.14900000000017,186.10400000000016,186.11800000000017,4885
2026-07-09T04:00:00+00:00,186.11800000000017,186.12500000000017,186.02700000000016,186.06400000000016,3706
2026-07-09T04:30:00+00:00,186.06400000000016,186.10300000000018,186.05800000000016,186.09300000000016,3319
2026-07-09T05:00:00+00:00,186.09300000000016,186.14600000000016,186.07600000000016,186.11900000000017,6435
2026-07-09T05:30:00+00:00,186.11900000000017,186.13700000000017,186.07000000000016,186.08800000000016,5994
2026-07-09T06:00:00+00:00,186.08800000000016,186.24900000000017,186.08800000000016,186.21000000000018,9723
2026-07-09T06:30:00+00:00,186.21000000000018,186.26700000000017,186.15000000000018,186.18700000000015,9416
2026-07-09T07:00:00+00:00,186.18700000000015,186.22200000000018,186.12400000000017,186.20700000000016,9390
2026-07-09T07:30:00+00:00,186.20700000000016,186.21100000000015,186.09100000000018,186.14000000000016,8395
2026-07-09T08:00:00+00:00,186.14000000000016,186.17800000000017,186.08300000000017,186.13100000000017,8929
2026-07-09T08:30:00+00:00,186.13100000000017,186.15000000000018,186.01400000000015,186.05100000000016,8422
2026-07-09T09:00:00+00:00,186.05100000000016,186.10700000000017,186.02800000000016,186.07900000000018,7735
2026-07-09T09:30:00+00:00,186.07900000000018,186.14100000000016,186.05300000000017,186.12700000000015,7270
2026-07-09T10:00:00+00:00,186.12700000000015,186.13100000000017,186.08600000000015,186.11300000000017,5802
2026-07-09T10:30:00+00:00,186.11300000000017,186.15200000000016,186.07100000000017,186.10100000000017,7754
2026-07-09T11:00:00+00:00,186.10100000000017,186.15100000000015,186.08100000000016,186.11400000000017,8699
2026-07-09T11:30:00+00:00,186.11400000000017,186.19700000000017,186.09800000000016,186.18800000000016,7531
2026-07-09T12:00:00+00:00,186.18800000000016,186.21500000000017,186.15100000000015,186.17500000000015,9507
2026-07-09T12:30:00+00:00,186.17500000000015,186.21400000000017,186.04300000000018,186.07400000000015,8136
2026-07-09T13:00:00+00:00,186.07400000000015,186.17600000000016,186.06200000000015,186.15200000000016,8680
2026-07-09T13:30:00+00:00,186.15200000000016,186.19500000000016,186.08800000000016,186.19500000000016,11283
2026-07-09T14:00:00+00:00,186.19500000000016,186.30700000000016,186.17800000000017,186.23000000000016,11074
2026-07-09T14:30:00+00:00,186.23000000000016,186.25700000000018,186.10300000000018,186.12000000000018,11843
2026-07-09T15:00:00+00:00,186.12000000000018,186.18900000000016,186.09300000000016,186.12100000000018,8454
2026-07-09T15:30:00+00:00,186.12100000000018,186.15700000000015,186.08200000000016,186.12900000000016,7031
2026-07-09T16:00:00+00:00,186.12900000000016,186.15000000000018,186.10800000000017,186.11300000000017,6014
2026-07-09T16:30:00+00:00,186.11300000000017,186.15900000000016,186.09100000000018,186.12800000000016,5288
2026-07-09T17:00:00+00:00,186.12800000000016,186.14800000000017,186.09000000000017,186.13400000000016,4938
2026-07-09T17:30:00+00:00,186.13400000000016,186.14400000000018,186.08800000000016,186.10700000000017,3532
2026-07-09T18:00:00+00:00,186.10700000000017,186.12300000000016,186.09000000000017,186.11200000000017,5408
2026-07-09T18:30:00+00:00,186.11200000000017,186.11900000000017,186.08000000000015,186.09400000000016,4458
2026-07-09T19:00:00+00:00,186.09400000000016,186.10700000000017,186.07500000000016,186.08000000000015,4202
2026-07-09T19:30:00+00:00,186.08000000000015,186.08400000000017,186.04000000000016,186.05900000000017,5260
2026-07-09T20:00:00+00:00,186.05900000000017,186.09000000000017,186.03100000000018,186.06800000000015,3464
2026-07-09T20:30:00+00:00,186.06800000000015,186.10700000000017,186.06800000000015,186.06800000000015,1729
2026-07-09T21:00:00+00:00,186.06800000000015,186.10400000000016,186.03500000000017,186.03500000000017,1018.560169995239
2026-07-09T21:30:00+00:00,186.03500000000017,186.10300000000018,186.03400000000016,186.06300000000016,1950.7278543307086
2026-07-09T22:00:00+00:00,186.06300000000016,186.13600000000017,186.05600000000015,186.12300000000016,1784
2026-07-09T22:30:00+00:00,186.12300000000016,186.12300000000016,186.10500000000016,186.11700000000016,574
2026-07-09T23:00:00+00:00,186.11700000000016,186.12600000000018,186.09900000000016,186.12200000000016,1374
2026-07-09T23:30:00+00:00,186.12200000000016,186.13600000000017,186.10900000000018,186.12300000000016,1826
2026-07-10T00:00:00+00:00,186.12300000000016,186.16900000000015,186.07800000000017,186.15600000000018,6345
2026-07-10T00:30:00+00:00,186.15600000000018,186.15600000000018,185.70500000000015,185.88000000000017,15953
2026-07-10T01:00:00+00:00,185.88000000000017,185.90400000000017,185.50900000000016,185.74000000000018,18450
2026-07-10T01:30:00+00:00,185.74000000000018,185.74200000000016,185.55800000000016,185.63200000000018,17171
2026-07-10T02:00:00+00:00,185.63200000000018,185.65500000000017,185.31300000000016,185.48100000000017,14564
2026-07-10T02:30:00+00:00,185.48100000000017,185.57500000000016,185.39100000000016,185.48400000000018,16343
2026-07-10T03:00:00+00:00,185.48400000000018,185.52600000000015,185.35800000000017,185.37100000000018,10005
2026-07-10T03:30:00+00:00,185.37100000000018,185.46300000000016,185.31400000000016,185.41500000000016,7944
2026-07-10T04:00:00+00:00,185.41500000000016,185.52800000000016,185.40600000000018,185.49300000000017,6426
2026-07-10T04:30:00+00:00,185.49300000000017,185.50200000000015,185.42700000000016,185.43900000000016,5414
2026-07-10T05:00:00+00:00,185.43900000000016,185.45700000000016,185.25100000000018,185.35600000000017,9187
2026-07-10T05:30:00+00:00,185.35600000000017,185.38500000000016,185.25000000000017,185.34100000000018,9815
2026-07-10T06:00:00+00:00,185.34100000000018,185.37100000000018,185.22000000000017,185.35500000000016,12973
2026-07-10T06:30:00+00:00,185.35500000000016,185.39400000000018,185.30000000000015,185.37100000000018,10083
2026-07-10T07:00:00+00:00,185.37100000000018,185.53000000000017,185.35500000000016,185.52500000000018,12023
2026-07-10T07:30:00+00:00,185.52500000000018,185.56700000000018,185.41300000000015,185.42200000000017,12032
2026-07-10T08:00:00+00:00,185.42200000000017,185.43400000000017,185.31700000000018,185.40300000000016,13923
2026-07-10T08:30:00+00:00,185.40300000000016,185.41700000000017,185.22000000000017,185.30200000000016,11031
2026-07-10T09:00:00+00:00,185.30200000000016,185.42700000000016,185.28300000000016,185.42500000000015,10080
2026-07-10T09:30:00+00:00,185.42500000000015,185.48200000000017,185.39400000000018,185.41000000000017,10724
2026-07-10T10:00:00+00:00,185.41000000000017,185.42400000000018,185.34000000000017,185.36700000000016,9815
2026-07-10T10:30:00+00:00,185.36700000000016,185.49800000000016,185.35400000000016,185.44400000000016,10666
2026-07-10T11:00:00+00:00,185.44400000000016,185.48900000000017,185.36700000000016,185.43800000000016,10799
2026-07-10T11:30:00+00:00,185.43800000000016,185.52000000000015,185.40400000000017,185.49500000000018,10011
2026-07-10T12:00:00+00:00,185.49500000000018,185.52300000000017,185.43200000000016,185.44100000000017,13207
2026-07-10T12:30:00+00:00,185.44100000000017,185.48200000000017,185.32600000000016,185.40600000000018,11652
2026-07-10T13:00:00+00:00,185.40600000000018,185.41600000000017,185.24100000000016,185.26800000000017,9145
2026-07-10T13:30:00+00:00,185.26800000000017,185.33900000000017,185.22300000000016,185.24300000000017,12331
2026-07-10T14:00:00+00:00,185.24300000000017,185.35800000000017,185.20900000000017,185.31900000000016,9704
2026-07-10T14:30:00+00:00,185.31900000000016,185.36400000000017,185.17900000000017,185.33500000000018,18266
2026-07-10T15:00:00+00:00,185.33500000000018,185.36800000000017,185.11300000000017,185.15600000000018,16474
2026-07-10T15:30:00+00:00,185.15600000000018,185.15800000000016,184.94600000000017,185.00500000000017,14309
2026-07-10T16:00:00+00:00,185.00500000000017,185.09300000000016,184.98400000000018,185.05700000000016,13389
2026-07-10T16:30:00+00:00,185.05700000000016,185.14300000000017,185.05300000000017,185.09100000000018,9351
2026-07-10T17:00:00+00:00,185.09100000000018,185.11100000000016,185.03700000000018,185.04600000000016,7402
2026-07-10T17:30:00+00:00,185.04600000000016,185.08200000000016,185.00600000000017,185.05400000000017,7985
2026-07-10T18:00:00+00:00,185.05400000000017,185.09200000000016,185.03700000000018,185.07100000000017,7126
2026-07-10T18:30:00+00:00,185.07100000000017,185.08900000000017,185.04600000000016,185.07900000000018,6686
2026-07-10T19:00:00+00:00,185.07900000000018,185.10600000000017,185.06100000000018,185.08700000000016,5254
2026-07-10T19:30:00+00:00,185.08700000000016,185.12300000000016,185.06900000000016,185.12300000000016,4833
2026-07-10T20:00:00+00:00,185.12300000000016,185.15100000000015,185.07000000000016,185.08300000000017,3848
2026-07-10T20:30:00+00:00,185.08300000000017,185.11900000000017,185.02200000000016,185.04500000000016,3481
2026-07-12T21:00:00+00:00,185.04500000000016,185.16300000000015,185.04500000000016,185.16200000000015,452.1127657155848
2026-07-12T21:30:00+00:00,185.16200000000015,185.26200000000014,185.09600000000015,185.18500000000014,1377
2026-07-12T22:00:00+00:00,185.18500000000014,185.33900000000017,185.17100000000016,185.27300000000017,6393
2026-07-12T22:30:00+00:00,185.27300000000017,185.39500000000015,185.27300000000017,185.35600000000017,3734
2026-07-12T23:00:00+00:00,185.35600000000017,185.39100000000016,185.33000000000015,185.35100000000017,4856
2026-07-12T23:30:00+00:00,185.35100000000017,185.41500000000016,185.33900000000017,185.35200000000015,6585
2026-07-13T00:00:00+00:00,185.35200000000015,185.41200000000015,185.29900000000015,185.39800000000017,14175
2026-07-13T00:30:00+00:00,185.39800000000017,185.45300000000015,185.35000000000016,185.44200000000015,12198
2026-07-13T01:00:00+00:00,185.44200000000015,185.47800000000015,185.27300000000017,185.29400000000015,11976
2026-07-13T01:30:00+00:00,185.29400000000015,185.35900000000015,185.27400000000014,185.34000000000015,10953
2026-07-13T02:00:00+00:00,185.34000000000015,185.43600000000015,185.32300000000015,185.39400000000015,9259
2026-07-13T02:30:00+00:00,185.39400000000015,185.44200000000015,185.37200000000016,185.40300000000016,7973
2026-07-13T03:00:00+00:00,185.40300000000016,185.43700000000015,185.38600000000017,185.43600000000015,8498
2026-07-13T03:30:00+00:00,185.43600000000015,185.47200000000015,185.42900000000014,185.47000000000017,8299
2026-07-13T04:00:00+00:00,185.47000000000017,185.49000000000015,185.41700000000014,185.42500000000015,7067
2026-07-13T04:30:00+00:00,185.42500000000015,185.48300000000015,185.42300000000014,185.46700000000016,6830
2026-07-13T05:00:00+00:00,185.46700000000016,185.51300000000015,185.44500000000016,185.49500000000015,9149
2026-07-13T05:30:00+00:00,185.49500000000015,185.78300000000016,185.47100000000015,185.69400000000016,14213
2026-07-13T06:00:00+00:00,185.69400000000016,185.79300000000015,185.66500000000016,185.78200000000015,14255
2026-07-13T06:30:00+00:00,185.78200000000015,185.83400000000015,185.68400000000017,185.70200000000017,12589
2026-07-13T07:00:00+00:00,185.70200000000017,185.80400000000014,185.37900000000016,185.69900000000015,17153
2026-07-13T07:30:00+00:00,185.69900000000015,186.00700000000015,185.69500000000016,185.92900000000014,13963
2026-07-13T08:00:00+00:00,185.92900000000014,186.19000000000017,185.91400000000016,186.16000000000017,17526
2026-07-13T08:30:00+00:00,186.16000000000017,186.19800000000015,186.07600000000016,186.08100000000016,10171
2026-07-13T09:00:00+00:00,186.08100000000016,186.10800000000015,185.88600000000017,185.91800000000015,9257
2026-07-13T09:30:00+00:00,185.91800000000015,185.93700000000015,185.85200000000015,185.91500000000016,9104
2026-07-13T10:00:00+00:00,185.91500000000016,186.02400000000014,185.91000000000017,186.02000000000015,10459
2026-07-13T10:30:00+00:00,186.02000000000015,186.07800000000015,185.96300000000016,186.06400000000016,10514
2026-07-13T11:00:00+00:00,186.06400000000016,186.07000000000016,185.95700000000016,185.99300000000017,12154
2026-07-13T11:30:00+00:00,185.99300000000017,186.02000000000015,185.96600000000015,185.99300000000017,11172
2026-07-13T12:00:00+00:00,185.99300000000017,186.03000000000014,185.93500000000014,185.99900000000017,11898
2026-07-13T12:30:00+00:00,185.99900000000017,186.07000000000016,185.95900000000015,186.03900000000016,10723
2026-07-13T13:00:00+00:00,186.03900000000016,186.04700000000017,185.94500000000016,185.95200000000017,11885
2026-07-13T13:30:00+00:00,185.95200000000017,186.04300000000015,185.88400000000016,185.90200000000016,16031
2026-07-13T14:00:00+00:00,185.90200000000016,185.95800000000017,185.80400000000014,185.88200000000015,20867
2026-07-13T14:30:00+00:00,185.88200000000015,185.92400000000015,185.82100000000017,185.90400000000017,14224
2026-07-13T15:00:00+00:00,185.90400000000017,185.92700000000016,185.76000000000016,185.76700000000017,11336
2026-07-13T15:30:00+00:00,185.76700000000017,185.83100000000016,185.74100000000016,185.80200000000016,10385
2026-07-13T16:00:00+00:00,185.80200000000016,185.82700000000017,185.70200000000017,185.72600000000017,9746
2026-07-13T16:30:00+00:00,185.72600000000017,185.74300000000017,185.63900000000015,185.74100000000016,15429
2026-07-13T17:00:00+00:00,185.74100000000016,185.76700000000017,185.68800000000016,185.71100000000015,9084
2026-07-13T17:30:00+00:00,185.71100000000015,185.75900000000016,185.69500000000016,185.71500000000015,8474
2026-07-13T18:00:00+00:00,185.71500000000015,185.74300000000017,185.67900000000014,185.68900000000016,8219
2026-07-13T18:30:00+00:00,185.68900000000016,185.69600000000017,185.61000000000016,185.61500000000015,8394
2026-07-13T19:00:00+00:00,185.61500000000015,185.65800000000016,185.61000000000016,185.63800000000015,7570
2026-07-13T19:30:00+00:00,185.63800000000015,185.66200000000015,185.61800000000017,185.65600000000015,7687
2026-07-13T20:00:00+00:00,185.65600000000015,185.65900000000016,185.58500000000015,185.59900000000016,4101
2026-07-13T20:30:00+00:00,185.59900000000016,185.63200000000015,185.58100000000016,185.58600000000015,1920
2026-07-13T21:00:00+00:00,185.58600000000015,185.67700000000016,185.54500000000016,185.67600000000016,353.42761463163316
2026-07-13T21:30:00+00:00,185.67600000000016,185.70000000000016,185.59200000000016,185.59200000000016,1445
2026-07-13T22:00:00+00:00,185.59200000000016,185.67000000000016,185.59200000000016,185.64100000000016,1104
2026-07-13T22:30:00+00:00,185.64100000000016,185.65100000000015,185.60000000000016,185.60900000000015,1175
2026-07-13T23:00:00+00:00,185.60900000000015,185.61600000000016,185.57600000000016,185.57900000000015,2078
2026-07-13T23:30:00+00:00,185.57900000000015,185.62900000000016,185.57200000000014,185.62400000000017,3885
2026-07-14T00:00:00+00:00,185.62400000000017,185.64500000000015,185.57600000000016,185.58300000000017,12736
2026-07-14T00:30:00+00:00,185.58300000000017,185.67800000000017,185.48600000000016,185.59900000000016,17027
2026-07-14T01:00:00+00:00,185.59900000000016,185.63600000000017,185.57600000000016,185.61100000000016,9982
2026-07-14T01:30:00+00:00,185.61100000000016,185.71400000000017,185.58500000000015,185.68300000000016,9361
2026-07-14T02:00:00+00:00,185.68300000000016,185.72600000000017,185.64600000000016,185.70800000000017,6280
2026-07-14T02:30:00+00:00,185.70800000000017,185.72100000000015,185.63000000000017,185.63300000000015,7516
2026-07-14T03:00:00+00:00,185.63300000000015,185.67400000000015,185.61000000000016,185.67100000000016,7471
2026-07-14T03:30:00+00:00,185.67100000000016,185.68900000000016,185.59700000000015,185.63500000000016,7459
2026-07-14T04:00:00+00:00,185.63500000000016,185.66500000000016,185.60100000000017,185.65300000000016,6452
2026-07-14T04:30:00+00:00,185.65300000000016,185.67000000000016,185.56800000000015,185.62000000000015,6185
2026-07-14T05:00:00+00:00,185.62000000000015,185.66500000000016,185.60800000000015,185.65600000000015,5942
2026-07-14T05:30:00+00:00,185.65600000000015,185.67000000000016,185.58100000000016,185.60500000000016,7934
2026-07-14T06:00:00+00:00,185.60500000000016,185.62600000000015,185.55200000000016,185.61700000000016,9699
2026-07-14T06:30:00+00:00,185.61700000000016,185.66900000000015,185.56400000000016,185.57900000000015,10022
2026-07-14T07:00:00+00:00,185.57900000000015,185.68500000000014,185.56700000000015,185.66800000000015,11630
2026-07-14T07:30:00+00:00,185.66800000000015,185.74200000000016,185.62300000000016,185.73400000000015,11607
2026-07-14T08:00:00+00:00,185.73400000000015,185.79600000000016,185.73000000000016,185.78700000000015,10413
2026-07-14T08:30:00+00:00,185.78700000000015,185.81500000000017,185.52200000000016,185.71600000000015,11744
2026-07-14T09:00:00+00:00,185.71600000000015,185.73200000000017,185.62900000000016,185.63300000000015,9558
2026-07-14T09:30:00+00:00,185.63300000000015,185.65700000000015,185.56700000000015,185.63900000000015,8893
2026-07-14T10:00:00+00:00,185.63900000000015,185.64300000000014,185.55400000000014,185.56300000000016,7545
2026-07-14T10:30:00+00:00,185.56300000000016,185.61500000000015,185.55900000000017,185.57200000000014,7889
2026-07-14T11:00:00+00:00,185.57200000000014,185.63300000000015,185.54000000000016,185.61300000000017,9987
2026-07-14T11:30:00+00:00,185.61300000000017,185.78100000000015,185.60100000000017,185.74300000000017,8585
2026-07-14T12:00:00+00:00,185.74300000000017,185.86900000000014,185.70800000000017,185.75300000000016,12382
2026-07-14T12:30:00+00:00,185.75300000000016,186.11300000000017,185.54200000000014,186.05300000000017,34837
2026-07-14T13:00:00+00:00,186.05300000000017,186.13900000000015,186.02400000000014,186.07200000000014,23457
2026-07-14T13:30:00+00:00,186.07200000000014,186.21300000000016,186.07200000000014,186.15500000000014,16651
2026-07-14T14:00:00+00:00,186.15500000000014,186.22200000000015,186.09900000000016,186.11300000000017,16726
2026-07-14T14:30:00+00:00,186.11300000000017,186.17800000000017,186.02000000000015,186.10700000000017,18412
2026-07-14T15:00:00+00:00,186.10700000000017,186.16400000000016,186.02200000000016,186.02300000000017,16886
2026-07-14T15:30:00+00:00,186.02300000000017,186.09600000000015,186.01200000000014,186.01200000000014,17738
2026-07-14T16:00:00+00:00,186.01200000000014,186.08900000000017,186.01000000000016,186.08400000000015,10636
2026-07-14T16:30:00+00:00,186.08400000000015,186.10600000000017,186.05400000000014,186.06100000000015,5762
2026-07-14T17:00:00+00:00,186.06100000000015,186.08800000000016,185.98700000000017,186.03500000000017,10238
2026-07-14T17:30:00+00:00,186.03500000000017,186.05200000000016,185.99700000000016,186.01100000000017,6366
2026-07-14T18:00:00+00:00,186.01100000000017,186.04700000000017,185.98500000000016,185.99900000000017,8863
2026-07-14T18:30:00+00:00,185.99900000000017,186.02800000000016,185.98500000000016,186.01400000000015,9785
2026-07-14T19:00:00+00:00,186.01400000000015,186.02200000000016,185.97000000000017,185.99300000000017,7036
2026-07-14T19:30:00+00:00,185.99300000000017,185.99800000000016,185.95100000000016,185.98200000000017,10108
2026-07-14T20:00:00+00:00,185.98200000000017,186.01900000000015,185.95700000000016,186.00500000000017,4329
2026-07-14T20:30:00+00:00,186.00500000000017,186.05000000000015,185.98500000000016,185.98500000000016,3148
2026-07-14T21:00:00+00:00,185.98500000000016,185.98500000000016,185.88600000000017,185.93500000000014,539.5557786062518
2026-07-14T21:30:00+00:00,185.93500000000014,185.99000000000015,185.93000000000015,185.97000000000017,2061
2026-07-14T22:00:00+00:00,185.97000000000017,186.02300000000017,185.96900000000016,186.00100000000015,2068
2026-07-14T22:30:00+00:00,186.00100000000015,186.01500000000016,185.97900000000016,186.01400000000015,1280
2026-07-14T23:00:00+00:00,186.01400000000015,186.02500000000015,185.97900000000016,185.99900000000017,2124
2026-07-14T23:30:00+00:00,185.99900000000017,186.02700000000016,185.98400000000015,186.02700000000016,2984
2026-07-15T00:00:00+00:00,186.02700000000016,186.11000000000016,186.00200000000015,186.05000000000015,8866
2026-07-15T00:30:00+00:00,186.05000000000015,186.10500000000016,186.03300000000016,186.05800000000016,9619
2026-07-15T01:00:00+00:00,186.05800000000016,186.07900000000015,185.95700000000016,186.05700000000016,11910
2026-07-15T01:30:00+00:00,186.05700000000016,186.11000000000016,186.04600000000016,186.09200000000016,6648
2026-07-15T02:00:00+00:00,186.09200000000016,186.14000000000016,186.06400000000016,186.10000000000016,7262
2026-07-15T02:30:00+00:00,186.10000000000016,186.19600000000017,186.09000000000015,186.18300000000016,6619
2026-07-15T03:00:00+00:00,186.18300000000016,186.20900000000015,186.14800000000017,186.16100000000014,7261
2026-07-15T03:30:00+00:00,186.16100000000014,186.19300000000015,186.15600000000015,186.18700000000015,6000
2026-07-15T04:00:00+00:00,186.18700000000015,186.30100000000016,186.17000000000016,186.29000000000016,5045
2026-07-15T04:30:00+00:00,186.29000000000016,186.30100000000016,186.23700000000017,186.25300000000016,3807
2026-07-15T05:00:00+00:00,186.25300000000016,186.27600000000015,186.21100000000015,186.25300000000016,6913
2026-07-15T05:30:00+00:00,186.25300000000016,186.34900000000016,186.24400000000014,186.29600000000016,7030
2026-07-15T06:00:00+00:00,186.29600000000016,186.32900000000015,186.25600000000014,186.28300000000016,7541
2026-07-15T06:30:00+00:00,186.28300000000016,186.29300000000015,186.10600000000017,186.11600000000016,9773
2026-07-15T07:00:00+00:00,186.11600000000016,186.17600000000016,186.05900000000017,186.07800000000015,9254
2026-07-15T07:30:00+00:00,186.07800000000015,186.11800000000017,186.06200000000015,186.09300000000016,7281
2026-07-15T08:00:00+00:00,186.09300000000016,186.18900000000016,186.09200000000016,186.14100000000016,9763
2026-07-15T08:30:00+00:00,186.14100000000016,186.19100000000014,186.12100000000015,186.14600000000016,8190
2026-07-15T09:00:00+00:00,186.14600000000016,186.16600000000017,186.09200000000016,186.13000000000017,10413
2026-07-15T09:30:00+00:00,186.13000000000017,186.14500000000015,186.07000000000016,186.10000000000016,8517
2026-07-15T10:00:00+00:00,186.10000000000016,186.13000000000017,186.06400000000016,186.07400000000015,8873
2026-07-15T10:30:00+00:00,186.07400000000015,186.11000000000016,186.00700000000015,186.03900000000016,7336
2026-07-15T11:00:00+00:00,186.03900000000016,186.13200000000015,186.01900000000015,186.09600000000015,8597
2026-07-15T11:30:00+00:00,186.09600000000015,186.13600000000017,185.97100000000015,185.99400000000014,11844
2026-07-15T12:00:00+00:00,185.99400000000014,186.06200000000015,185.94100000000014,186.04500000000016,11287
2026-07-15T12:30:00+00:00,186.04500000000016,186.14100000000016,186.03000000000014,186.06000000000014,15320
2026-07-15T13:00:00+00:00,186.06000000000014,186.17400000000015,186.05500000000015,186.11700000000016,13517
2026-07-15T13:30:00+00:00,186.11700000000016,186.17800000000017,186.08500000000015,186.13500000000016,13662
2026-07-15T14:00:00+00:00,186.13500000000016,186.20300000000015,186.11600000000016,186.18500000000014,13396
2026-07-15T14:30:00+00:00,186.18500000000014,186.26900000000015,186.10800000000015,186.17300000000014,18094
2026-07-15T15:00:00+00:00,186.17300000000014,186.25400000000016,186.15200000000016,186.16400000000016,12621
2026-07-15T15:30:00+00:00,186.16400000000016,186.17000000000016,186.07600000000016,186.13100000000014,11895
2026-07-15T16:00:00+00:00,186.13100000000014,186.20200000000017,186.09200000000016,186.19400000000016,9629
2026-07-15T16:30:00+00:00,186.19400000000016,186.28400000000016,186.17100000000016,186.28100000000015,9083
2026-07-15T17:00:00+00:00,186.28100000000015,186.42400000000015,186.27700000000016,186.41600000000017,7809
2026-07-15T17:30:00+00:00,186.41600000000017,186.61000000000016,186.41200000000015,186.58300000000017,12752
2026-07-15T18:00:00+00:00,186.58300000000017,186.58500000000015,186.50800000000015,186.57500000000016,8892
2026-07-15T18:30:00+00:00,186.57500000000016,186.64100000000016,186.53400000000013,186.54000000000013,9734.400444489343
2026-07-15T19:00:00+00:00,186.54000000000013,186.71500000000012,186.52000000000012,186.71000000000012,7796
2026-07-15T19:30:00+00:00,186.71000000000012,186.73300000000012,186.62600000000012,186.70600000000013,10641
2026-07-15T20:00:00+00:00,186.70600000000013,186.70700000000014,186.64600000000013,186.67600000000013,3616
2026-07-15T20:30:00+00:00,186.67600000000013,186.68400000000014,186.62800000000013,186.62800000000013,4025
2026-07-15T21:00:00+00:00,186.62800000000013,186.62800000000013,186.49800000000013,186.58700000000013,479.4546759175871
2026-07-15T21:30:00+00:00,186.58700000000013,186.62600000000012,186.54600000000013,186.56000000000012,2014
2026-07-15T22:00:00+00:00,186.56000000000012,186.66000000000014,186.55700000000013,186.59500000000014,2563
2026-07-15T22:30:00+00:00,186.59500000000014,186.6190000000001,186.59000000000012,186.61600000000013,1563.4808103686926
2026-07-15T23:00:00+00:00,186.61600000000013,186.6290000000001,186.58400000000012,186.6230000000001,2260
2026-07-15T23:30:00+00:00,186.6230000000001,186.62800000000013,186.57800000000012,186.61600000000013,3152
2026-07-16T00:00:00+00:00,186.61600000000013,186.6890000000001,186.6060000000001,186.6480000000001,8311
2026-07-16T00:30:00+00:00,186.6480000000001,186.71000000000012,186.57900000000012,186.7020000000001,9510
2026-07-16T01:00:00+00:00,186.7020000000001,186.70600000000013,186.57800000000012,186.5820000000001,7848
2026-07-16T01:30:00+00:00,186.5820000000001,186.5950000000001,186.5400000000001,186.58600000000013,7222
2026-07-16T02:00:00+00:00,186.58600000000013,186.6000000000001,186.53900000000013,186.55700000000013,6577
2026-07-16T02:30:00+00:00,186.55700000000013,186.63200000000012,186.53700000000012,186.6170000000001,6222
2026-07-16T03:00:00+00:00,186.6170000000001,186.6180000000001,186.5760000000001,186.60400000000013,5158
2026-07-16T03:30:00+00:00,186.60400000000013,186.6120000000001,186.57300000000012,186.57900000000012,3993
2026-07-16T04:00:00+00:00,186.57900000000012,186.5940000000001,186.5520000000001,186.57500000000013,3694
2026-07-16T04:30:00+00:00,186.57500000000013,186.61600000000013,186.56100000000012,186.5820000000001,4088
2026-07-16T05:00:00+00:00,186.5820000000001,186.62200000000013,186.5760000000001,186.6130000000001,4815
2026-07-16T05:30:00+00:00,186.6130000000001,186.6470000000001,186.57200000000012,186.6070000000001,7027
2026-07-16T06:00:00+00:00,186.6070000000001,186.6840000000001,186.60200000000012,186.6650000000001,9311
2026-07-16T06:30:00+00:00,186.6650000000001,186.68800000000013,186.62700000000012,186.6410000000001,8593
2026-07-16T07:00:00+00:00,186.6410000000001,186.6530000000001,186.48900000000012,186.62200000000013,11000
2026-07-16T07:30:00+00:00,186.62200000000013,186.6650000000001,186.56600000000012,186.61400000000012,9997
2026-07-16T08:00:00+00:00,186.61400000000012,186.65500000000011,186.53300000000013,186.5770000000001,11377
2026-07-16T08:30:00+00:00,186.5770000000001,186.65800000000013,186.57500000000013,186.6310000000001,8226
2026-07-16T09:00:00+00:00,186.6310000000001,186.6370000000001,186.5760000000001,186.59100000000012,8608
2026-07-16T09:30:00+00:00,186.59100000000012,186.67500000000013,186.56600000000012,186.66800000000012,8145
2026-07-16T10:00:00+00:00,186.66800000000012,186.70500000000013,186.64400000000012,186.65800000000013,5740
2026-07-16T10:30:00+00:00,186.65800000000013,186.66400000000013,186.52400000000011,186.54300000000012,7803
2026-07-16T11:00:00+00:00,186.54300000000012,186.5990000000001,186.50700000000012,186.58500000000012,8385
2026-07-16T11:30:00+00:00,186.58500000000012,186.70300000000012,186.56800000000013,186.6840000000001,11781
2026-07-16T12:00:00+00:00,186.6840000000001,186.7440000000001,186.6000000000001,186.6290000000001,10615
2026-07-16T12:30:00+00:00,186.6290000000001,186.67000000000013,186.4940000000001,186.50700000000012,12040
2026-07-16T13:00:00+00:00,186.50700000000012,186.6070000000001,186.4690000000001,186.60300000000012,12313
2026-07-16T13:30:00+00:00,186.60300000000012,186.65500000000011,186.55500000000012,186.57500000000013,13474
2026-07-16T14:00:00+00:00,186.57500000000013,186.67500000000013,186.5650000000001,186.65100000000012,12670
2026-07-16T14:30:00+00:00,186.65100000000012,186.66900000000012,186.53800000000012,186.60200000000012,9989
2026-07-16T15:00:00+00:00,186.60200000000012,186.6110000000001,186.52600000000012,186.57200000000012,11001
2026-07-16T15:30:00+00:00,186.57200000000012,186.68200000000013,186.56700000000012,186.64500000000012,9219
2026-07-16T16:00:00+00:00,186.64500000000012,186.64900000000011,186.5470000000001,186.57800000000012,9153
2026-07-16T16:30:00+00:00,186.57800000000012,186.58500000000012,186.5040000000001,186.50800000000012,6466
2026-07-16T17:00:00+00:00,186.50800000000012,186.52500000000012,186.47100000000012,186.5110000000001,5618
2026-07-16T17:30:00+00:00,186.5110000000001,186.5170000000001,186.46000000000012,186.4630000000001,5383
2026-07-16T18:00:00+00:00,186.4630000000001,186.4750000000001,186.43200000000013,186.43700000000013,6384
2026-07-16T18:30:00+00:00,186.43700000000013,186.4690000000001,186.4270000000001,186.46600000000012,4700
2026-07-16T19:00:00+00:00,186.46600000000012,186.4980000000001,186.44400000000013,186.4510000000001,4347
2026-07-16T19:30:00+00:00,186.4510000000001,186.51800000000011,186.4390000000001,186.51500000000013,4860
2026-07-16T20:00:00+00:00,186.51500000000013,186.5230000000001,186.4510000000001,186.47800000000012,2563
2026-07-16T20:30:00+00:00,186.47800000000012,186.53600000000012,186.4760000000001,186.4880000000001,2557
2026-07-16T21:00:00+00:00,186.4880000000001,186.51300000000012,186.4380000000001,186.4750000000001,293.7952764843769
2026-07-16T21:30:00+00:00,186.4750000000001,186.52500000000012,186.4680000000001,186.4920000000001,595
2026-07-16T22:00:00+00:00,186.4920000000001,186.51800000000011,186.46500000000012,186.51300000000012,1116
2026-07-16T22:30:00+00:00,186.51300000000012,186.5210000000001,186.4990000000001,186.5100000000001,1224
2026-07-16T23:00:00+00:00,186.5100000000001,186.52400000000011,186.4980000000001,186.5120000000001,1739
2026-07-16T23:30:00+00:00,186.5120000000001,186.5700000000001,186.4960000000001,186.5620000000001,2205
2026-07-17T00:00:00+00:00,186.5620000000001,186.6000000000001,186.5290000000001,186.5380000000001,5361
2026-07-17T00:30:00+00:00,186.5380000000001,186.6360000000001,186.4980000000001,186.63200000000012,7725
2026-07-17T01:00:00+00:00,186.63200000000012,186.6640000000001,186.6030000000001,186.6090000000001,7352
2026-07-17T01:30:00+00:00,186.6090000000001,186.6110000000001,186.53100000000012,186.56100000000012,6436
2026-07-17T02:00:00+00:00,186.56100000000012,186.5710000000001,186.51300000000012,186.52400000000011,5137
2026-07-17T02:30:00+00:00,186.52400000000011,186.5330000000001,186.39300000000011,186.41800000000012,5909
2026-07-17T03:00:00+00:00,186.41800000000012,186.4750000000001,186.4150000000001,186.4720000000001,5407
2026-07-17T03:30:00+00:00,186.4720000000001,186.4930000000001,186.4280000000001,186.4810000000001,4715
2026-07-17T04:00:00+00:00,186.4810000000001,186.4990000000001,186.4400000000001,186.4690000000001,3978
2026-07-17T04:30:00+00:00,186.4690000000001,186.4930000000001,186.4310000000001,186.45900000000012,3811
2026-07-17T05:00:00+00:00,186.45900000000012,186.5090000000001,186.4500000000001,186.4700000000001,4230
2026-07-17T05:30:00+00:00,186.4700000000001,186.53600000000012,186.4700000000001,186.5000000000001,7515
2026-07-17T06:00:00+00:00,186.5000000000001,186.6340000000001,186.4990000000001,186.5760000000001,10232
2026-07-17T06:30:00+00:00,186.5760000000001,186.66800000000012,186.3670000000001,186.5030000000001,12097
2026-07-17T07:00:00+00:00,186.5030000000001,186.51900000000012,186.34100000000012,186.4080000000001,11647
2026-07-17T07:30:00+00:00,186.4080000000001,186.4850000000001,186.38200000000012,186.4490000000001,7845
2026-07-17T08:00:00+00:00,186.4490000000001,186.53100000000012,186.3890000000001,186.5210000000001,12444
2026-07-17T08:30:00+00:00,186.5210000000001,186.5350000000001,186.4520000000001,186.5090000000001,9514
2026-07-17T09:00:00+00:00,186.5090000000001,186.5700000000001,186.49500000000012,186.56000000000012,9003
2026-07-17T09:30:00+00:00,186.56000000000012,186.5620000000001,186.4500000000001,186.4640000000001,6693
2026-07-17T10:00:00+00:00,186.4640000000001,186.4700000000001,186.3750000000001,186.3900000000001,7448
2026-07-17T10:30:00+00:00,186.3900000000001,186.4080000000001,186.2360000000001,186.2400000000001,7414
2026-07-17T11:00:00+00:00,186.2400000000001,186.29300000000012,186.1890000000001,186.2730000000001,7992
2026-07-17T11:30:00+00:00,186.2730000000001,186.3420000000001,186.2560000000001,186.2960000000001,8311
2026-07-17T12:00:00+00:00,186.2960000000001,186.3730000000001,186.28000000000011,186.3270000000001,10074
2026-07-17T12:30:00+00:00,186.3270000000001,186.33500000000012,186.2530000000001,186.33500000000012,9250
2026-07-17T13:00:00+00:00,186.33500000000012,186.3710000000001,186.2790000000001,186.28100000000012,10193
2026-07-17T13:30:00+00:00,186.28100000000012,186.44200000000012,186.28000000000011,186.3890000000001,15620
2026-07-17T14:00:00+00:00,186.3890000000001,186.4870000000001,186.3480000000001,186.4260000000001,13844
2026-07-17T14:30:00+00:00,186.4260000000001,186.5270000000001,186.4010000000001,186.5050000000001,10881
2026-07-17T15:00:00+00:00,186.5050000000001,186.54800000000012,186.4620000000001,186.4810000000001,10584
2026-07-17T15:30:00+00:00,186.4810000000001,186.5440000000001,186.4690000000001,186.5390000000001,9895
2026-07-17T16:00:00+00:00,186.5390000000001,186.6110000000001,186.4930000000001,186.5950000000001,9334
2026-07-17T16:30:00+00:00,186.5950000000001,186.6180000000001,186.5020000000001,186.5050000000001,5549
2026-07-17T17:00:00+00:00,186.5050000000001,186.5210000000001,186.4640000000001,186.4970000000001,6452
2026-07-17T17:30:00+00:00,186.4970000000001,186.5030000000001,186.4610000000001,186.4610000000001,4009
2026-07-17T18:00:00+00:00,186.4610000000001,186.5040000000001,186.4450000000001,186.48300000000012,4708
2026-07-17T18:30:00+00:00,186.48300000000012,186.5030000000001,186.4620000000001,186.4740000000001,3474
2026-07-17T19:00:00+00:00,186.4740000000001,186.51800000000011,186.45400000000012,186.50100000000012,4034
2026-07-17T19:30:00+00:00,186.50100000000012,186.54800000000012,186.4840000000001,186.5060000000001,5619
2026-07-17T20:00:00+00:00,186.5060000000001,186.5280000000001,186.4810000000001,186.49500000000012,2756
2026-07-17T20:30:00+00:00,186.49500000000012,186.5030000000001,186.42900000000012,186.4370000000001,3181
2026-07-19T21:00:00+00:00,186.4370000000001,186.48100000000008,186.4110000000001,186.47500000000008,303.88015797629834
2026-07-19T21:30:00+00:00,186.47500000000008,186.4900000000001,186.37300000000008,186.44000000000008,1095.7420170191253
2026-07-19T22:00:00+00:00,186.44000000000008,186.6510000000001,186.4240000000001,186.5800000000001,5657
2026-07-19T22:30:00+00:00,186.5800000000001,186.59500000000008,186.55200000000008,186.5540000000001,1891
2026-07-19T23:00:00+00:00,186.5540000000001,186.5680000000001,186.5270000000001,186.5620000000001,2901
2026-07-19T23:30:00+00:00,186.5620000000001,186.5940000000001,186.5510000000001,186.5790000000001,3997
2026-07-20T00:00:00+00:00,186.5790000000001,186.6230000000001,186.5680000000001,186.5840000000001,7975
2026-07-20T00:30:00+00:00,186.5840000000001,186.5870000000001,186.4480000000001,186.4650000000001,8003
2026-07-20T01:00:00+00:00,186.4650000000001,186.5360000000001,186.4470000000001,186.5310000000001,8948
2026-07-20T01:30:00+00:00,186.5310000000001,186.5370000000001,186.4620000000001,186.5350000000001,6155
2026-07-20T02:00:00+00:00,186.5350000000001,186.5610000000001,186.5130000000001,186.5560000000001,5947
2026-07-20T02:30:00+00:00,186.5560000000001,186.6360000000001,186.5480000000001,186.62500000000009,5487
2026-07-20T03:00:00+00:00,186.62500000000009,186.63700000000009,186.5900000000001,186.6220000000001,4582
2026-07-20T03:30:00+00:00,186.6220000000001,186.6470000000001,186.61300000000008,186.6410000000001,5032
2026-07-20T04:00:00+00:00,186.6410000000001,186.6860000000001,186.63700000000009,186.6840000000001,3516
2026-07-20T04:30:00+00:00,186.6840000000001,186.6850000000001,186.6400000000001,186.6460000000001,3996
2026-07-20T05:00:00+00:00,186.6460000000001,186.6610000000001,186.61300000000008,186.6290000000001,4752
2026-07-20T05:30:00+00:00,186.6290000000001,186.6430000000001,186.5840000000001,186.6180000000001,4867
2026-07-20T06:00:00+00:00,186.6180000000001,186.6430000000001,186.5750000000001,186.5780000000001,8107
2026-07-20T06:30:00+00:00,186.5780000000001,186.6160000000001,186.5230000000001,186.5770000000001,8526
2026-07-20T07:00:00+00:00,186.5770000000001,186.6950000000001,186.5640000000001,186.6860000000001,8958
2026-07-20T07:30:00+00:00,186.6860000000001,186.7350000000001,186.6390000000001,186.6690000000001,11920
2026-07-20T08:00:00+00:00,186.6690000000001,186.6860000000001,186.5780000000001,186.5860000000001,8412
2026-07-20T08:30:00+00:00,186.5860000000001,186.6500000000001,186.5680000000001,186.5940000000001,7423
2026-07-20T09:00:00+00:00,186.5940000000001,186.6110000000001,186.4800000000001,186.4970000000001,6830
2026-07-20T09:30:00+00:00,186.4970000000001,186.5310000000001,186.4710000000001,186.50000000000009,7060
2026-07-20T10:00:00+00:00,186.50000000000009,186.5390000000001,186.4870000000001,186.5110000000001,6588
2026-07-20T10:30:00+00:00,186.5110000000001,186.5690000000001,186.4980000000001,186.50600000000009,6073
2026-07-20T11:00:00+00:00,186.50600000000009,186.5440000000001,186.4780000000001,186.5390000000001,6937
2026-07-20T11:30:00+00:00,186.5390000000001,186.5850000000001,186.3950000000001,186.4130000000001,14734
2026-07-20T12:00:00+00:00,186.4130000000001,186.4510000000001,186.2840000000001,186.3150000000001,11677
2026-07-20T12:30:00+00:00,186.3150000000001,186.4320000000001,186.2780000000001,186.3940000000001,9416
2026-07-20T13:00:00+00:00,186.3940000000001,186.4020000000001,186.2930000000001,186.3310000000001,9999
2026-07-20T13:30:00+00:00,186.3310000000001,186.3550000000001,186.2470000000001,186.3300000000001,9909
2026-07-20T14:00:00+00:00,186.3300000000001,186.4390000000001,186.3200000000001,186.4260000000001,12890
2026-07-20T14:30:00+00:00,186.4260000000001,186.4280000000001,186.2070000000001,186.24400000000009,10359
2026-07-20T15:00:00+00:00,186.24400000000009,186.3310000000001,186.24400000000009,186.3260000000001,9890
2026-07-20T15:30:00+00:00,186.3260000000001,186.3780000000001,186.3050000000001,186.3720000000001,8802
2026-07-20T16:00:00+00:00,186.3720000000001,186.4270000000001,186.3580000000001,186.3910000000001,8220
2026-07-20T16:30:00+00:00,186.3910000000001,186.4080000000001,186.3170000000001,186.3270000000001,6812
2026-07-20T17:00:00+00:00,186.3270000000001,186.3360000000001,186.2960000000001,186.3190000000001,6281
2026-07-20T17:30:00+00:00,186.3190000000001,186.3230000000001,186.2830000000001,186.2950000000001,5494
2026-07-20T18:00:00+00:00,186.2950000000001,186.3620000000001,186.2940000000001,186.3490000000001,7161
2026-07-20T18:30:00+00:00,186.3490000000001,186.3710000000001,186.3300000000001,186.3640000000001,7645
2026-07-20T19:00:00+00:00,186.3640000000001,186.3720000000001,186.3300000000001,186.3530000000001,6747
2026-07-20T19:30:00+00:00,186.3530000000001,186.3840000000001,186.3330000000001,186.3840000000001,7352
2026-07-20T20:00:00+00:00,186.3840000000001,186.3890000000001,186.3360000000001,186.3620000000001,3566
2026-07-20T20:30:00+00:00,186.3620000000001,186.3680000000001,186.3090000000001,186.3090000000001,2502
2026-07-20T21:00:00+00:00,186.3090000000001,186.3530000000001,186.2550000000001,186.29100000000008,295.55127037610856
2026-07-20T21:30:00+00:00,186.29100000000008,186.30600000000007,186.25300000000007,186.25500000000008,1651
2026-07-20T22:00:00+00:00,186.25500000000008,186.31500000000008,186.25500000000008,186.30100000000007,1646
2026-07-20T22:30:00+00:00,186.30100000000007,186.32400000000007,186.2990000000001,186.3230000000001,1056
2026-07-20T23:00:00+00:00,186.3230000000001,186.33600000000007,186.30700000000007,186.32500000000007,1538
2026-07-20T23:30:00+00:00,186.32500000000007,186.36000000000007,186.31900000000007,186.35700000000008,2041
2026-07-21T00:00:00+00:00,186.35700000000008,186.37400000000008,186.3170000000001,186.33300000000008,7364
2026-07-21T00:30:00+00:00,186.33300000000008,186.38600000000008,186.32100000000008,186.36600000000007,7879
2026-07-21T01:00:00+00:00,186.36600000000007,186.37400000000008,186.27900000000008,186.32500000000007,6563
2026-07-21T01:30:00+00:00,186.32500000000007,186.37700000000007,186.30100000000007,186.35600000000008,6776
2026-07-21T02:00:00+00:00,186.35600000000008,186.39500000000007,186.3350000000001,186.3350000000001,5356
2026-07-21T02:30:00+00:00,186.3350000000001,186.35100000000008,186.2750000000001,186.2810000000001,7094
2026-07-21T03:00:00+00:00,186.2810000000001,186.3050000000001,186.2680000000001,186.28500000000008,6196
2026-07-21T03:30:00+00:00,186.28500000000008,186.3230000000001,186.28400000000008,186.2980000000001,5110
2026-07-21T04:00:00+00:00,186.2980000000001,186.34200000000007,186.2920000000001,186.3280000000001,4416
2026-07-21T04:30:00+00:00,186.3280000000001,186.39200000000008,186.3230000000001,186.3880000000001,4208
2026-07-21T05:00:00+00:00,186.3880000000001,186.42100000000008,186.36600000000007,186.40700000000007,5610
2026-07-21T05:30:00+00:00,186.40700000000007,186.44400000000007,186.39600000000007,186.40700000000007,7447
2026-07-21T06:00:00+00:00,186.40700000000007,186.49700000000007,186.39500000000007,186.46700000000007,8032
2026-07-21T06:30:00+00:00,186.46700000000007,186.5360000000001,186.45800000000008,186.4890000000001,8486
2026-07-21T07:00:00+00:00,186.4890000000001,186.63500000000008,186.4890000000001,186.60500000000008,8097
2026-07-21T07:30:00+00:00,186.60500000000008,186.62400000000008,186.56200000000007,186.59800000000007,6196
2026-07-21T08:00:00+00:00,186.59800000000007,186.69600000000008,186.57400000000007,186.67600000000007,5989
2026-07-21T08:30:00+00:00,186.67600000000007,186.70000000000007,186.63100000000009,186.6620000000001,4537
2026-07-21T09:00:00+00:00,186.6620000000001,186.7040000000001,186.6440000000001,186.6620000000001,5991
2026-07-21T09:30:00+00:00,186.6620000000001,186.7510000000001,186.6500000000001,186.67000000000007,5785
2026-07-21T10:00:00+00:00,186.67000000000007,186.73200000000008,186.66000000000008,186.72600000000008,7709
2026-07-21T10:30:00+00:00,186.72600000000008,186.7810000000001,186.62900000000008,186.63100000000009,8317
2026-07-21T11:00:00+00:00,186.63100000000009,186.72600000000008,186.62700000000007,186.71900000000008,7015
2026-07-21T11:30:00+00:00,186.71900000000008,186.75600000000009,186.68200000000007,186.69000000000008,6624
2026-07-21T12:00:00+00:00,186.69000000000008,186.71900000000008,186.64000000000007,186.69600000000008,8947
2026-07-21T12:30:00+00:00,186.69600000000008,186.74300000000008,186.60600000000008,186.64500000000007,8397
2026-07-21T13:00:00+00:00,186.64500000000007,186.68400000000008,186.60400000000007,186.62300000000008,9345
2026-07-21T13:30:00+00:00,186.62300000000008,186.73500000000007,186.57000000000008,186.71300000000008,13518
2026-07-21T14:00:00+00:00,186.71300000000008,186.8880000000001,186.70800000000008,186.78900000000007,9515
2026-07-21T14:30:00+00:00,186.78900000000007,186.80900000000008,186.6800000000001,186.79400000000007,12690
2026-07-21T15:00:00+00:00,186.79400000000007,186.80800000000008,186.7210000000001,186.7810000000001,10114
2026-07-21T15:30:00+00:00,186.7810000000001,186.83200000000008,186.76700000000008,186.8170000000001,7435
2026-07-21T16:00:00+00:00,186.8170000000001,186.84900000000007,186.79500000000007,186.81300000000007,5652
2026-07-21T16:30:00+00:00,186.81300000000007,186.8400000000001,186.7870000000001,186.81800000000007,4533
2026-07-21T17:00:00+00:00,186.81800000000007,186.85000000000008,186.7930000000001,186.8280000000001,4311
2026-07-21T17:30:00+00:00,186.8280000000001,186.8400000000001,186.80700000000007,186.82500000000007,5696
2026-07-21T18:00:00+00:00,186.82500000000007,186.94300000000007,186.7920000000001,186.9000000000001,9752
2026-07-21T18:30:00+00:00,186.9000000000001,186.98200000000008,186.8760000000001,186.94400000000007,6803
2026-07-21T19:00:00+00:00,186.94400000000007,186.97400000000007,186.9240000000001,186.93200000000007,7532
2026-07-21T19:30:00+00:00,186.93200000000007,186.95200000000008,186.91600000000008,186.94300000000007,8552
2026-07-21T20:00:00+00:00,186.94300000000007,186.9830000000001,186.93400000000008,186.96300000000008,4785
2026-07-21T20:30:00+00:00,186.96300000000008,186.96700000000007,186.83800000000008,186.8400000000001,4858
2026-07-21T21:00:00+00:00,186.8400000000001,186.8590000000001,186.7690000000001,186.84500000000008,382
2026-07-21T21:30:00+00:00,186.84500000000008,186.87800000000007,186.83300000000008,186.8640000000001,434
2026-07-21T22:00:00+00:00,186.8640000000001,186.90200000000007,186.8640000000001,186.90100000000007,1965
2026-07-21T22:30:00+00:00,186.90100000000007,186.9110000000001,186.88700000000009,186.90900000000008,1307
2026-07-21T23:00:00+00:00,186.90900000000008,186.9300000000001,186.89500000000007,186.91000000000008,2264
2026-07-21T23:30:00+00:00,186.91000000000008,186.95500000000007,186.9060000000001,186.9360000000001,2186
2026-07-22T00:00:00+00:00,186.9360000000001,186.9540000000001,186.8230000000001,186.86700000000008,10236
2026-07-22T00:30:00+00:00,186.86700000000008,186.92100000000008,186.84800000000007,186.90400000000008,10764
2026-07-22T01:00:00+00:00,186.90400000000008,186.94400000000007,186.8940000000001,186.93100000000007,7892
2026-07-22T01:30:00+00:00,186.93100000000007,186.93700000000007,186.87400000000008,186.90200000000007,7002
2026-07-22T02:00:00+00:00,186.90200000000007,186.95500000000007,186.88900000000007,186.92000000000007,6570
2026-07-22T02:30:00+00:00,186.92000000000007,186.93900000000008,186.89800000000008,186.90900000000008,6933
2026-07-22T03:00:00+00:00,186.90900000000008,186.9770000000001,186.90800000000007,186.9540000000001,6643
2026-07-22T03:30:00+00:00,186.9540000000001,186.9840000000001,186.92600000000007,186.98000000000008,5725
2026-07-22T04:00:00+00:00,186.98000000000008,187.01700000000008,186.96200000000007,187.00000000000009,5437
2026-07-22T04:30:00+00:00,187.00000000000009,187.02300000000008,186.98100000000008,187.01400000000007,3844
2026-07-22T05:00:00+00:00,187.01400000000007,187.02700000000007,186.98600000000008,186.99400000000009,6192
2026-07-22T05:30:00+00:00,186.99400000000009,187.00300000000007,186.9060000000001,186.93700000000007,8881
2026-07-22T06:00:00+00:00,186.93700000000007,186.99900000000008,186.91300000000007,186.94300000000007,10607
2026-07-22T06:30:00+00:00,186.94300000000007,187.02800000000008,186.92100000000008,186.97900000000007,7291
2026-07-22T07:00:00+00:00,186.97900000000007,187.05100000000007,186.93300000000008,187.0420000000001,8451
2026-07-22T07:30:00+00:00,187.0420000000001,187.04400000000007,186.61100000000008,186.76700000000008,14369
2026-07-22T08:00:00+00:00,186.76700000000008,186.9170000000001,186.71700000000007,186.90100000000007,10176
2026-07-22T08:30:00+00:00,186.90100000000007,186.92100000000008,186.7920000000001,186.79400000000007,8501
2026-07-22T09:00:00+00:00,186.79400000000007,186.8460000000001,186.78300000000007,186.80600000000007,8565
2026-07-22T09:30:00+00:00,186.80600000000007,186.8940000000001,186.7870000000001,186.79700000000008,8310
2026-07-22T10:00:00+00:00,186.79700000000008,186.86600000000007,186.74900000000008,186.8110000000001,7144
2026-07-22T10:30:00+00:00,186.8110000000001,186.85700000000008,186.74900000000008,186.76600000000008,6994
2026-07-22T11:00:00+00:00,186.76600000000008,186.8050000000001,186.73600000000008,186.79400000000007,7375
2026-07-22T11:30:00+00:00,186.79400000000007,186.88400000000007,186.77900000000008,186.87900000000008,9093
2026-07-22T12:00:00+00:00,186.87900000000008,186.93100000000007,186.86200000000008,186.92000000000007,8639
2026-07-22T12:30:00+00:00,186.92000000000007,186.97400000000007,186.86800000000008,186.93300000000008,9097
2026-07-22T13:00:00+00:00,186.93300000000008,187.03200000000007,186.91000000000008,187.0070000000001,10373
2026-07-22T13:30:00+00:00,187.0070000000001,187.0550000000001,186.96100000000007,186.9710000000001,12993
2026-07-22T14:00:00+00:00,186.9710000000001,187.04700000000008,186.94300000000007,186.9530000000001,11042
2026-07-22T14:30:00+00:00,186.9530000000001,186.97400000000007,186.91000000000008,186.96300000000008,12223
2026-07-22T15:00:00+00:00,186.96300000000008,187.0300000000001,186.92100000000008,187.0250000000001,8953
2026-07-22T15:30:00+00:00,187.0250000000001,187.0300000000001,186.94400000000007,186.99700000000007,10286
2026-07-22T16:00:00+00:00,186.99700000000007,187.00300000000007,186.90100000000007,186.96300000000008,9588
2026-07-22T16:30:00+00:00,186.96300000000008,186.97500000000008,186.9300000000001,186.95700000000008,6558
2026-07-22T17:00:00+00:00,186.95700000000008,187.04600000000008,186.95600000000007,187.0250000000001,7582
2026-07-22T17:30:00+00:00,187.0250000000001,187.04500000000007,187.00800000000007,187.0250000000001,8272
2026-07-22T18:00:00+00:00,187.0250000000001,187.0420000000001,186.99100000000007,186.99700000000007,9562
2026-07-22T18:30:00+00:00,186.99700000000007,187.0130000000001,186.96100000000007,187.00600000000009,6985
2026-07-22T19:00:00+00:00,187.00600000000009,187.03200000000007,187.00200000000007,187.02600000000007,5121
2026-07-22T19:30:00+00:00,187.02600000000007,187.05000000000007,187.00900000000007,187.03400000000008,5372
2026-07-22T20:00:00+00:00,187.03400000000008,187.05700000000007,187.02600000000007,187.0370000000001,3727
2026-07-22T20:30:00+00:00,187.0370000000001,187.06800000000007,186.99100000000007,186.99100000000007,3166
2026-07-22T21:00:00+00:00,186.99100000000007,186.99100000000007,186.90400000000008,186.92700000000008,498.6867625294734
2026-07-22T21:30:00+00:00,186.92700000000008,186.94000000000008,186.9000000000001,186.93300000000008,872
2026-07-22T22:00:00+00:00,186.93300000000008,186.97400000000007,186.9050000000001,186.92800000000008,1668
2026-07-22T22:30:00+00:00,186.92800000000008,186.95200000000008,186.92600000000007,186.94400000000007,1496
2026-07-22T23:00:00+00:00,186.94400000000007,186.97500000000008,186.93400000000008,186.97500000000008,1820
2026-07-22T23:30:00+00:00,186.97500000000008,186.99000000000007,186.96100000000007,186.96700000000007,2290
2026-07-23T00:00:00+00:00,186.96700000000007,187.01100000000008,186.9650000000001,186.98800000000008,7097
2026-07-23T00:30:00+00:00,186.98800000000008,187.05000000000007,186.9830000000001,187.02800000000008,7837
2026-07-23T01:00:00+00:00,187.02800000000008,187.07000000000008,187.01000000000008,187.04700000000008,9358
2026-07-23T01:30:00+00:00,187.04700000000008,187.06400000000008,186.9650000000001,187.0190000000001,10019
2026-07-23T02:00:00+00:00,187.0190000000001,187.0910000000001,187.01700000000008,187.08900000000008,5409
2026-07-23T02:30:00+00:00,187.08900000000008,187.2160000000001,187.08900000000008,187.20800000000008,5750
2026-07-23T03:00:00+00:00,187.20800000000008,187.23500000000007,187.1560000000001,187.21100000000007,7487
2026-07-23T03:30:00+00:00,187.21100000000007,187.23500000000007,187.19900000000007,187.2040000000001,6735
2026-07-23T04:00:00+00:00,187.2040000000001,187.31800000000007,187.19400000000007,187.30000000000007,7084
2026-07-23T04:30:00+00:00,187.30000000000007,187.3220000000001,187.25900000000007,187.29400000000007,5638
2026-07-23T05:00:00+00:00,187.29400000000007,187.3350000000001,187.27100000000007,187.28300000000007,5062
2026-07-23T05:30:00+00:00,187.28300000000007,187.30700000000007,187.24600000000007,187.2920000000001,5613
2026-07-23T06:00:00+00:00,187.2920000000001,187.34400000000008,187.21700000000007,187.22600000000008,7989
2026-07-23T06:30:00+00:00,187.22600000000008,187.2450000000001,187.1800000000001,187.2210000000001,7358
2026-07-23T07:00:00+00:00,187.2210000000001,187.2980000000001,187.20700000000008,187.28500000000008,10058
2026-07-23T07:30:00+00:00,187.28500000000008,187.52600000000007,187.27900000000008,187.44300000000007,14353
2026-07-23T08:00:00+00:00,187.44300000000007,187.47600000000008,187.37800000000007,187.4120000000001,9703
2026-07-23T08:30:00+00:00,187.4120000000001,187.41400000000007,187.2270000000001,187.2390000000001,10438
2026-07-23T09:00:00+00:00,187.2390000000001,187.3160000000001,187.23500000000007,187.27600000000007,7270
2026-07-23T09:30:00+00:00,187.27600000000007,187.3280000000001,187.25300000000007,187.31300000000007,6586
2026-07-23T10:00:00+00:00,187.31300000000007,187.31800000000007,187.1860000000001,187.22000000000008,7866
2026-07-23T10:30:00+00:00,187.22000000000008,187.24400000000009,187.1620000000001,187.18400000000008,8649
2026-07-23T11:00:00+00:00,187.18400000000008,187.1980000000001,187.11700000000008,187.12800000000007,8617
2026-07-23T11:30:00+00:00,187.12800000000007,187.15700000000007,186.89100000000008,187.15100000000007,16553
2026-07-23T12:00:00+00:00,187.15100000000007,187.16600000000008,186.9840000000001,187.0900000000001,10027
2026-07-23T12:30:00+00:00,187.0900000000001,187.21100000000007,187.06400000000008,187.2040000000001,15220
2026-07-23T13:00:00+00:00,187.2040000000001,187.23700000000008,187.06400000000008,187.22300000000007,16822
2026-07-23T13:30:00+00:00,187.22300000000007,187.37400000000008,187.1910000000001,187.32700000000008,16289
2026-07-23T14:00:00+00:00,187.32700000000008,187.35000000000008,187.1680000000001,187.26500000000007,16975
2026-07-23T14:30:00+00:00,187.26500000000007,187.30000000000007,187.19900000000007,187.26600000000008,15219
2026-07-23T15:00:00+00:00,187.26600000000008,187.29400000000007,187.0850000000001,187.20000000000007,15339
2026-07-23T15:30:00+00:00,187.20000000000007,187.2100000000001,187.1380000000001,187.15400000000008,13674
2026-07-23T16:00:00+00:00,187.15400000000008,187.2270000000001,187.15200000000007,187.17700000000008,11405
2026-07-23T16:30:00+00:00,187.17700000000008,187.23500000000007,187.16500000000008,187.2280000000001,9485
2026-07-23T17:00:00+00:00,187.2280000000001,187.23500000000007,187.1620000000001,187.17800000000008,12984
2026-07-23T17:30:00+00:00,187.17800000000008,187.20000000000007,187.15700000000007,187.1740000000001,10294
2026-07-23T18:00:00+00:00,187.1740000000001,187.2030000000001,187.1550000000001,187.17800000000008,7779
2026-07-23T18:30:00+00:00,187.17800000000008,187.2100000000001,187.1670000000001,187.20700000000008,7722
2026-07-23T19:00:00+00:00,187.20700000000008,187.23100000000008,187.1910000000001,187.22400000000007,6826
2026-07-23T19:30:00+00:00,187.22400000000007,187.27200000000008,187.20800000000008,187.25200000000007,8586
2026-07-23T20:00:00+00:00,187.25200000000007,187.28800000000007,187.24600000000007,187.2860000000001,3045
2026-07-23T20:30:00+00:00,187.2860000000001,187.31500000000008,187.21900000000008,187.2220000000001,2535
2026-07-23T21:00:00+00:00,187.2220000000001,187.27300000000005,187.1860000000001,187.26300000000006,243.31324906740966
2026-07-23T21:30:00+00:00,187.26300000000006,187.26300000000006,187.17300000000006,187.18100000000007,1001
2026-07-23T22:00:00+00:00,187.18100000000007,187.29800000000006,187.18100000000007,187.28500000000005,1327
2026-07-23T22:30:00+00:00,187.28500000000005,187.31600000000006,187.26700000000005,187.31500000000005,1144
2026-07-23T23:00:00+00:00,187.31500000000005,187.32100000000005,187.27200000000008,187.27600000000007,1570
2026-07-23T23:30:00+00:00,187.27600000000007,187.28900000000007,187.24100000000007,187.25700000000006,3730
2026-07-24T00:00:00+00:00,187.25700000000006,187.34700000000007,187.24100000000007,187.33000000000007,9838
2026-07-24T00:30:00+00:00,187.33000000000007,187.39600000000007,187.30500000000006,187.34900000000007,9518
2026-07-24T01:00:00+00:00,187.34900000000007,187.40400000000005,187.32500000000007,187.34800000000007,9038
2026-07-24T01:30:00+00:00,187.34800000000007,187.35400000000007,187.28100000000006,187.30400000000006,9001
2026-07-24T02:00:00+00:00,187.30400000000006,187.32600000000008,187.29300000000006,187.31400000000008,6549
2026-07-24T02:30:00+00:00,187.31400000000008,187.32800000000006,187.25300000000007,187.25300000000007,6065
2026-07-24T03:00:00+00:00,187.25300000000007,187.32900000000006,187.23400000000007,187.31500000000005,6290
2026-07-24T03:30:00+00:00,187.31500000000005,187.34100000000007,187.29600000000008,187.30800000000008,5890
2026-07-24T04:00:00+00:00,187.30800000000008,187.35300000000007,187.30100000000007,187.32200000000006,6842
2026-07-24T04:30:00+00:00,187.32200000000006,187.32900000000006,187.25800000000007,187.28400000000008,4385
2026-07-24T05:00:00+00:00,187.28400000000008,187.32100000000005,187.27300000000005,187.30600000000007,4923
2026-07-24T05:30:00+00:00,187.30600000000007,187.34300000000007,187.26000000000008,187.27800000000008,6343
2026-07-24T06:00:00+00:00,187.27800000000008,187.34800000000007,187.22400000000007,187.34200000000007,7630
2026-07-24T06:30:00+00:00,187.34200000000007,187.36300000000006,187.30200000000008,187.34000000000006,7974
2026-07-24T07:00:00+00:00,187.34000000000006,187.46900000000008,187.27400000000006,187.43100000000007,10881
2026-07-24T07:30:00+00:00,187.43100000000007,187.46400000000006,187.39000000000007,187.39500000000007,9036
2026-07-24T08:00:00+00:00,187.39500000000007,187.40300000000008,187.29400000000007,187.31600000000006,8680
2026-07-24T08:30:00+00:00,187.31600000000006,187.34300000000007,187.23800000000006,187.24700000000007,8472
2026-07-24T09:00:00+00:00,187.24700000000007,187.32600000000008,187.24500000000006,187.31800000000007,7435
2026-07-24T09:30:00+00:00,187.31800000000007,187.33000000000007,187.26000000000008,187.28900000000007,7331
2026-07-24T10:00:00+00:00,187.28900000000007,187.38200000000006,187.27100000000007,187.34200000000007,6660
2026-07-24T10:30:00+00:00,187.34200000000007,187.37500000000006,187.28400000000008,187.30800000000008,7560
2026-07-24T11:00:00+00:00,187.30800000000008,187.36300000000006,187.27900000000005,187.28800000000007,7254
2026-07-24T11:30:00+00:00,187.28800000000007,187.28900000000007,187.16000000000005,187.19100000000006,8616
2026-07-24T12:00:00+00:00,187.19100000000006,187.25000000000006,187.15900000000008,187.20500000000007,10261
2026-07-24T12:30:00+00:00,187.20500000000007,187.21800000000007,187.10300000000007,187.16200000000006,8760
2026-07-24T13:00:00+00:00,187.16200000000006,187.22500000000008,187.10500000000008,187.18500000000006,10017
2026-07-24T13:30:00+00:00,187.18500000000006,187.21700000000007,187.13500000000008,187.19500000000008,10273
2026-07-24T14:00:00+00:00,187.19500000000008,187.23300000000006,187.14200000000005,187.18200000000007,11960
2026-07-24T14:30:00+00:00,187.18200000000007,187.22000000000006,187.10600000000008,187.18900000000008,12065
2026-07-24T15:00:00+00:00,187.18900000000008,187.28200000000007,187.18000000000006,187.22600000000006,15821
2026-07-24T15:30:00+00:00,187.22600000000006,187.30500000000006,187.22000000000006,187.24300000000005,9887
2026-07-24T16:00:00+00:00,187.24300000000005,187.26900000000006,187.20900000000006,187.23900000000006,7546
2026-07-24T16:30:00+00:00,187.23900000000006,187.24400000000006,187.19700000000006,187.21000000000006,7231
2026-07-24T17:00:00+00:00,187.21000000000006,187.22500000000008,187.11400000000006,187.14700000000008,8855
2026-07-24T17:30:00+00:00,187.14700000000008,187.16100000000006,187.10100000000006,187.11300000000006,6499
2026-07-24T18:00:00+00:00,187.11300000000006,187.13700000000006,187.09400000000008,187.13500000000008,5494
2026-07-24T18:30:00+00:00,187.13500000000008,187.15700000000007,187.12100000000007,187.15000000000006,4484
2026-07-24T19:00:00+00:00,187.15000000000006,187.15700000000007,187.12500000000006,187.13900000000007,4178
2026-07-24T19:30:00+00:00,187.13900000000007,187.17700000000008,187.13400000000007,187.16300000000007,5132
2026-07-24T20:00:00+00:00,187.16300000000007,187.17300000000006,187.13800000000006,187.14900000000006,1960
2026-07-24T20:30:00+00:00,187.14900000000006,187.18000000000006,186.273,186.279,2852
2026-07-26T21:00:00+00:00,186.279,186.37699999999998,186.22699999999998,186.356,1009.4424487987571
2026-07-26T21:30:00+00:00,186.356,186.397,186.23199999999997,186.26299999999998,1397
2026-07-26T22:00:00+00:00,186.26299999999998,186.40699999999998,186.26299999999998,186.398,4779
2026-07-26T22:30:00+00:00,186.398,186.39899999999997,186.34499999999997,186.35399999999998,1825
2026-07-26T23:00:00+00:00,186.35399999999998,186.36999999999998,186.32899999999998,186.337,3066
2026-07-26T23:30:00+00:00,186.337,186.38,186.325,186.356,4032
2026-07-27T00:00:00+00:00,186.356,186.546,186.32699999999997,186.529,11892
2026-07-27T00:30:00+00:00,186.529,186.557,186.45,186.48299999999998,9424
2026-07-27T01:00:00+00:00,186.48299999999998,186.53199999999998,186.44799999999998,186.48299999999998,7662
2026-07-27T01:30:00+00:00,186.48299999999998,186.52999999999997,186.44199999999998,186.51799999999997,7107
2026-07-27T02:00:00+00:00,186.51799999999997,186.53699999999998,186.47899999999998,186.498,6107
2026-07-27T02:30:00+00:00,186.498,186.511,186.46499999999997,186.48399999999998,5131
2026-07-27T03:00:00+00:00,186.48399999999998,186.50099999999998,186.45,186.468,5033
2026-07-27T03:30:00+00:00,186.468,186.48,186.44699999999997,186.45399999999998,4481
2026-07-27T04:00:00+00:00,186.45399999999998,186.457,186.433,186.445,3672
2026-07-27T04:30:00+00:00,186.445,186.47699999999998,186.44099999999997,186.45499999999998,3770
2026-07-27T05:00:00+00:00,186.45499999999998,186.521,186.444,186.48499999999999,4407
2026-07-27T05:30:00+00:00,186.48499999999999,186.52599999999998,186.44799999999998,186.51,4851
2026-07-27T06:00:00+00:00,186.51,186.59499999999997,186.49399999999997,186.59099999999998,8714
2026-07-27T06:30:00+00:00,186.59099999999998,186.65599999999998,186.46399999999997,186.46399999999997,8999
2026-07-27T07:00:00+00:00,186.46399999999997,186.46499999999997,186.22699999999998,186.23299999999998,11961
2026-07-27T07:30:00+00:00,186.23299999999998,186.332,186.213,186.27399999999997,10415
2026-07-27T08:00:00+00:00,186.27399999999997,186.308,186.25099999999998,186.278,10325
2026-07-27T08:30:00+00:00,186.278,186.378,186.278,186.368,7992
2026-07-27T09:00:00+00:00,186.368,186.409,186.31699999999998,186.319,9246
2026-07-27T09:30:00+00:00,186.319,186.36599999999999,186.266,186.28699999999998,7325
2026-07-27T10:00:00+00:00,186.28699999999998,186.367,186.27999999999997,186.326,8948
2026-07-27T10:30:00+00:00,186.326,186.39,186.32399999999998,186.337,9088
2026-07-27T11:00:00+00:00,186.337,186.355,186.31599999999997,186.326,8257
2026-07-27T11:30:00+00:00,186.326,186.35899999999998,186.22699999999998,186.259,10186
2026-07-27T12:00:00+00:00,186.259,186.31099999999998,186.218,186.224,9714
2026-07-27T12:30:00+00:00,186.224,186.277,186.14399999999998,186.24999999999997,9233
2026-07-27T13:00:00+00:00,186.24999999999997,186.284,186.176,186.20899999999997,11705
2026-07-27T13:30:00+00:00,186.20899999999997,186.248,186.14399999999998,186.17,12116
2026-07-27T14:00:00+00:00,186.17,186.18399999999997,186.118,186.118,11099
2026-07-27T14:30:00+00:00,186.118,186.166,186.08299999999997,186.09699999999998,11471
2026-07-27T15:00:00+00:00,186.09699999999998,186.11499999999998,186.041,186.10999999999999,10205
2026-07-27T15:30:00+00:00,186.10999999999999,186.165,186.08499999999998,186.14299999999997,9516
2026-07-27T16:00:00+00:00,186.14299999999997,186.20199999999997,186.117,186.16299999999998,10867
2026-07-27T16:30:00+00:00,186.16299999999998,186.176,186.13899999999998,186.152,8130
2026-07-27T17:00:00+00:00,186.152,186.15699999999998,186.04899999999998,186.058,9946
2026-07-27T17:30:00+00:00,186.058,186.117,186.04699999999997,186.11399999999998,7841
2026-07-27T18:00:00+00:00,186.11399999999998,186.11599999999999,186.076,186.08999999999997,6536
2026-07-27T18:30:00+00:00,186.08999999999997,186.11499999999998,186.06099999999998,186.105,7672
2026-07-27T19:00:00+00:00,186.105,186.11399999999998,186.064,186.08899999999997,4586
2026-07-27T19:30:00+00:00,186.08899999999997,186.10399999999998,186.064,186.08899999999997,6784
2026-07-27T20:00:00+00:00,186.08899999999997,186.13,186.087,186.106,2486
2026-07-27T20:30:00+00:00,186.106,186.10799999999998,186.028,186.028,2583
2026-07-27T21:00:00+00:00,186.028,186.07699999999997,185.95899999999997,186.034,978
2026-07-27T21:30:00+00:00,186.034,186.09699999999998,186.02499999999998,186.06099999999998,4461
2026-07-27T22:00:00+00:00,186.06099999999998,186.11399999999998,186.033,186.09699999999998,1524
2026-07-27T22:30:00+00:00,186.09699999999998,186.10299999999998,186.07999999999998,186.08299999999997,839
2026-07-27T23:00:00+00:00,186.08299999999997,186.09499999999997,186.05999999999997,186.093,2046
2026-07-27T23:30:00+00:00,186.093,186.123,186.076,186.12099999999998,2483
2026-07-28T00:00:00+00:00,186.12099999999998,186.176,186.10099999999997,186.16899999999998,7989
2026-07-28T00:30:00+00:00,186.16899999999998,186.19099999999997,186.135,186.17,8385
2026-07-28T01:00:00+00:00,186.17,186.22099999999998,186.158,186.188,7995
2026-07-28T01:30:00+00:00,186.188,186.207,186.14899999999997,186.171,7394
2026-07-28T02:00:00+00:00,186.171,186.213,186.135,186.13899999999998,6615
2026-07-28T02:30:00+00:00,186.13899999999998,186.188,186.13099999999997,186.176,7208
2026-07-28T03:00:00+00:00,186.176,186.21699999999998,186.159,186.19899999999998,6809
2026-07-28T03:30:00+00:00,186.19899999999998,186.23399999999998,186.17799999999997,186.19099999999997,7095
2026-07-28T04:00:00+00:00,186.19099999999997,186.194,186.12499999999997,186.135,5758
2026-07-28T04:30:00+00:00,186.135,186.148,186.069,186.08299999999997,4526
2026-07-28T05:00:00+00:00,186.08299999999997,186.093,185.96399999999997,185.99699999999999,6296
2026-07-28T05:30:00+00:00,185.99699999999999,186.03799999999998,185.986,186.022,7192
2026-07-28T06:00:00+00:00,186.022,186.064,185.97899999999998,186.058,8868
2026-07-28T06:30:00+00:00,186.058,186.082,185.98899999999998,186.034,8411
2026-07-28T07:00:00+00:00,186.034,186.14299999999997,186.01799999999997,186.10799999999998,9523
2026-07-28T07:30:00+00:00,186.10799999999998,186.136,186.03699999999998,186.05299999999997,8282
2026-07-28T08:00:00+00:00,186.05299999999997,186.20499999999998,186.052,186.20299999999997,10130
2026-07-28T08:30:00+00:00,186.20299999999997,186.231,186.16099999999997,186.22699999999998,7969
2026-07-28T09:00:00+00:00,186.22699999999998,186.23899999999998,186.10899999999998,186.12099999999998,4945
2026-07-28T09:30:00+00:00,186.12099999999998,186.12499999999997,186.015,186.02399999999997,6865
2026-07-28T10:00:00+00:00,186.02399999999997,186.10399999999998,185.99099999999999,186.082,7658
2026-07-28T10:30:00+00:00,186.082,186.194,186.07799999999997,186.16099999999997,6994
2026-07-28T11:00:00+00:00,186.16099999999997,186.22099999999998,186.094,186.22099999999998,7443
2026-07-28T11:30:00+00:00,186.22099999999998,186.271,186.16299999999998,186.22799999999998,8862
2026-07-28T12:00:00+00:00,186.22799999999998,186.254,186.13199999999998,186.14399999999998,7459
2026-07-28T12:30:00+00:00,186.14399999999998,186.20799999999997,186.118,186.17899999999997,8698
2026-07-28T13:00:00+00:00,186.17899999999997,186.22899999999998,186.17499999999998,186.201,8150
2026-07-28T13:30:00+00:00,186.201,186.25199999999998,186.18999999999997,186.23799999999997,13884
2026-07-28T14:00:00+00:00,186.23799999999997,186.33999999999997,186.219,186.33999999999997,11257
2026-07-28T14:30:00+00:00,186.33999999999997,186.504,186.31699999999998,186.48899999999998,12981
2026-07-28T15:00:00+00:00,186.48899999999998,186.523,186.432,186.46499999999997,17381
2026-07-28T15:30:00+00:00,186.46499999999997,186.53799999999998,186.45299999999997,186.48399999999998,14402
2026-07-28T16:00:00+00:00,186.48399999999998,186.59599999999998,186.48399999999998,186.59199999999998,10333
2026-07-28T16:30:00+00:00,186.59199999999998,186.60399999999998,186.51399999999998,186.51899999999998,9957
2026-07-28T17:00:00+00:00,186.51899999999998,186.54299999999998,186.48199999999997,186.50699999999998,10317
2026-07-28T17:30:00+00:00,186.50699999999998,186.522,186.47299999999998,186.48,9424
2026-07-28T18:00:00+00:00,186.48,186.504,186.44299999999998,186.47199999999998,7914
2026-07-28T18:30:00+00:00,186.47199999999998,186.503,186.468,186.503,5850
2026-07-28T19:00:00+00:00,186.503,186.551,186.49399999999997,186.527,5814
2026-07-28T19:30:00+00:00,186.527,186.557,186.504,186.50599999999997,7738
2026-07-28T20:00:00+00:00,186.50599999999997,186.53599999999997,186.48899999999998,186.49999999999997,3932
2026-07-28T20:30:00+00:00,186.49999999999997,186.517,186.45399999999998,186.45399999999998,6068
2026-07-28T21:00:00+00:00,186.45399999999998,186.55599999999998,186.379,186.49999999999997,536
2026-07-28T21:30:00+00:00,186.49999999999997,186.536,186.492,186.499,763.6066213921902
2026-07-28T22:00:00+00:00,186.499,186.53199999999998,186.452,186.458,1965
2026-07-28T22:30:00+00:00,186.458,186.492,186.458,186.464,1926
2026-07-28T23:00:00+00:00,186.464,186.47899999999998,186.42899999999997,186.47799999999998,2706
2026-07-28T23:30:00+00:00,186.47799999999998,186.505,186.46699999999998,186.504,2537
2026-07-29T00:00:00+00:00,186.504,186.511,186.44199999999998,186.47799999999998,8451
2026-07-29T00:30:00+00:00,186.47799999999998,186.493,186.326,186.39499999999998,8484
2026-07-29T01:00:00+00:00,186.39499999999998,186.462,186.37599999999998,186.427,8882
2026-07-29T01:30:00+00:00,186.427,186.44099999999997,186.375,186.42299999999997,10035
2026-07-29T02:00:00+00:00,186.42299999999997,186.474,186.396,186.44699999999997,7502
2026-07-29T02:30:00+00:00,186.44699999999997,186.48999999999998,186.41,186.47299999999998,7071
2026-07-29T03:00:00+00:00,186.47299999999998,186.50699999999998,186.457,186.48899999999998,6176
2026-07-29T03:30:00+00:00,186.48899999999998,186.50799999999998,186.38899999999998,186.404,7181
2026-07-29T04:00:00+00:00,186.404,186.41799999999998,186.302,186.31199999999998,8307
2026-07-29T04:30:00+00:00,186.31199999999998,186.33599999999998,186.10199999999998,186.244,14495
2026-07-29T05:00:00+00:00,186.244,186.284,186.159,186.177,6859
2026-07-29T05:30:00+00:00,186.177,186.28,186.172,186.274,9008
2026-07-29T06:00:00+00:00,186.274,186.332,186.20499999999998,186.265,9588
2026-07-29T06:30:00+00:00,186.265,186.297,186.178,186.213,10253
2026-07-29T07:00:00+00:00,186.213,186.35799999999998,186.195,186.35799999999998,10150
2026-07-29T07:30:00+00:00,186.35799999999998,186.49699999999999,186.34599999999998,186.47899999999998,9655
2026-07-29T08:00:00+00:00,186.47899999999998,186.49499999999998,186.355,186.369,9427
2026-07-29T08:30:00+00:00,186.369,186.39999999999998,186.333,186.35,7844
2026-07-29T09:00:00+00:00,186.35,186.363,186.259,186.272,7390
2026-07-29T09:30:00+00:00,186.272,186.35199999999998,186.22799999999998,186.31199999999998,8041
2026-07-29T10:00:00+00:00,186.31199999999998,186.34799999999998,186.25599999999997,186.33399999999997,9050
2026-07-29T10:30:00+00:00,186.33399999999997,186.36799999999997,186.24399999999997,186.26099999999997,6805
2026-07-29T11:00:00+00:00,186.26099999999997,186.32799999999997,186.25599999999997,186.26899999999998,7027
2026-07-29T11:30:00+00:00,186.26899999999998,186.301,186.18399999999997,186.19499999999996,7660
2026-07-29T12:00:00+00:00,186.19499999999996,186.26999999999998,186.17199999999997,186.23199999999997,11541
2026-07-29T12:30:00+00:00,186.23199999999997,186.34099999999998,186.21699999999998,186.30599999999998,9237
2026-07-29T13:00:00+00:00,186.30599999999998,186.37399999999997,186.265,186.36499999999998,8964
2026-07-29T13:30:00+00:00,186.36499999999998,186.47799999999998,186.35199999999998,186.47099999999998,10356
2026-07-29T14:00:00+00:00,186.47099999999998,186.52199999999996,186.42899999999997,186.51999999999998,10870
2026-07-29T14:30:00+00:00,186.51999999999998,186.59799999999998,186.43699999999998,186.44899999999998,13691
2026-07-29T15:00:00+00:00,186.44899999999998,186.47199999999998,186.37899999999996,186.38599999999997,10845
2026-07-29T15:30:00+00:00,186.38599999999997,186.46499999999997,186.36899999999997,186.44699999999997,8376
2026-07-29T16:00:00+00:00,186.44699999999997,186.46599999999998,186.39399999999998,186.46499999999997,8567
2026-07-29T16:30:00+00:00,186.46499999999997,186.52599999999998,186.42199999999997,186.52499999999998,5687
2026-07-29T17:00:00+00:00,186.52499999999998,186.58399999999997,186.51599999999996,186.56899999999996,6874
2026-07-29T17:30:00+00:00,186.56899999999996,186.63699999999997,186.52799999999996,186.52799999999996,8442
2026-07-29T18:00:00+00:00,186.52799999999996,186.81199999999998,186.47099999999998,186.73799999999997,20123
2026-07-29T18:30:00+00:00,186.73799999999997,186.98899999999998,186.58599999999998,186.95399999999998,25364
2026-07-29T19:00:00+00:00,186.95399999999998,187.13099999999997,186.90099999999998,187.05599999999998,27851
2026-07-29T19:30:00+00:00,187.05599999999998,187.18899999999996,187.015,187.11499999999998,19778
2026-07-29T20:00:00+00:00,187.11499999999998,187.289,187.11199999999997,187.28699999999998,7718
2026-07-29T20:30:00+00:00,187.28699999999998,187.40099999999998,187.25499999999997,187.259,13797
2026-07-29T21:00:00+00:00,187.259,187.259,187.10899999999998,187.22699999999998,2287
2026-07-29T21:30:00+00:00,187.22699999999998,187.27199999999996,187.18399999999997,187.20099999999996,2204
2026-07-29T22:00:00+00:00,187.20099999999996,187.36399999999998,187.20099999999996,187.35899999999998,3221
2026-07-29T22:30:00+00:00,187.35899999999998,187.36199999999997,187.34499999999997,187.35799999999998,1532
2026-07-29T23:00:00+00:00,187.35799999999998,187.35899999999998,187.265,187.265,3963
2026-07-29T23:30:00+00:00,187.265,187.27499999999998,187.18099999999998,187.18999999999997,4692
2026-07-30T00:00:00+00:00,187.18999999999997,187.24499999999998,187.08299999999997,187.23899999999998,12157
2026-07-30T00:30:00+00:00,187.23899999999998,187.25799999999998,187.14999999999998,187.25599999999997,11191
2026-07-30T01:00:00+00:00,187.25599999999997,187.259,187.18799999999996,187.20799999999997,8917
2026-07-30T01:30:00+00:00,187.20799999999997,187.23899999999998,187.17299999999997,187.18999999999997,6868
2026-07-30T02:00:00+00:00,187.18999999999997,187.19599999999997,187.14099999999996,187.164,5365
2026-07-30T02:30:00+00:00,187.164,187.18499999999997,187.14899999999997,187.16599999999997,5215
2026-07-30T03:00:00+00:00,187.16599999999997,187.21299999999997,187.13299999999998,187.15599999999998,6896
2026-07-30T03:30:00+00:00,187.15599999999998,187.20299999999997,187.12999999999997,187.13199999999998,5256
2026-07-30T04:00:00+00:00,187.13199999999998,187.17699999999996,187.12099999999998,187.15999999999997,5091
2026-07-30T04:30:00+00:00,187.15999999999997,187.17299999999997,187.13799999999998,187.14199999999997,5160
2026-07-30T05:00:00+00:00,187.14199999999997,187.22899999999998,187.14,187.21499999999997,5379
2026-07-30T05:30:00+00:00,187.21499999999997,187.23599999999996,187.164,187.17699999999996,6846
2026-07-30T06:00:00+00:00,187.17699999999996,187.21299999999997,187.13899999999998,187.16699999999997,8509
2026-07-30T06:30:00+00:00,187.16699999999997,187.28199999999998,187.14199999999997,187.24599999999998,8276
2026-07-30T07:00:00+00:00,187.24599999999998,187.28099999999998,187.07999999999998,187.09499999999997,11498
2026-07-30T07:30:00+00:00,187.09499999999997,187.20699999999997,187.09399999999997,187.19299999999998,8919
2026-07-30T08:00:00+00:00,187.19299999999998,187.34899999999996,187.18399999999997,187.33799999999997,9465
2026-07-30T08:30:00+00:00,187.33799999999997,187.35199999999998,187.24299999999997,187.28899999999996,9297
2026-07-30T09:00:00+00:00,187.28899999999996,187.34499999999997,187.25499999999997,187.29599999999996,11637
2026-07-30T09:30:00+00:00,187.29599999999996,187.31299999999996,187.13799999999998,187.16499999999996,11137
2026-07-30T10:00:00+00:00,187.16499999999996,187.16799999999998,186.24399999999997,186.78599999999997,27743
2026-07-30T10:30:00+00:00,186.78599999999997,186.85799999999998,186.69099999999997,186.74499999999998,17878
2026-07-30T11:00:00+00:00,186.74499999999998,186.83599999999996,186.67699999999996,186.81499999999997,12857
2026-07-30T11:30:00+00:00,186.81499999999997,186.87799999999996,186.77199999999996,186.86499999999998,10156
2026-07-30T12:00:00+00:00,186.86499999999998,186.94899999999996,186.86299999999997,186.87099999999998,12376
2026-07-30T12:30:00+00:00,186.87099999999998,186.90799999999996,186.72899999999996,186.88899999999998,18764
2026-07-30T13:00:00+00:00,186.88899999999998,186.89299999999997,186.73799999999997,186.81099999999998,18069
2026-07-30T13:30:00+00:00,186.81099999999998,186.84499999999997,184.01699999999997,184.02699999999996,66792
2026-07-30T14:00:00+00:00,184.02699999999996,184.17199999999997,182.04799999999997,183.38799999999998,70193
2026-07-30T14:30:00+00:00,183.38799999999998,183.73299999999998,182.80899999999997,183.16199999999998,27362
2026-07-30T15:00:00+00:00,183.16199999999998,183.55999999999997,182.77499999999998,183.55499999999998,21842
2026-07-30T15:30:00+00:00,183.55499999999998,183.68999999999997,183.46299999999997,183.66899999999998,18642
2026-07-30T16:00:00+00:00,183.66899999999998,183.78299999999996,183.64599999999996,183.76599999999996,17267
2026-07-30T16:30:00+00:00,183.76599999999996,183.94599999999997,183.73899999999998,183.90099999999998,12185
2026-07-30T17:00:00+00:00,183.90099999999998,184.07399999999996,183.88099999999997,184.00299999999996,10062
2026-07-30T17:30:00+00:00,184.00299999999996,184.01199999999997,182.61299999999997,183.24999999999997,24671
2026-07-30T18:00:00+00:00,183.24999999999997,183.35499999999996,183.15199999999996,183.28599999999997,14350
2026-07-30T18:30:00+00:00,183.28599999999997,183.37799999999996,183.21899999999997,183.23099999999997,9794
2026-07-30T19:00:00+00:00,183.23099999999997,183.67499999999998,183.23099999999997,183.65999999999997,9353
2026-07-30T19:30:00+00:00,183.65999999999997,183.77299999999997,183.60599999999997,183.68399999999997,7996
2026-07-30T20:00:00+00:00,183.68399999999997,183.84099999999998,183.66099999999997,183.80699999999996,5425
2026-07-30T20:30:00+00:00,183.80699999999996,183.92799999999997,183.66599999999997,183.81799999999996,4960
2026-07-30T21:00:00+00:00,183.81799999999996,183.81799999999996,183.57999999999998,183.68599999999998,467.0249803719596
2026-07-30T21:30:00+00:00,183.68599999999998,183.833,183.676,183.831,567
2026-07-30T22:00:00+00:00,183.831,184.01399999999998,183.72799999999998,183.962,4521
2026-07-30T22:30:00+00:00,183.962,183.97899999999998,183.61499999999998,183.904,8164
2026-07-30T23:00:00+00:00,183.904,184.14899999999997,183.821,184.136,9794
2026-07-30T23:30:00+00:00,184.136,184.462,184.11599999999999,184.42899999999997,10791
2026-07-31T00:00:00+00:00,184.42899999999997,184.63899999999998,184.41299999999998,184.515,16778
2026-07-31T00:30:00+00:00,184.515,184.93699999999998,184.49599999999998,184.74699999999999,18939
2026-07-31T01:00:00+00:00,184.74699999999999,184.867,184.547,184.7,15512
2026-07-31T01:30:00+00:00,184.7,184.86499999999998,184.67899999999997,184.849,13983
2026-07-31T02:00:00+00:00,184.849,184.849,184.664,184.74699999999999,10274
2026-07-31T02:30:00+00:00,184.74699999999999,184.791,184.546,184.61899999999997,8218
2026-07-31T03:00:00+00:00,184.61899999999997,185.004,184.575,184.94,11290
2026-07-31T03:30:00+00:00,184.94,184.97199999999998,184.58399999999997,184.76299999999998,9820
2026-07-31T04:00:00+00:00,184.76299999999998,184.88899999999998,184.70499999999998,184.85799999999998,8790
2026-07-31T04:30:00+00:00,184.85799999999998,184.85999999999999,184.72299999999998,184.75799999999998,7721
2026-07-31T05:00:00+00:00,184.75799999999998,184.778,184.624,184.772,11541
2026-07-31T05:30:00+00:00,184.772,184.78199999999998,184.60299999999998,184.63199999999998,13047
2026-07-31T06:00:00+00:00,184.63199999999998,184.683,184.446,184.557,18283
2026-07-31T06:30:00+00:00,184.557,184.69099999999997,184.12199999999999,184.44199999999998,27590
2026-07-31T07:00:00+00:00,184.44199999999998,184.65599999999998,184.408,184.63299999999998,18130
2026-07-31T07:30:00+00:00,184.63299999999998,184.86399999999998,184.30399999999997,184.30399999999997,21982
2026-07-31T08:00:00+00:00,184.30399999999997,184.563,184.194,184.28199999999998,20505
2026-07-31T08:30:00+00:00,184.28199999999998,184.29899999999998,182.552,182.94899999999998,29388
2026-07-31T09:00:00+00:00,182.94899999999998,183.82999999999998,182.59799999999998,183.82399999999998,46753
2026-07-31T09:30:00+00:00,183.82399999999998,184.011,183.38799999999998,183.92299999999997,15527
2026-07-31T10:00:00+00:00,183.92299999999997,184.053,183.78599999999997,183.82799999999997,13251
2026-07-31T10:30:00+00:00,183.82799999999997,183.90699999999998,183.765,183.86299999999997,11791
2026-07-31T11:00:00+00:00,183.86299999999997,183.92399999999998,183.78199999999998,183.892,12391
2026-07-31T11:30:00+00:00,183.892,183.98399999999998,183.79999999999998,183.84499999999997,12113
2026-07-31T12:00:00+00:00,183.84499999999997,184.06699999999998,183.79,183.98799999999997,12408
2026-07-31T12:30:00+00:00,183.98799999999997,184.12699999999998,183.946,184.08399999999997,10412
2026-07-31T13:00:00+00:00,184.08399999999997,184.20999999999998,183.24399999999997,183.302,29597
2026-07-31T13:30:00+00:00,183.302,183.35199999999998,182.38899999999998,182.725,43623
2026-07-31T14:00:00+00:00,182.725,182.843,182.033,182.64,37646
2026-07-31T14:30:00+00:00,182.64,183.23,182.63799999999998,183.04,29774
2026-07-31T15:00:00+00:00,183.04,183.16099999999997,182.589,183.15699999999998,29123
2026-07-31T15:30:00+00:00,183.15699999999998,183.224,183.039,183.17399999999998,15831
2026-07-31T16:00:00+00:00,183.17399999999998,183.243,183.08999999999997,183.16899999999998,10889
2026-07-31T16:30:00+00:00,183.16899999999998,183.391,183.13099999999997,183.38699999999997,7610
2026-07-31T17:00:00+00:00,183.38699999999997,183.61899999999997,182.79299999999998,182.802,14114
2026-07-31T17:30:00+00:00,182.802,183.082,182.285,182.658,36415
2026-07-31T18:00:00+00:00,182.658,182.986,182.46499999999997,182.93699999999998,21622
2026-07-31T18:30:00+00:00,182.93699999999998,183.236,182.89299999999997,183.059,19051
2026-07-31T19:00:00+00:00,183.059,183.296,183.059,183.22799999999998,8105
2026-07-31T19:30:00+00:00,183.22799999999998,183.404,183.22299999999998,183.39499999999998,18652
2026-07-31T20:00:00+00:00,183.39499999999998,183.404,182.11299999999997,182.14399999999998,25938
2026-07-31T20:30:00+00:00,182.14399999999998,182.309,181.195,181.305,31458
